ISO-10303-21;
HEADER;
FILE_DESCRIPTION(('Open CASCADE Model'),'2;1');
FILE_NAME('Open CASCADE Shape Model','1970-01-01T00:00:00',('Author'),(
    'Open CASCADE'),'Open CASCADE STEP processor 7.8','Open CASCADE 7.8'
  ,'Unknown');
FILE_SCHEMA(('AUTOMOTIVE_DESIGN { 1 0 10303 214 1 1 1 1 }'));
ENDSEC;
DATA;
#1 = APPLICATION_PROTOCOL_DEFINITION('international standard',
  'automotive_design',2000,#2);
#2 = APPLICATION_CONTEXT(
  'core data for automotive mechanical design processes');
#3 = SHAPE_DEFINITION_REPRESENTATION(#4,#10);
#4 = PRODUCT_DEFINITION_SHAPE('','',#5);
#5 = PRODUCT_DEFINITION('design','',#6,#9);
#6 = PRODUCT_DEFINITION_FORMATION('','',#7);
#7 = PRODUCT('Open CASCADE STEP translator 7.8 20',
  'Open CASCADE STEP translator 7.8 20','',(#8));
#8 = PRODUCT_CONTEXT('',#2,'mechanical');
#9 = PRODUCT_DEFINITION_CONTEXT('part definition',#2,'design');
#10 = SHAPE_REPRESENTATION('',(#11,#15,#19,#23,#27,#31,#35,#39,#43,#47,
    #51,#55,#59,#63,#67,#71,#75,#79,#83,#87,#91,#95,#99,#103,#107,#111,
    #115,#119,#123,#127,#131,#135,#139,#143,#147,#151),#155);
#11 = AXIS2_PLACEMENT_3D('',#12,#13,#14);
#12 = CARTESIAN_POINT('',(0.,0.,0.));
#13 = DIRECTION('',(0.,0.,1.));
#14 = DIRECTION('',(1.,0.,-0.));
#15 = AXIS2_PLACEMENT_3D('',#16,#17,#18);
#16 = CARTESIAN_POINT('',(0.,0.,0.));
#17 = DIRECTION('',(0.,0.,1.));
#18 = DIRECTION('',(1.,0.,-0.));
#19 = AXIS2_PLACEMENT_3D('',#20,#21,#22);
#20 = CARTESIAN_POINT('',(0.,0.,0.));
#21 = DIRECTION('',(0.,0.,1.));
#22 = DIRECTION('',(1.,0.,-0.));
#23 = AXIS2_PLACEMENT_3D('',#24,#25,#26);
#24 = CARTESIAN_POINT('',(0.,0.,0.));
#25 = DIRECTION('',(0.,0.,1.));
#26 = DIRECTION('',(1.,0.,-0.));
#27 = AXIS2_PLACEMENT_3D('',#28,#29,#30);
#28 = CARTESIAN_POINT('',(0.,0.,0.));
#29 = DIRECTION('',(0.,0.,1.));
#30 = DIRECTION('',(1.,0.,-0.));
#31 = AXIS2_PLACEMENT_3D('',#32,#33,#34);
#32 = CARTESIAN_POINT('',(0.,0.,0.));
#33 = DIRECTION('',(0.,0.,1.));
#34 = DIRECTION('',(1.,0.,-0.));
#35 = AXIS2_PLACEMENT_3D('',#36,#37,#38);
#36 = CARTESIAN_POINT('',(0.,0.,0.));
#37 = DIRECTION('',(0.,0.,1.));
#38 = DIRECTION('',(1.,0.,-0.));
#39 = AXIS2_PLACEMENT_3D('',#40,#41,#42);
#40 = CARTESIAN_POINT('',(0.,0.,0.));
#41 = DIRECTION('',(0.,0.,1.));
#42 = DIRECTION('',(1.,0.,-0.));
#43 = AXIS2_PLACEMENT_3D('',#44,#45,#46);
#44 = CARTESIAN_POINT('',(0.,0.,0.));
#45 = DIRECTION('',(0.,0.,1.));
#46 = DIRECTION('',(1.,0.,-0.));
#47 = AXIS2_PLACEMENT_3D('',#48,#49,#50);
#48 = CARTESIAN_POINT('',(0.,0.,0.));
#49 = DIRECTION('',(0.,0.,1.));
#50 = DIRECTION('',(1.,0.,-0.));
#51 = AXIS2_PLACEMENT_3D('',#52,#53,#54);
#52 = CARTESIAN_POINT('',(0.,0.,0.));
#53 = DIRECTION('',(0.,0.,1.));
#54 = DIRECTION('',(1.,0.,-0.));
#55 = AXIS2_PLACEMENT_3D('',#56,#57,#58);
#56 = CARTESIAN_POINT('',(0.,0.,0.));
#57 = DIRECTION('',(0.,0.,1.));
#58 = DIRECTION('',(1.,0.,-0.));
#59 = AXIS2_PLACEMENT_3D('',#60,#61,#62);
#60 = CARTESIAN_POINT('',(0.,0.,0.));
#61 = DIRECTION('',(0.,0.,1.));
#62 = DIRECTION('',(1.,0.,-0.));
#63 = AXIS2_PLACEMENT_3D('',#64,#65,#66);
#64 = CARTESIAN_POINT('',(0.,0.,0.));
#65 = DIRECTION('',(0.,0.,1.));
#66 = DIRECTION('',(1.,0.,-0.));
#67 = AXIS2_PLACEMENT_3D('',#68,#69,#70);
#68 = CARTESIAN_POINT('',(0.,0.,0.));
#69 = DIRECTION('',(0.,0.,1.));
#70 = DIRECTION('',(1.,0.,-0.));
#71 = AXIS2_PLACEMENT_3D('',#72,#73,#74);
#72 = CARTESIAN_POINT('',(0.,0.,0.));
#73 = DIRECTION('',(0.,0.,1.));
#74 = DIRECTION('',(1.,0.,-0.));
#75 = AXIS2_PLACEMENT_3D('',#76,#77,#78);
#76 = CARTESIAN_POINT('',(0.,0.,0.));
#77 = DIRECTION('',(0.,0.,1.));
#78 = DIRECTION('',(1.,0.,-0.));
#79 = AXIS2_PLACEMENT_3D('',#80,#81,#82);
#80 = CARTESIAN_POINT('',(0.,0.,0.));
#81 = DIRECTION('',(0.,0.,1.));
#82 = DIRECTION('',(1.,0.,-0.));
#83 = AXIS2_PLACEMENT_3D('',#84,#85,#86);
#84 = CARTESIAN_POINT('',(0.,0.,0.));
#85 = DIRECTION('',(0.,0.,1.));
#86 = DIRECTION('',(1.,0.,-0.));
#87 = AXIS2_PLACEMENT_3D('',#88,#89,#90);
#88 = CARTESIAN_POINT('',(0.,0.,0.));
#89 = DIRECTION('',(0.,0.,1.));
#90 = DIRECTION('',(1.,0.,0.));
#91 = AXIS2_PLACEMENT_3D('',#92,#93,#94);
#92 = CARTESIAN_POINT('',(0.,0.,0.));
#93 = DIRECTION('',(0.,0.,1.));
#94 = DIRECTION('',(1.,0.,-0.));
#95 = AXIS2_PLACEMENT_3D('',#96,#97,#98);
#96 = CARTESIAN_POINT('',(0.,0.,0.));
#97 = DIRECTION('',(0.,0.,1.));
#98 = DIRECTION('',(1.,0.,-0.));
#99 = AXIS2_PLACEMENT_3D('',#100,#101,#102);
#100 = CARTESIAN_POINT('',(0.,0.,0.));
#101 = DIRECTION('',(0.,0.,1.));
#102 = DIRECTION('',(1.,0.,-0.));
#103 = AXIS2_PLACEMENT_3D('',#104,#105,#106);
#104 = CARTESIAN_POINT('',(0.,0.,0.));
#105 = DIRECTION('',(0.,0.,1.));
#106 = DIRECTION('',(1.,0.,-0.));
#107 = AXIS2_PLACEMENT_3D('',#108,#109,#110);
#108 = CARTESIAN_POINT('',(0.,0.,0.));
#109 = DIRECTION('',(0.,0.,1.));
#110 = DIRECTION('',(1.,0.,-0.));
#111 = AXIS2_PLACEMENT_3D('',#112,#113,#114);
#112 = CARTESIAN_POINT('',(0.,0.,0.));
#113 = DIRECTION('',(0.,0.,1.));
#114 = DIRECTION('',(1.,0.,0.));
#115 = AXIS2_PLACEMENT_3D('',#116,#117,#118);
#116 = CARTESIAN_POINT('',(0.,0.,0.));
#117 = DIRECTION('',(0.,0.,1.));
#118 = DIRECTION('',(1.,0.,0.));
#119 = AXIS2_PLACEMENT_3D('',#120,#121,#122);
#120 = CARTESIAN_POINT('',(0.,0.,0.));
#121 = DIRECTION('',(0.,0.,1.));
#122 = DIRECTION('',(1.,0.,0.));
#123 = AXIS2_PLACEMENT_3D('',#124,#125,#126);
#124 = CARTESIAN_POINT('',(0.,0.,0.));
#125 = DIRECTION('',(0.,0.,1.));
#126 = DIRECTION('',(1.,0.,0.));
#127 = AXIS2_PLACEMENT_3D('',#128,#129,#130);
#128 = CARTESIAN_POINT('',(0.,0.,0.));
#129 = DIRECTION('',(0.,0.,1.));
#130 = DIRECTION('',(1.,0.,-0.));
#131 = AXIS2_PLACEMENT_3D('',#132,#133,#134);
#132 = CARTESIAN_POINT('',(0.,0.,0.));
#133 = DIRECTION('',(0.,0.,1.));
#134 = DIRECTION('',(1.,0.,0.));
#135 = AXIS2_PLACEMENT_3D('',#136,#137,#138);
#136 = CARTESIAN_POINT('',(0.,0.,0.));
#137 = DIRECTION('',(0.,0.,1.));
#138 = DIRECTION('',(1.,0.,0.));
#139 = AXIS2_PLACEMENT_3D('',#140,#141,#142);
#140 = CARTESIAN_POINT('',(0.,0.,0.));
#141 = DIRECTION('',(0.,0.,1.));
#142 = DIRECTION('',(1.,0.,0.));
#143 = AXIS2_PLACEMENT_3D('',#144,#145,#146);
#144 = CARTESIAN_POINT('',(0.,0.,0.));
#145 = DIRECTION('',(0.,0.,1.));
#146 = DIRECTION('',(1.,0.,0.));
#147 = AXIS2_PLACEMENT_3D('',#148,#149,#150);
#148 = CARTESIAN_POINT('',(0.,0.,0.));
#149 = DIRECTION('',(0.,0.,1.));
#150 = DIRECTION('',(1.,0.,-0.));
#151 = AXIS2_PLACEMENT_3D('',#152,#153,#154);
#152 = CARTESIAN_POINT('',(0.,0.,0.));
#153 = DIRECTION('',(0.,0.,1.));
#154 = DIRECTION('',(1.,0.,-0.));
#155 = ( GEOMETRIC_REPRESENTATION_CONTEXT(3)
GLOBAL_UNCERTAINTY_ASSIGNED_CONTEXT((#159)) GLOBAL_UNIT_ASSIGNED_CONTEXT
((#156,#157,#158)) REPRESENTATION_CONTEXT('Context #1',
  '3D Context with UNIT and UNCERTAINTY') );
#156 = ( LENGTH_UNIT() NAMED_UNIT(*) SI_UNIT(.MILLI.,.METRE.) );
#157 = ( NAMED_UNIT(*) PLANE_ANGLE_UNIT() SI_UNIT($,.RADIAN.) );
#158 = ( NAMED_UNIT(*) SI_UNIT($,.STERADIAN.) SOLID_ANGLE_UNIT() );
#159 = UNCERTAINTY_MEASURE_WITH_UNIT(LENGTH_MEASURE(1.E-07),#156,
  'distance_accuracy_value','confusion accuracy');
#160 = PRODUCT_RELATED_PRODUCT_CATEGORY('part',$,(#7));
#161 = SHAPE_DEFINITION_REPRESENTATION(#162,#168);
#162 = PRODUCT_DEFINITION_SHAPE('','',#163);
#163 = PRODUCT_DEFINITION('design','',#164,#167);
#164 = PRODUCT_DEFINITION_FORMATION('','',#165);
#165 = PRODUCT('Open CASCADE STEP translator 7.8 20.1',
  'Open CASCADE STEP translator 7.8 20.1','',(#166));
#166 = PRODUCT_CONTEXT('',#2,'mechanical');
#167 = PRODUCT_DEFINITION_CONTEXT('part definition',#2,'design');
#168 = ADVANCED_BREP_SHAPE_REPRESENTATION('',(#11,#169),#1143);
#169 = MANIFOLD_SOLID_BREP('',#170);
#170 = CLOSED_SHELL('',(#171,#291,#367,#661,#710,#947,#954,#981,#1008,
    #1035,#1062,#1089,#1116));
#171 = ADVANCED_FACE('',(#172),#186,.F.);
#172 = FACE_BOUND('',#173,.F.);
#173 = EDGE_LOOP('',(#174,#209,#237,#265));
#174 = ORIENTED_EDGE('',*,*,#175,.F.);
#175 = EDGE_CURVE('',#176,#178,#180,.T.);
#176 = VERTEX_POINT('',#177);
#177 = CARTESIAN_POINT('',(-280.,-120.,-8.));
#178 = VERTEX_POINT('',#179);
#179 = CARTESIAN_POINT('',(-280.,-120.,0.));
#180 = SURFACE_CURVE('',#181,(#185,#197),.PCURVE_S1.);
#181 = LINE('',#182,#183);
#182 = CARTESIAN_POINT('',(-280.,-120.,-8.));
#183 = VECTOR('',#184,1.);
#184 = DIRECTION('',(0.,0.,1.));
#185 = PCURVE('',#186,#191);
#186 = PLANE('',#187);
#187 = AXIS2_PLACEMENT_3D('',#188,#189,#190);
#188 = CARTESIAN_POINT('',(-280.,-120.,-8.));
#189 = DIRECTION('',(1.,0.,0.));
#190 = DIRECTION('',(0.,0.,1.));
#191 = DEFINITIONAL_REPRESENTATION('',(#192),#196);
#192 = LINE('',#193,#194);
#193 = CARTESIAN_POINT('',(0.,0.));
#194 = VECTOR('',#195,1.);
#195 = DIRECTION('',(1.,0.));
#196 = ( GEOMETRIC_REPRESENTATION_CONTEXT(2)
PARAMETRIC_REPRESENTATION_CONTEXT() REPRESENTATION_CONTEXT('2D SPACE',''
  ) );
#197 = PCURVE('',#198,#203);
#198 = PLANE('',#199);
#199 = AXIS2_PLACEMENT_3D('',#200,#201,#202);
#200 = CARTESIAN_POINT('',(-280.,-120.,-8.));
#201 = DIRECTION('',(0.,1.,0.));
#202 = DIRECTION('',(0.,0.,1.));
#203 = DEFINITIONAL_REPRESENTATION('',(#204),#208);
#204 = LINE('',#205,#206);
#205 = CARTESIAN_POINT('',(0.,0.));
#206 = VECTOR('',#207,1.);
#207 = DIRECTION('',(1.,0.));
#208 = ( GEOMETRIC_REPRESENTATION_CONTEXT(2)
PARAMETRIC_REPRESENTATION_CONTEXT() REPRESENTATION_CONTEXT('2D SPACE',''
  ) );
#209 = ORIENTED_EDGE('',*,*,#210,.T.);
#210 = EDGE_CURVE('',#176,#211,#213,.T.);
#211 = VERTEX_POINT('',#212);
#212 = CARTESIAN_POINT('',(-280.,120.,-8.));
#213 = SURFACE_CURVE('',#214,(#218,#225),.PCURVE_S1.);
#214 = LINE('',#215,#216);
#215 = CARTESIAN_POINT('',(-280.,-120.,-8.));
#216 = VECTOR('',#217,1.);
#217 = DIRECTION('',(0.,1.,0.));
#218 = PCURVE('',#186,#219);
#219 = DEFINITIONAL_REPRESENTATION('',(#220),#224);
#220 = LINE('',#221,#222);
#221 = CARTESIAN_POINT('',(0.,0.));
#222 = VECTOR('',#223,1.);
#223 = DIRECTION('',(0.,-1.));
#224 = ( GEOMETRIC_REPRESENTATION_CONTEXT(2)
PARAMETRIC_REPRESENTATION_CONTEXT() REPRESENTATION_CONTEXT('2D SPACE',''
  ) );
#225 = PCURVE('',#226,#231);
#226 = PLANE('',#227);
#227 = AXIS2_PLACEMENT_3D('',#228,#229,#230);
#228 = CARTESIAN_POINT('',(-280.,-120.,-8.));
#229 = DIRECTION('',(0.,0.,1.));
#230 = DIRECTION('',(1.,0.,0.));
#231 = DEFINITIONAL_REPRESENTATION('',(#232),#236);
#232 = LINE('',#233,#234);
#233 = CARTESIAN_POINT('',(0.,0.));
#234 = VECTOR('',#235,1.);
#235 = DIRECTION('',(0.,1.));
#236 = ( GEOMETRIC_REPRESENTATION_CONTEXT(2)
PARAMETRIC_REPRESENTATION_CONTEXT() REPRESENTATION_CONTEXT('2D SPACE',''
  ) );
#237 = ORIENTED_EDGE('',*,*,#238,.T.);
#238 = EDGE_CURVE('',#211,#239,#241,.T.);
#239 = VERTEX_POINT('',#240);
#240 = CARTESIAN_POINT('',(-280.,120.,0.));
#241 = SURFACE_CURVE('',#242,(#246,#253),.PCURVE_S1.);
#242 = LINE('',#243,#244);
#243 = CARTESIAN_POINT('',(-280.,120.,-8.));
#244 = VECTOR('',#245,1.);
#245 = DIRECTION('',(0.,0.,1.));
#246 = PCURVE('',#186,#247);
#247 = DEFINITIONAL_REPRESENTATION('',(#248),#252);
#248 = LINE('',#249,#250);
#249 = CARTESIAN_POINT('',(0.,-240.));
#250 = VECTOR('',#251,1.);
#251 = DIRECTION('',(1.,0.));
#252 = ( GEOMETRIC_REPRESENTATION_CONTEXT(2)
PARAMETRIC_REPRESENTATION_CONTEXT() REPRESENTATION_CONTEXT('2D SPACE',''
  ) );
#253 = PCURVE('',#254,#259);
#254 = PLANE('',#255);
#255 = AXIS2_PLACEMENT_3D('',#256,#257,#258);
#256 = CARTESIAN_POINT('',(-280.,120.,-8.));
#257 = DIRECTION('',(0.,1.,0.));
#258 = DIRECTION('',(0.,0.,1.));
#259 = DEFINITIONAL_REPRESENTATION('',(#260),#264);
#260 = LINE('',#261,#262);
#261 = CARTESIAN_POINT('',(0.,0.));
#262 = VECTOR('',#263,1.);
#263 = DIRECTION('',(1.,0.));
#264 = ( GEOMETRIC_REPRESENTATION_CONTEXT(2)
PARAMETRIC_REPRESENTATION_CONTEXT() REPRESENTATION_CONTEXT('2D SPACE',''
  ) );
#265 = ORIENTED_EDGE('',*,*,#266,.F.);
#266 = EDGE_CURVE('',#178,#239,#267,.T.);
#267 = SURFACE_CURVE('',#268,(#272,#279),.PCURVE_S1.);
#268 = LINE('',#269,#270);
#269 = CARTESIAN_POINT('',(-280.,-120.,0.));
#270 = VECTOR('',#271,1.);
#271 = DIRECTION('',(0.,1.,0.));
#272 = PCURVE('',#186,#273);
#273 = DEFINITIONAL_REPRESENTATION('',(#274),#278);
#274 = LINE('',#275,#276);
#275 = CARTESIAN_POINT('',(8.,0.));
#276 = VECTOR('',#277,1.);
#277 = DIRECTION('',(0.,-1.));
#278 = ( GEOMETRIC_REPRESENTATION_CONTEXT(2)
PARAMETRIC_REPRESENTATION_CONTEXT() REPRESENTATION_CONTEXT('2D SPACE',''
  ) );
#279 = PCURVE('',#280,#285);
#280 = PLANE('',#281);
#281 = AXIS2_PLACEMENT_3D('',#282,#283,#284);
#282 = CARTESIAN_POINT('',(-280.,-120.,0.));
#283 = DIRECTION('',(0.,0.,1.));
#284 = DIRECTION('',(1.,0.,0.));
#285 = DEFINITIONAL_REPRESENTATION('',(#286),#290);
#286 = LINE('',#287,#288);
#287 = CARTESIAN_POINT('',(0.,0.));
#288 = VECTOR('',#289,1.);
#289 = DIRECTION('',(0.,1.));
#290 = ( GEOMETRIC_REPRESENTATION_CONTEXT(2)
PARAMETRIC_REPRESENTATION_CONTEXT() REPRESENTATION_CONTEXT('2D SPACE',''
  ) );
#291 = ADVANCED_FACE('',(#292),#198,.F.);
#292 = FACE_BOUND('',#293,.F.);
#293 = EDGE_LOOP('',(#294,#317,#318,#341));
#294 = ORIENTED_EDGE('',*,*,#295,.F.);
#295 = EDGE_CURVE('',#176,#296,#298,.T.);
#296 = VERTEX_POINT('',#297);
#297 = CARTESIAN_POINT('',(20.,-120.,-8.));
#298 = SURFACE_CURVE('',#299,(#303,#310),.PCURVE_S1.);
#299 = LINE('',#300,#301);
#300 = CARTESIAN_POINT('',(-280.,-120.,-8.));
#301 = VECTOR('',#302,1.);
#302 = DIRECTION('',(1.,0.,0.));
#303 = PCURVE('',#198,#304);
#304 = DEFINITIONAL_REPRESENTATION('',(#305),#309);
#305 = LINE('',#306,#307);
#306 = CARTESIAN_POINT('',(0.,0.));
#307 = VECTOR('',#308,1.);
#308 = DIRECTION('',(0.,1.));
#309 = ( GEOMETRIC_REPRESENTATION_CONTEXT(2)
PARAMETRIC_REPRESENTATION_CONTEXT() REPRESENTATION_CONTEXT('2D SPACE',''
  ) );
#310 = PCURVE('',#226,#311);
#311 = DEFINITIONAL_REPRESENTATION('',(#312),#316);
#312 = LINE('',#313,#314);
#313 = CARTESIAN_POINT('',(0.,0.));
#314 = VECTOR('',#315,1.);
#315 = DIRECTION('',(1.,0.));
#316 = ( GEOMETRIC_REPRESENTATION_CONTEXT(2)
PARAMETRIC_REPRESENTATION_CONTEXT() REPRESENTATION_CONTEXT('2D SPACE',''
  ) );
#317 = ORIENTED_EDGE('',*,*,#175,.T.);
#318 = ORIENTED_EDGE('',*,*,#319,.T.);
#319 = EDGE_CURVE('',#178,#320,#322,.T.);
#320 = VERTEX_POINT('',#321);
#321 = CARTESIAN_POINT('',(20.,-120.,0.));
#322 = SURFACE_CURVE('',#323,(#327,#334),.PCURVE_S1.);
#323 = LINE('',#324,#325);
#324 = CARTESIAN_POINT('',(-280.,-120.,0.));
#325 = VECTOR('',#326,1.);
#326 = DIRECTION('',(1.,0.,0.));
#327 = PCURVE('',#198,#328);
#328 = DEFINITIONAL_REPRESENTATION('',(#329),#333);
#329 = LINE('',#330,#331);
#330 = CARTESIAN_POINT('',(8.,0.));
#331 = VECTOR('',#332,1.);
#332 = DIRECTION('',(0.,1.));
#333 = ( GEOMETRIC_REPRESENTATION_CONTEXT(2)
PARAMETRIC_REPRESENTATION_CONTEXT() REPRESENTATION_CONTEXT('2D SPACE',''
  ) );
#334 = PCURVE('',#280,#335);
#335 = DEFINITIONAL_REPRESENTATION('',(#336),#340);
#336 = LINE('',#337,#338);
#337 = CARTESIAN_POINT('',(0.,0.));
#338 = VECTOR('',#339,1.);
#339 = DIRECTION('',(1.,0.));
#340 = ( GEOMETRIC_REPRESENTATION_CONTEXT(2)
PARAMETRIC_REPRESENTATION_CONTEXT() REPRESENTATION_CONTEXT('2D SPACE',''
  ) );
#341 = ORIENTED_EDGE('',*,*,#342,.F.);
#342 = EDGE_CURVE('',#296,#320,#343,.T.);
#343 = SURFACE_CURVE('',#344,(#348,#355),.PCURVE_S1.);
#344 = LINE('',#345,#346);
#345 = CARTESIAN_POINT('',(20.,-120.,-8.));
#346 = VECTOR('',#347,1.);
#347 = DIRECTION('',(0.,0.,1.));
#348 = PCURVE('',#198,#349);
#349 = DEFINITIONAL_REPRESENTATION('',(#350),#354);
#350 = LINE('',#351,#352);
#351 = CARTESIAN_POINT('',(0.,300.));
#352 = VECTOR('',#353,1.);
#353 = DIRECTION('',(1.,0.));
#354 = ( GEOMETRIC_REPRESENTATION_CONTEXT(2)
PARAMETRIC_REPRESENTATION_CONTEXT() REPRESENTATION_CONTEXT('2D SPACE',''
  ) );
#355 = PCURVE('',#356,#361);
#356 = PLANE('',#357);
#357 = AXIS2_PLACEMENT_3D('',#358,#359,#360);
#358 = CARTESIAN_POINT('',(20.,-120.,-8.));
#359 = DIRECTION('',(1.,0.,0.));
#360 = DIRECTION('',(0.,0.,1.));
#361 = DEFINITIONAL_REPRESENTATION('',(#362),#366);
#362 = LINE('',#363,#364);
#363 = CARTESIAN_POINT('',(0.,0.));
#364 = VECTOR('',#365,1.);
#365 = DIRECTION('',(1.,0.));
#366 = ( GEOMETRIC_REPRESENTATION_CONTEXT(2)
PARAMETRIC_REPRESENTATION_CONTEXT() REPRESENTATION_CONTEXT('2D SPACE',''
  ) );
#367 = ADVANCED_FACE('',(#368,#416,#451,#486,#521,#556,#591,#626),#280,
  .T.);
#368 = FACE_BOUND('',#369,.T.);
#369 = EDGE_LOOP('',(#370,#371,#372,#395));
#370 = ORIENTED_EDGE('',*,*,#266,.F.);
#371 = ORIENTED_EDGE('',*,*,#319,.T.);
#372 = ORIENTED_EDGE('',*,*,#373,.T.);
#373 = EDGE_CURVE('',#320,#374,#376,.T.);
#374 = VERTEX_POINT('',#375);
#375 = CARTESIAN_POINT('',(20.,120.,0.));
#376 = SURFACE_CURVE('',#377,(#381,#388),.PCURVE_S1.);
#377 = LINE('',#378,#379);
#378 = CARTESIAN_POINT('',(20.,-120.,0.));
#379 = VECTOR('',#380,1.);
#380 = DIRECTION('',(0.,1.,0.));
#381 = PCURVE('',#280,#382);
#382 = DEFINITIONAL_REPRESENTATION('',(#383),#387);
#383 = LINE('',#384,#385);
#384 = CARTESIAN_POINT('',(300.,0.));
#385 = VECTOR('',#386,1.);
#386 = DIRECTION('',(0.,1.));
#387 = ( GEOMETRIC_REPRESENTATION_CONTEXT(2)
PARAMETRIC_REPRESENTATION_CONTEXT() REPRESENTATION_CONTEXT('2D SPACE',''
  ) );
#388 = PCURVE('',#356,#389);
#389 = DEFINITIONAL_REPRESENTATION('',(#390),#394);
#390 = LINE('',#391,#392);
#391 = CARTESIAN_POINT('',(8.,0.));
#392 = VECTOR('',#393,1.);
#393 = DIRECTION('',(0.,-1.));
#394 = ( GEOMETRIC_REPRESENTATION_CONTEXT(2)
PARAMETRIC_REPRESENTATION_CONTEXT() REPRESENTATION_CONTEXT('2D SPACE',''
  ) );
#395 = ORIENTED_EDGE('',*,*,#396,.F.);
#396 = EDGE_CURVE('',#239,#374,#397,.T.);
#397 = SURFACE_CURVE('',#398,(#402,#409),.PCURVE_S1.);
#398 = LINE('',#399,#400);
#399 = CARTESIAN_POINT('',(-280.,120.,0.));
#400 = VECTOR('',#401,1.);
#401 = DIRECTION('',(1.,0.,0.));
#402 = PCURVE('',#280,#403);
#403 = DEFINITIONAL_REPRESENTATION('',(#404),#408);
#404 = LINE('',#405,#406);
#405 = CARTESIAN_POINT('',(0.,240.));
#406 = VECTOR('',#407,1.);
#407 = DIRECTION('',(1.,0.));
#408 = ( GEOMETRIC_REPRESENTATION_CONTEXT(2)
PARAMETRIC_REPRESENTATION_CONTEXT() REPRESENTATION_CONTEXT('2D SPACE',''
  ) );
#409 = PCURVE('',#254,#410);
#410 = DEFINITIONAL_REPRESENTATION('',(#411),#415);
#411 = LINE('',#412,#413);
#412 = CARTESIAN_POINT('',(8.,0.));
#413 = VECTOR('',#414,1.);
#414 = DIRECTION('',(0.,1.));
#415 = ( GEOMETRIC_REPRESENTATION_CONTEXT(2)
PARAMETRIC_REPRESENTATION_CONTEXT() REPRESENTATION_CONTEXT('2D SPACE',''
  ) );
#416 = FACE_BOUND('',#417,.T.);
#417 = EDGE_LOOP('',(#418));
#418 = ORIENTED_EDGE('',*,*,#419,.T.);
#419 = EDGE_CURVE('',#420,#420,#422,.T.);
#420 = VERTEX_POINT('',#421);
#421 = CARTESIAN_POINT('',(-255.5,-90.,0.));
#422 = SURFACE_CURVE('',#423,(#428,#439),.PCURVE_S1.);
#423 = CIRCLE('',#424,5.5);
#424 = AXIS2_PLACEMENT_3D('',#425,#426,#427);
#425 = CARTESIAN_POINT('',(-250.,-90.,0.));
#426 = DIRECTION('',(0.,0.,-1.));
#427 = DIRECTION('',(-1.,0.,0.));
#428 = PCURVE('',#280,#429);
#429 = DEFINITIONAL_REPRESENTATION('',(#430),#438);
#430 = ( BOUNDED_CURVE() B_SPLINE_CURVE(2,(#431,#432,#433,#434,#435,#436
,#437),.UNSPECIFIED.,.T.,.F.) B_SPLINE_CURVE_WITH_KNOTS((1,2,2,2,2,1),(
    -2.094395102393,0.,2.094395102393,4.188790204786,6.28318530718,
8.377580409573),.UNSPECIFIED.) CURVE() GEOMETRIC_REPRESENTATION_ITEM()
RATIONAL_B_SPLINE_CURVE((1.,0.5,1.,0.5,1.,0.5,1.)) REPRESENTATION_ITEM(
  '') );
#431 = CARTESIAN_POINT('',(24.5,30.));
#432 = CARTESIAN_POINT('',(24.5,39.526279441629));
#433 = CARTESIAN_POINT('',(32.75,34.763139720814));
#434 = CARTESIAN_POINT('',(41.,30.));
#435 = CARTESIAN_POINT('',(32.75,25.236860279186));
#436 = CARTESIAN_POINT('',(24.5,20.473720558371));
#437 = CARTESIAN_POINT('',(24.5,30.));
#438 = ( GEOMETRIC_REPRESENTATION_CONTEXT(2)
PARAMETRIC_REPRESENTATION_CONTEXT() REPRESENTATION_CONTEXT('2D SPACE',''
  ) );
#439 = PCURVE('',#440,#445);
#440 = CYLINDRICAL_SURFACE('',#441,5.5);
#441 = AXIS2_PLACEMENT_3D('',#442,#443,#444);
#442 = CARTESIAN_POINT('',(-250.,-90.,0.));
#443 = DIRECTION('',(0.,0.,-1.));
#444 = DIRECTION('',(-1.,0.,0.));
#445 = DEFINITIONAL_REPRESENTATION('',(#446),#450);
#446 = LINE('',#447,#448);
#447 = CARTESIAN_POINT('',(0.,0.));
#448 = VECTOR('',#449,1.);
#449 = DIRECTION('',(1.,0.));
#450 = ( GEOMETRIC_REPRESENTATION_CONTEXT(2)
PARAMETRIC_REPRESENTATION_CONTEXT() REPRESENTATION_CONTEXT('2D SPACE',''
  ) );
#451 = FACE_BOUND('',#452,.T.);
#452 = EDGE_LOOP('',(#453));
#453 = ORIENTED_EDGE('',*,*,#454,.T.);
#454 = EDGE_CURVE('',#455,#455,#457,.T.);
#455 = VERTEX_POINT('',#456);
#456 = CARTESIAN_POINT('',(-135.25,-60.,0.));
#457 = SURFACE_CURVE('',#458,(#463,#474),.PCURVE_S1.);
#458 = CIRCLE('',#459,5.25);
#459 = AXIS2_PLACEMENT_3D('',#460,#461,#462);
#460 = CARTESIAN_POINT('',(-130.,-60.,0.));
#461 = DIRECTION('',(0.,0.,-1.));
#462 = DIRECTION('',(-1.,0.,0.));
#463 = PCURVE('',#280,#464);
#464 = DEFINITIONAL_REPRESENTATION('',(#465),#473);
#465 = ( BOUNDED_CURVE() B_SPLINE_CURVE(2,(#466,#467,#468,#469,#470,#471
,#472),.UNSPECIFIED.,.T.,.F.) B_SPLINE_CURVE_WITH_KNOTS((1,2,2,2,2,1),(
    -2.094395102393,0.,2.094395102393,4.188790204786,6.28318530718,
8.377580409573),.UNSPECIFIED.) CURVE() GEOMETRIC_REPRESENTATION_ITEM()
RATIONAL_B_SPLINE_CURVE((1.,0.5,1.,0.5,1.,0.5,1.)) REPRESENTATION_ITEM(
  '') );
#466 = CARTESIAN_POINT('',(144.75,60.));
#467 = CARTESIAN_POINT('',(144.75,69.093266739737));
#468 = CARTESIAN_POINT('',(152.625,64.546633369868));
#469 = CARTESIAN_POINT('',(160.5,60.));
#470 = CARTESIAN_POINT('',(152.625,55.453366630132));
#471 = CARTESIAN_POINT('',(144.75,50.906733260263));
#472 = CARTESIAN_POINT('',(144.75,60.));
#473 = ( GEOMETRIC_REPRESENTATION_CONTEXT(2)
PARAMETRIC_REPRESENTATION_CONTEXT() REPRESENTATION_CONTEXT('2D SPACE',''
  ) );
#474 = PCURVE('',#475,#480);
#475 = CYLINDRICAL_SURFACE('',#476,5.25);
#476 = AXIS2_PLACEMENT_3D('',#477,#478,#479);
#477 = CARTESIAN_POINT('',(-130.,-60.,0.));
#478 = DIRECTION('',(0.,0.,-1.));
#479 = DIRECTION('',(-1.,0.,0.));
#480 = DEFINITIONAL_REPRESENTATION('',(#481),#485);
#481 = LINE('',#482,#483);
#482 = CARTESIAN_POINT('',(0.,0.));
#483 = VECTOR('',#484,1.);
#484 = DIRECTION('',(1.,0.));
#485 = ( GEOMETRIC_REPRESENTATION_CONTEXT(2)
PARAMETRIC_REPRESENTATION_CONTEXT() REPRESENTATION_CONTEXT('2D SPACE',''
  ) );
#486 = FACE_BOUND('',#487,.T.);
#487 = EDGE_LOOP('',(#488));
#488 = ORIENTED_EDGE('',*,*,#489,.T.);
#489 = EDGE_CURVE('',#490,#490,#492,.T.);
#490 = VERTEX_POINT('',#491);
#491 = CARTESIAN_POINT('',(-15.5,-90.,0.));
#492 = SURFACE_CURVE('',#493,(#498,#509),.PCURVE_S1.);
#493 = CIRCLE('',#494,5.5);
#494 = AXIS2_PLACEMENT_3D('',#495,#496,#497);
#495 = CARTESIAN_POINT('',(-10.,-90.,0.));
#496 = DIRECTION('',(0.,0.,-1.));
#497 = DIRECTION('',(-1.,0.,0.));
#498 = PCURVE('',#280,#499);
#499 = DEFINITIONAL_REPRESENTATION('',(#500),#508);
#500 = ( BOUNDED_CURVE() B_SPLINE_CURVE(2,(#501,#502,#503,#504,#505,#506
,#507),.UNSPECIFIED.,.T.,.F.) B_SPLINE_CURVE_WITH_KNOTS((1,2,2,2,2,1),(
    -2.094395102393,0.,2.094395102393,4.188790204786,6.28318530718,
8.377580409573),.UNSPECIFIED.) CURVE() GEOMETRIC_REPRESENTATION_ITEM()
RATIONAL_B_SPLINE_CURVE((1.,0.5,1.,0.5,1.,0.5,1.)) REPRESENTATION_ITEM(
  '') );
#501 = CARTESIAN_POINT('',(264.5,30.));
#502 = CARTESIAN_POINT('',(264.5,39.526279441629));
#503 = CARTESIAN_POINT('',(272.75,34.763139720814));
#504 = CARTESIAN_POINT('',(281.,30.));
#505 = CARTESIAN_POINT('',(272.75,25.236860279186));
#506 = CARTESIAN_POINT('',(264.5,20.473720558371));
#507 = CARTESIAN_POINT('',(264.5,30.));
#508 = ( GEOMETRIC_REPRESENTATION_CONTEXT(2)
PARAMETRIC_REPRESENTATION_CONTEXT() REPRESENTATION_CONTEXT('2D SPACE',''
  ) );
#509 = PCURVE('',#510,#515);
#510 = CYLINDRICAL_SURFACE('',#511,5.5);
#511 = AXIS2_PLACEMENT_3D('',#512,#513,#514);
#512 = CARTESIAN_POINT('',(-10.,-90.,0.));
#513 = DIRECTION('',(0.,0.,-1.));
#514 = DIRECTION('',(-1.,0.,0.));
#515 = DEFINITIONAL_REPRESENTATION('',(#516),#520);
#516 = LINE('',#517,#518);
#517 = CARTESIAN_POINT('',(0.,0.));
#518 = VECTOR('',#519,1.);
#519 = DIRECTION('',(1.,0.));
#520 = ( GEOMETRIC_REPRESENTATION_CONTEXT(2)
PARAMETRIC_REPRESENTATION_CONTEXT() REPRESENTATION_CONTEXT('2D SPACE',''
  ) );
#521 = FACE_BOUND('',#522,.T.);
#522 = EDGE_LOOP('',(#523));
#523 = ORIENTED_EDGE('',*,*,#524,.T.);
#524 = EDGE_CURVE('',#525,#525,#527,.T.);
#525 = VERTEX_POINT('',#526);
#526 = CARTESIAN_POINT('',(-135.25,40.,0.));
#527 = SURFACE_CURVE('',#528,(#533,#544),.PCURVE_S1.);
#528 = CIRCLE('',#529,5.25);
#529 = AXIS2_PLACEMENT_3D('',#530,#531,#532);
#530 = CARTESIAN_POINT('',(-130.,40.,0.));
#531 = DIRECTION('',(0.,0.,-1.));
#532 = DIRECTION('',(-1.,0.,0.));
#533 = PCURVE('',#280,#534);
#534 = DEFINITIONAL_REPRESENTATION('',(#535),#543);
#535 = ( BOUNDED_CURVE() B_SPLINE_CURVE(2,(#536,#537,#538,#539,#540,#541
,#542),.UNSPECIFIED.,.T.,.F.) B_SPLINE_CURVE_WITH_KNOTS((1,2,2,2,2,1),(
    -2.094395102393,0.,2.094395102393,4.188790204786,6.28318530718,
8.377580409573),.UNSPECIFIED.) CURVE() GEOMETRIC_REPRESENTATION_ITEM()
RATIONAL_B_SPLINE_CURVE((1.,0.5,1.,0.5,1.,0.5,1.)) REPRESENTATION_ITEM(
  '') );
#536 = CARTESIAN_POINT('',(144.75,160.));
#537 = CARTESIAN_POINT('',(144.75,169.09326673973));
#538 = CARTESIAN_POINT('',(152.625,164.54663336986));
#539 = CARTESIAN_POINT('',(160.5,160.));
#540 = CARTESIAN_POINT('',(152.625,155.45336663013));
#541 = CARTESIAN_POINT('',(144.75,150.90673326026));
#542 = CARTESIAN_POINT('',(144.75,160.));
#543 = ( GEOMETRIC_REPRESENTATION_CONTEXT(2)
PARAMETRIC_REPRESENTATION_CONTEXT() REPRESENTATION_CONTEXT('2D SPACE',''
  ) );
#544 = PCURVE('',#545,#550);
#545 = CYLINDRICAL_SURFACE('',#546,5.25);
#546 = AXIS2_PLACEMENT_3D('',#547,#548,#549);
#547 = CARTESIAN_POINT('',(-130.,40.,0.));
#548 = DIRECTION('',(0.,0.,-1.));
#549 = DIRECTION('',(-1.,0.,0.));
#550 = DEFINITIONAL_REPRESENTATION('',(#551),#555);
#551 = LINE('',#552,#553);
#552 = CARTESIAN_POINT('',(0.,0.));
#553 = VECTOR('',#554,1.);
#554 = DIRECTION('',(1.,0.));
#555 = ( GEOMETRIC_REPRESENTATION_CONTEXT(2)
PARAMETRIC_REPRESENTATION_CONTEXT() REPRESENTATION_CONTEXT('2D SPACE',''
  ) );
#556 = FACE_BOUND('',#557,.T.);
#557 = EDGE_LOOP('',(#558));
#558 = ORIENTED_EDGE('',*,*,#559,.T.);
#559 = EDGE_CURVE('',#560,#560,#562,.T.);
#560 = VERTEX_POINT('',#561);
#561 = CARTESIAN_POINT('',(-255.5,90.,0.));
#562 = SURFACE_CURVE('',#563,(#568,#579),.PCURVE_S1.);
#563 = CIRCLE('',#564,5.5);
#564 = AXIS2_PLACEMENT_3D('',#565,#566,#567);
#565 = CARTESIAN_POINT('',(-250.,90.,0.));
#566 = DIRECTION('',(0.,0.,-1.));
#567 = DIRECTION('',(-1.,0.,0.));
#568 = PCURVE('',#280,#569);
#569 = DEFINITIONAL_REPRESENTATION('',(#570),#578);
#570 = ( BOUNDED_CURVE() B_SPLINE_CURVE(2,(#571,#572,#573,#574,#575,#576
,#577),.UNSPECIFIED.,.T.,.F.) B_SPLINE_CURVE_WITH_KNOTS((1,2,2,2,2,1),(
    -2.094395102393,0.,2.094395102393,4.188790204786,6.28318530718,
8.377580409573),.UNSPECIFIED.) CURVE() GEOMETRIC_REPRESENTATION_ITEM()
RATIONAL_B_SPLINE_CURVE((1.,0.5,1.,0.5,1.,0.5,1.)) REPRESENTATION_ITEM(
  '') );
#571 = CARTESIAN_POINT('',(24.5,210.));
#572 = CARTESIAN_POINT('',(24.5,219.52627944162));
#573 = CARTESIAN_POINT('',(32.75,214.76313972081));
#574 = CARTESIAN_POINT('',(41.,210.));
#575 = CARTESIAN_POINT('',(32.75,205.23686027918));
#576 = CARTESIAN_POINT('',(24.5,200.47372055837));
#577 = CARTESIAN_POINT('',(24.5,210.));
#578 = ( GEOMETRIC_REPRESENTATION_CONTEXT(2)
PARAMETRIC_REPRESENTATION_CONTEXT() REPRESENTATION_CONTEXT('2D SPACE',''
  ) );
#579 = PCURVE('',#580,#585);
#580 = CYLINDRICAL_SURFACE('',#581,5.5);
#581 = AXIS2_PLACEMENT_3D('',#582,#583,#584);
#582 = CARTESIAN_POINT('',(-250.,90.,0.));
#583 = DIRECTION('',(0.,0.,-1.));
#584 = DIRECTION('',(-1.,0.,0.));
#585 = DEFINITIONAL_REPRESENTATION('',(#586),#590);
#586 = LINE('',#587,#588);
#587 = CARTESIAN_POINT('',(0.,0.));
#588 = VECTOR('',#589,1.);
#589 = DIRECTION('',(1.,0.));
#590 = ( GEOMETRIC_REPRESENTATION_CONTEXT(2)
PARAMETRIC_REPRESENTATION_CONTEXT() REPRESENTATION_CONTEXT('2D SPACE',''
  ) );
#591 = FACE_BOUND('',#592,.T.);
#592 = EDGE_LOOP('',(#593));
#593 = ORIENTED_EDGE('',*,*,#594,.T.);
#594 = EDGE_CURVE('',#595,#595,#597,.T.);
#595 = VERTEX_POINT('',#596);
#596 = CARTESIAN_POINT('',(-3.,-7.347880794884E-16,0.));
#597 = SURFACE_CURVE('',#598,(#603,#614),.PCURVE_S1.);
#598 = CIRCLE('',#599,3.);
#599 = AXIS2_PLACEMENT_3D('',#600,#601,#602);
#600 = CARTESIAN_POINT('',(0.,0.,0.));
#601 = DIRECTION('',(0.,0.,-1.));
#602 = DIRECTION('',(-1.,0.,0.));
#603 = PCURVE('',#280,#604);
#604 = DEFINITIONAL_REPRESENTATION('',(#605),#613);
#605 = ( BOUNDED_CURVE() B_SPLINE_CURVE(2,(#606,#607,#608,#609,#610,#611
,#612),.UNSPECIFIED.,.T.,.F.) B_SPLINE_CURVE_WITH_KNOTS((1,2,2,2,2,1),(
    -2.094395102393,0.,2.094395102393,4.188790204786,6.28318530718,
8.377580409573),.UNSPECIFIED.) CURVE() GEOMETRIC_REPRESENTATION_ITEM()
RATIONAL_B_SPLINE_CURVE((1.,0.5,1.,0.5,1.,0.5,1.)) REPRESENTATION_ITEM(
  '') );
#606 = CARTESIAN_POINT('',(277.,120.));
#607 = CARTESIAN_POINT('',(277.,125.1961524227));
#608 = CARTESIAN_POINT('',(281.5,122.59807621135));
#609 = CARTESIAN_POINT('',(286.,120.));
#610 = CARTESIAN_POINT('',(281.5,117.40192378864));
#611 = CARTESIAN_POINT('',(277.,114.80384757729));
#612 = CARTESIAN_POINT('',(277.,120.));
#613 = ( GEOMETRIC_REPRESENTATION_CONTEXT(2)
PARAMETRIC_REPRESENTATION_CONTEXT() REPRESENTATION_CONTEXT('2D SPACE',''
  ) );
#614 = PCURVE('',#615,#620);
#615 = CYLINDRICAL_SURFACE('',#616,3.);
#616 = AXIS2_PLACEMENT_3D('',#617,#618,#619);
#617 = CARTESIAN_POINT('',(0.,0.,0.));
#618 = DIRECTION('',(0.,0.,-1.));
#619 = DIRECTION('',(-1.,0.,0.));
#620 = DEFINITIONAL_REPRESENTATION('',(#621),#625);
#621 = LINE('',#622,#623);
#622 = CARTESIAN_POINT('',(0.,0.));
#623 = VECTOR('',#624,1.);
#624 = DIRECTION('',(1.,0.));
#625 = ( GEOMETRIC_REPRESENTATION_CONTEXT(2)
PARAMETRIC_REPRESENTATION_CONTEXT() REPRESENTATION_CONTEXT('2D SPACE',''
  ) );
#626 = FACE_BOUND('',#627,.T.);
#627 = EDGE_LOOP('',(#628));
#628 = ORIENTED_EDGE('',*,*,#629,.T.);
#629 = EDGE_CURVE('',#630,#630,#632,.T.);
#630 = VERTEX_POINT('',#631);
#631 = CARTESIAN_POINT('',(-15.5,90.,0.));
#632 = SURFACE_CURVE('',#633,(#638,#649),.PCURVE_S1.);
#633 = CIRCLE('',#634,5.5);
#634 = AXIS2_PLACEMENT_3D('',#635,#636,#637);
#635 = CARTESIAN_POINT('',(-10.,90.,0.));
#636 = DIRECTION('',(0.,0.,-1.));
#637 = DIRECTION('',(-1.,0.,0.));
#638 = PCURVE('',#280,#639);
#639 = DEFINITIONAL_REPRESENTATION('',(#640),#648);
#640 = ( BOUNDED_CURVE() B_SPLINE_CURVE(2,(#641,#642,#643,#644,#645,#646
,#647),.UNSPECIFIED.,.T.,.F.) B_SPLINE_CURVE_WITH_KNOTS((1,2,2,2,2,1),(
    -2.094395102393,0.,2.094395102393,4.188790204786,6.28318530718,
8.377580409573),.UNSPECIFIED.) CURVE() GEOMETRIC_REPRESENTATION_ITEM()
RATIONAL_B_SPLINE_CURVE((1.,0.5,1.,0.5,1.,0.5,1.)) REPRESENTATION_ITEM(
  '') );
#641 = CARTESIAN_POINT('',(264.5,210.));
#642 = CARTESIAN_POINT('',(264.5,219.52627944162));
#643 = CARTESIAN_POINT('',(272.75,214.76313972081));
#644 = CARTESIAN_POINT('',(281.,210.));
#645 = CARTESIAN_POINT('',(272.75,205.23686027918));
#646 = CARTESIAN_POINT('',(264.5,200.47372055837));
#647 = CARTESIAN_POINT('',(264.5,210.));
#648 = ( GEOMETRIC_REPRESENTATION_CONTEXT(2)
PARAMETRIC_REPRESENTATION_CONTEXT() REPRESENTATION_CONTEXT('2D SPACE',''
  ) );
#649 = PCURVE('',#650,#655);
#650 = CYLINDRICAL_SURFACE('',#651,5.5);
#651 = AXIS2_PLACEMENT_3D('',#652,#653,#654);
#652 = CARTESIAN_POINT('',(-10.,90.,0.));
#653 = DIRECTION('',(0.,0.,-1.));
#654 = DIRECTION('',(-1.,0.,0.));
#655 = DEFINITIONAL_REPRESENTATION('',(#656),#660);
#656 = LINE('',#657,#658);
#657 = CARTESIAN_POINT('',(0.,0.));
#658 = VECTOR('',#659,1.);
#659 = DIRECTION('',(1.,0.));
#660 = ( GEOMETRIC_REPRESENTATION_CONTEXT(2)
PARAMETRIC_REPRESENTATION_CONTEXT() REPRESENTATION_CONTEXT('2D SPACE',''
  ) );
#661 = ADVANCED_FACE('',(#662),#254,.T.);
#662 = FACE_BOUND('',#663,.T.);
#663 = EDGE_LOOP('',(#664,#687,#688,#689));
#664 = ORIENTED_EDGE('',*,*,#665,.F.);
#665 = EDGE_CURVE('',#211,#666,#668,.T.);
#666 = VERTEX_POINT('',#667);
#667 = CARTESIAN_POINT('',(20.,120.,-8.));
#668 = SURFACE_CURVE('',#669,(#673,#680),.PCURVE_S1.);
#669 = LINE('',#670,#671);
#670 = CARTESIAN_POINT('',(-280.,120.,-8.));
#671 = VECTOR('',#672,1.);
#672 = DIRECTION('',(1.,0.,0.));
#673 = PCURVE('',#254,#674);
#674 = DEFINITIONAL_REPRESENTATION('',(#675),#679);
#675 = LINE('',#676,#677);
#676 = CARTESIAN_POINT('',(0.,0.));
#677 = VECTOR('',#678,1.);
#678 = DIRECTION('',(0.,1.));
#679 = ( GEOMETRIC_REPRESENTATION_CONTEXT(2)
PARAMETRIC_REPRESENTATION_CONTEXT() REPRESENTATION_CONTEXT('2D SPACE',''
  ) );
#680 = PCURVE('',#226,#681);
#681 = DEFINITIONAL_REPRESENTATION('',(#682),#686);
#682 = LINE('',#683,#684);
#683 = CARTESIAN_POINT('',(0.,240.));
#684 = VECTOR('',#685,1.);
#685 = DIRECTION('',(1.,0.));
#686 = ( GEOMETRIC_REPRESENTATION_CONTEXT(2)
PARAMETRIC_REPRESENTATION_CONTEXT() REPRESENTATION_CONTEXT('2D SPACE',''
  ) );
#687 = ORIENTED_EDGE('',*,*,#238,.T.);
#688 = ORIENTED_EDGE('',*,*,#396,.T.);
#689 = ORIENTED_EDGE('',*,*,#690,.F.);
#690 = EDGE_CURVE('',#666,#374,#691,.T.);
#691 = SURFACE_CURVE('',#692,(#696,#703),.PCURVE_S1.);
#692 = LINE('',#693,#694);
#693 = CARTESIAN_POINT('',(20.,120.,-8.));
#694 = VECTOR('',#695,1.);
#695 = DIRECTION('',(0.,0.,1.));
#696 = PCURVE('',#254,#697);
#697 = DEFINITIONAL_REPRESENTATION('',(#698),#702);
#698 = LINE('',#699,#700);
#699 = CARTESIAN_POINT('',(0.,300.));
#700 = VECTOR('',#701,1.);
#701 = DIRECTION('',(1.,0.));
#702 = ( GEOMETRIC_REPRESENTATION_CONTEXT(2)
PARAMETRIC_REPRESENTATION_CONTEXT() REPRESENTATION_CONTEXT('2D SPACE',''
  ) );
#703 = PCURVE('',#356,#704);
#704 = DEFINITIONAL_REPRESENTATION('',(#705),#709);
#705 = LINE('',#706,#707);
#706 = CARTESIAN_POINT('',(0.,-240.));
#707 = VECTOR('',#708,1.);
#708 = DIRECTION('',(1.,0.));
#709 = ( GEOMETRIC_REPRESENTATION_CONTEXT(2)
PARAMETRIC_REPRESENTATION_CONTEXT() REPRESENTATION_CONTEXT('2D SPACE',''
  ) );
#710 = ADVANCED_FACE('',(#711,#737,#767,#797,#827,#857,#887,#917),#226,
  .F.);
#711 = FACE_BOUND('',#712,.F.);
#712 = EDGE_LOOP('',(#713,#714,#715,#736));
#713 = ORIENTED_EDGE('',*,*,#210,.F.);
#714 = ORIENTED_EDGE('',*,*,#295,.T.);
#715 = ORIENTED_EDGE('',*,*,#716,.T.);
#716 = EDGE_CURVE('',#296,#666,#717,.T.);
#717 = SURFACE_CURVE('',#718,(#722,#729),.PCURVE_S1.);
#718 = LINE('',#719,#720);
#719 = CARTESIAN_POINT('',(20.,-120.,-8.));
#720 = VECTOR('',#721,1.);
#721 = DIRECTION('',(0.,1.,0.));
#722 = PCURVE('',#226,#723);
#723 = DEFINITIONAL_REPRESENTATION('',(#724),#728);
#724 = LINE('',#725,#726);
#725 = CARTESIAN_POINT('',(300.,0.));
#726 = VECTOR('',#727,1.);
#727 = DIRECTION('',(0.,1.));
#728 = ( GEOMETRIC_REPRESENTATION_CONTEXT(2)
PARAMETRIC_REPRESENTATION_CONTEXT() REPRESENTATION_CONTEXT('2D SPACE',''
  ) );
#729 = PCURVE('',#356,#730);
#730 = DEFINITIONAL_REPRESENTATION('',(#731),#735);
#731 = LINE('',#732,#733);
#732 = CARTESIAN_POINT('',(0.,0.));
#733 = VECTOR('',#734,1.);
#734 = DIRECTION('',(0.,-1.));
#735 = ( GEOMETRIC_REPRESENTATION_CONTEXT(2)
PARAMETRIC_REPRESENTATION_CONTEXT() REPRESENTATION_CONTEXT('2D SPACE',''
  ) );
#736 = ORIENTED_EDGE('',*,*,#665,.F.);
#737 = FACE_BOUND('',#738,.F.);
#738 = EDGE_LOOP('',(#739));
#739 = ORIENTED_EDGE('',*,*,#740,.T.);
#740 = EDGE_CURVE('',#741,#741,#743,.T.);
#741 = VERTEX_POINT('',#742);
#742 = CARTESIAN_POINT('',(-255.5,-90.,-8.));
#743 = SURFACE_CURVE('',#744,(#749,#760),.PCURVE_S1.);
#744 = CIRCLE('',#745,5.5);
#745 = AXIS2_PLACEMENT_3D('',#746,#747,#748);
#746 = CARTESIAN_POINT('',(-250.,-90.,-8.));
#747 = DIRECTION('',(0.,0.,-1.));
#748 = DIRECTION('',(-1.,0.,0.));
#749 = PCURVE('',#226,#750);
#750 = DEFINITIONAL_REPRESENTATION('',(#751),#759);
#751 = ( BOUNDED_CURVE() B_SPLINE_CURVE(2,(#752,#753,#754,#755,#756,#757
,#758),.UNSPECIFIED.,.T.,.F.) B_SPLINE_CURVE_WITH_KNOTS((1,2,2,2,2,1),(
    -2.094395102393,0.,2.094395102393,4.188790204786,6.28318530718,
8.377580409573),.UNSPECIFIED.) CURVE() GEOMETRIC_REPRESENTATION_ITEM()
RATIONAL_B_SPLINE_CURVE((1.,0.5,1.,0.5,1.,0.5,1.)) REPRESENTATION_ITEM(
  '') );
#752 = CARTESIAN_POINT('',(24.5,30.));
#753 = CARTESIAN_POINT('',(24.5,39.526279441629));
#754 = CARTESIAN_POINT('',(32.75,34.763139720814));
#755 = CARTESIAN_POINT('',(41.,30.));
#756 = CARTESIAN_POINT('',(32.75,25.236860279186));
#757 = CARTESIAN_POINT('',(24.5,20.473720558371));
#758 = CARTESIAN_POINT('',(24.5,30.));
#759 = ( GEOMETRIC_REPRESENTATION_CONTEXT(2)
PARAMETRIC_REPRESENTATION_CONTEXT() REPRESENTATION_CONTEXT('2D SPACE',''
  ) );
#760 = PCURVE('',#440,#761);
#761 = DEFINITIONAL_REPRESENTATION('',(#762),#766);
#762 = LINE('',#763,#764);
#763 = CARTESIAN_POINT('',(0.,8.));
#764 = VECTOR('',#765,1.);
#765 = DIRECTION('',(1.,0.));
#766 = ( GEOMETRIC_REPRESENTATION_CONTEXT(2)
PARAMETRIC_REPRESENTATION_CONTEXT() REPRESENTATION_CONTEXT('2D SPACE',''
  ) );
#767 = FACE_BOUND('',#768,.F.);
#768 = EDGE_LOOP('',(#769));
#769 = ORIENTED_EDGE('',*,*,#770,.T.);
#770 = EDGE_CURVE('',#771,#771,#773,.T.);
#771 = VERTEX_POINT('',#772);
#772 = CARTESIAN_POINT('',(-135.25,-60.,-8.));
#773 = SURFACE_CURVE('',#774,(#779,#790),.PCURVE_S1.);
#774 = CIRCLE('',#775,5.25);
#775 = AXIS2_PLACEMENT_3D('',#776,#777,#778);
#776 = CARTESIAN_POINT('',(-130.,-60.,-8.));
#777 = DIRECTION('',(0.,0.,-1.));
#778 = DIRECTION('',(-1.,0.,0.));
#779 = PCURVE('',#226,#780);
#780 = DEFINITIONAL_REPRESENTATION('',(#781),#789);
#781 = ( BOUNDED_CURVE() B_SPLINE_CURVE(2,(#782,#783,#784,#785,#786,#787
,#788),.UNSPECIFIED.,.T.,.F.) B_SPLINE_CURVE_WITH_KNOTS((1,2,2,2,2,1),(
    -2.094395102393,0.,2.094395102393,4.188790204786,6.28318530718,
8.377580409573),.UNSPECIFIED.) CURVE() GEOMETRIC_REPRESENTATION_ITEM()
RATIONAL_B_SPLINE_CURVE((1.,0.5,1.,0.5,1.,0.5,1.)) REPRESENTATION_ITEM(
  '') );
#782 = CARTESIAN_POINT('',(144.75,60.));
#783 = CARTESIAN_POINT('',(144.75,69.093266739737));
#784 = CARTESIAN_POINT('',(152.625,64.546633369868));
#785 = CARTESIAN_POINT('',(160.5,60.));
#786 = CARTESIAN_POINT('',(152.625,55.453366630132));
#787 = CARTESIAN_POINT('',(144.75,50.906733260263));
#788 = CARTESIAN_POINT('',(144.75,60.));
#789 = ( GEOMETRIC_REPRESENTATION_CONTEXT(2)
PARAMETRIC_REPRESENTATION_CONTEXT() REPRESENTATION_CONTEXT('2D SPACE',''
  ) );
#790 = PCURVE('',#475,#791);
#791 = DEFINITIONAL_REPRESENTATION('',(#792),#796);
#792 = LINE('',#793,#794);
#793 = CARTESIAN_POINT('',(0.,8.));
#794 = VECTOR('',#795,1.);
#795 = DIRECTION('',(1.,0.));
#796 = ( GEOMETRIC_REPRESENTATION_CONTEXT(2)
PARAMETRIC_REPRESENTATION_CONTEXT() REPRESENTATION_CONTEXT('2D SPACE',''
  ) );
#797 = FACE_BOUND('',#798,.F.);
#798 = EDGE_LOOP('',(#799));
#799 = ORIENTED_EDGE('',*,*,#800,.T.);
#800 = EDGE_CURVE('',#801,#801,#803,.T.);
#801 = VERTEX_POINT('',#802);
#802 = CARTESIAN_POINT('',(-15.5,-90.,-8.));
#803 = SURFACE_CURVE('',#804,(#809,#820),.PCURVE_S1.);
#804 = CIRCLE('',#805,5.5);
#805 = AXIS2_PLACEMENT_3D('',#806,#807,#808);
#806 = CARTESIAN_POINT('',(-10.,-90.,-8.));
#807 = DIRECTION('',(0.,0.,-1.));
#808 = DIRECTION('',(-1.,0.,0.));
#809 = PCURVE('',#226,#810);
#810 = DEFINITIONAL_REPRESENTATION('',(#811),#819);
#811 = ( BOUNDED_CURVE() B_SPLINE_CURVE(2,(#812,#813,#814,#815,#816,#817
,#818),.UNSPECIFIED.,.T.,.F.) B_SPLINE_CURVE_WITH_KNOTS((1,2,2,2,2,1),(
    -2.094395102393,0.,2.094395102393,4.188790204786,6.28318530718,
8.377580409573),.UNSPECIFIED.) CURVE() GEOMETRIC_REPRESENTATION_ITEM()
RATIONAL_B_SPLINE_CURVE((1.,0.5,1.,0.5,1.,0.5,1.)) REPRESENTATION_ITEM(
  '') );
#812 = CARTESIAN_POINT('',(264.5,30.));
#813 = CARTESIAN_POINT('',(264.5,39.526279441629));
#814 = CARTESIAN_POINT('',(272.75,34.763139720814));
#815 = CARTESIAN_POINT('',(281.,30.));
#816 = CARTESIAN_POINT('',(272.75,25.236860279186));
#817 = CARTESIAN_POINT('',(264.5,20.473720558371));
#818 = CARTESIAN_POINT('',(264.5,30.));
#819 = ( GEOMETRIC_REPRESENTATION_CONTEXT(2)
PARAMETRIC_REPRESENTATION_CONTEXT() REPRESENTATION_CONTEXT('2D SPACE',''
  ) );
#820 = PCURVE('',#510,#821);
#821 = DEFINITIONAL_REPRESENTATION('',(#822),#826);
#822 = LINE('',#823,#824);
#823 = CARTESIAN_POINT('',(0.,8.));
#824 = VECTOR('',#825,1.);
#825 = DIRECTION('',(1.,0.));
#826 = ( GEOMETRIC_REPRESENTATION_CONTEXT(2)
PARAMETRIC_REPRESENTATION_CONTEXT() REPRESENTATION_CONTEXT('2D SPACE',''
  ) );
#827 = FACE_BOUND('',#828,.F.);
#828 = EDGE_LOOP('',(#829));
#829 = ORIENTED_EDGE('',*,*,#830,.T.);
#830 = EDGE_CURVE('',#831,#831,#833,.T.);
#831 = VERTEX_POINT('',#832);
#832 = CARTESIAN_POINT('',(-135.25,40.,-8.));
#833 = SURFACE_CURVE('',#834,(#839,#850),.PCURVE_S1.);
#834 = CIRCLE('',#835,5.25);
#835 = AXIS2_PLACEMENT_3D('',#836,#837,#838);
#836 = CARTESIAN_POINT('',(-130.,40.,-8.));
#837 = DIRECTION('',(0.,0.,-1.));
#838 = DIRECTION('',(-1.,0.,0.));
#839 = PCURVE('',#226,#840);
#840 = DEFINITIONAL_REPRESENTATION('',(#841),#849);
#841 = ( BOUNDED_CURVE() B_SPLINE_CURVE(2,(#842,#843,#844,#845,#846,#847
,#848),.UNSPECIFIED.,.T.,.F.) B_SPLINE_CURVE_WITH_KNOTS((1,2,2,2,2,1),(
    -2.094395102393,0.,2.094395102393,4.188790204786,6.28318530718,
8.377580409573),.UNSPECIFIED.) CURVE() GEOMETRIC_REPRESENTATION_ITEM()
RATIONAL_B_SPLINE_CURVE((1.,0.5,1.,0.5,1.,0.5,1.)) REPRESENTATION_ITEM(
  '') );
#842 = CARTESIAN_POINT('',(144.75,160.));
#843 = CARTESIAN_POINT('',(144.75,169.09326673973));
#844 = CARTESIAN_POINT('',(152.625,164.54663336986));
#845 = CARTESIAN_POINT('',(160.5,160.));
#846 = CARTESIAN_POINT('',(152.625,155.45336663013));
#847 = CARTESIAN_POINT('',(144.75,150.90673326026));
#848 = CARTESIAN_POINT('',(144.75,160.));
#849 = ( GEOMETRIC_REPRESENTATION_CONTEXT(2)
PARAMETRIC_REPRESENTATION_CONTEXT() REPRESENTATION_CONTEXT('2D SPACE',''
  ) );
#850 = PCURVE('',#545,#851);
#851 = DEFINITIONAL_REPRESENTATION('',(#852),#856);
#852 = LINE('',#853,#854);
#853 = CARTESIAN_POINT('',(0.,8.));
#854 = VECTOR('',#855,1.);
#855 = DIRECTION('',(1.,0.));
#856 = ( GEOMETRIC_REPRESENTATION_CONTEXT(2)
PARAMETRIC_REPRESENTATION_CONTEXT() REPRESENTATION_CONTEXT('2D SPACE',''
  ) );
#857 = FACE_BOUND('',#858,.F.);
#858 = EDGE_LOOP('',(#859));
#859 = ORIENTED_EDGE('',*,*,#860,.T.);
#860 = EDGE_CURVE('',#861,#861,#863,.T.);
#861 = VERTEX_POINT('',#862);
#862 = CARTESIAN_POINT('',(-255.5,90.,-8.));
#863 = SURFACE_CURVE('',#864,(#869,#880),.PCURVE_S1.);
#864 = CIRCLE('',#865,5.5);
#865 = AXIS2_PLACEMENT_3D('',#866,#867,#868);
#866 = CARTESIAN_POINT('',(-250.,90.,-8.));
#867 = DIRECTION('',(0.,0.,-1.));
#868 = DIRECTION('',(-1.,0.,0.));
#869 = PCURVE('',#226,#870);
#870 = DEFINITIONAL_REPRESENTATION('',(#871),#879);
#871 = ( BOUNDED_CURVE() B_SPLINE_CURVE(2,(#872,#873,#874,#875,#876,#877
,#878),.UNSPECIFIED.,.T.,.F.) B_SPLINE_CURVE_WITH_KNOTS((1,2,2,2,2,1),(
    -2.094395102393,0.,2.094395102393,4.188790204786,6.28318530718,
8.377580409573),.UNSPECIFIED.) CURVE() GEOMETRIC_REPRESENTATION_ITEM()
RATIONAL_B_SPLINE_CURVE((1.,0.5,1.,0.5,1.,0.5,1.)) REPRESENTATION_ITEM(
  '') );
#872 = CARTESIAN_POINT('',(24.5,210.));
#873 = CARTESIAN_POINT('',(24.5,219.52627944162));
#874 = CARTESIAN_POINT('',(32.75,214.76313972081));
#875 = CARTESIAN_POINT('',(41.,210.));
#876 = CARTESIAN_POINT('',(32.75,205.23686027918));
#877 = CARTESIAN_POINT('',(24.5,200.47372055837));
#878 = CARTESIAN_POINT('',(24.5,210.));
#879 = ( GEOMETRIC_REPRESENTATION_CONTEXT(2)
PARAMETRIC_REPRESENTATION_CONTEXT() REPRESENTATION_CONTEXT('2D SPACE',''
  ) );
#880 = PCURVE('',#580,#881);
#881 = DEFINITIONAL_REPRESENTATION('',(#882),#886);
#882 = LINE('',#883,#884);
#883 = CARTESIAN_POINT('',(0.,8.));
#884 = VECTOR('',#885,1.);
#885 = DIRECTION('',(1.,0.));
#886 = ( GEOMETRIC_REPRESENTATION_CONTEXT(2)
PARAMETRIC_REPRESENTATION_CONTEXT() REPRESENTATION_CONTEXT('2D SPACE',''
  ) );
#887 = FACE_BOUND('',#888,.F.);
#888 = EDGE_LOOP('',(#889));
#889 = ORIENTED_EDGE('',*,*,#890,.T.);
#890 = EDGE_CURVE('',#891,#891,#893,.T.);
#891 = VERTEX_POINT('',#892);
#892 = CARTESIAN_POINT('',(-3.,-7.347880794884E-16,-8.));
#893 = SURFACE_CURVE('',#894,(#899,#910),.PCURVE_S1.);
#894 = CIRCLE('',#895,3.);
#895 = AXIS2_PLACEMENT_3D('',#896,#897,#898);
#896 = CARTESIAN_POINT('',(0.,0.,-8.));
#897 = DIRECTION('',(0.,0.,-1.));
#898 = DIRECTION('',(-1.,0.,0.));
#899 = PCURVE('',#226,#900);
#900 = DEFINITIONAL_REPRESENTATION('',(#901),#909);
#901 = ( BOUNDED_CURVE() B_SPLINE_CURVE(2,(#902,#903,#904,#905,#906,#907
,#908),.UNSPECIFIED.,.T.,.F.) B_SPLINE_CURVE_WITH_KNOTS((1,2,2,2,2,1),(
    -2.094395102393,0.,2.094395102393,4.188790204786,6.28318530718,
8.377580409573),.UNSPECIFIED.) CURVE() GEOMETRIC_REPRESENTATION_ITEM()
RATIONAL_B_SPLINE_CURVE((1.,0.5,1.,0.5,1.,0.5,1.)) REPRESENTATION_ITEM(
  '') );
#902 = CARTESIAN_POINT('',(277.,120.));
#903 = CARTESIAN_POINT('',(277.,125.1961524227));
#904 = CARTESIAN_POINT('',(281.5,122.59807621135));
#905 = CARTESIAN_POINT('',(286.,120.));
#906 = CARTESIAN_POINT('',(281.5,117.40192378864));
#907 = CARTESIAN_POINT('',(277.,114.80384757729));
#908 = CARTESIAN_POINT('',(277.,120.));
#909 = ( GEOMETRIC_REPRESENTATION_CONTEXT(2)
PARAMETRIC_REPRESENTATION_CONTEXT() REPRESENTATION_CONTEXT('2D SPACE',''
  ) );
#910 = PCURVE('',#615,#911);
#911 = DEFINITIONAL_REPRESENTATION('',(#912),#916);
#912 = LINE('',#913,#914);
#913 = CARTESIAN_POINT('',(0.,8.));
#914 = VECTOR('',#915,1.);
#915 = DIRECTION('',(1.,0.));
#916 = ( GEOMETRIC_REPRESENTATION_CONTEXT(2)
PARAMETRIC_REPRESENTATION_CONTEXT() REPRESENTATION_CONTEXT('2D SPACE',''
  ) );
#917 = FACE_BOUND('',#918,.F.);
#918 = EDGE_LOOP('',(#919));
#919 = ORIENTED_EDGE('',*,*,#920,.T.);
#920 = EDGE_CURVE('',#921,#921,#923,.T.);
#921 = VERTEX_POINT('',#922);
#922 = CARTESIAN_POINT('',(-15.5,90.,-8.));
#923 = SURFACE_CURVE('',#924,(#929,#940),.PCURVE_S1.);
#924 = CIRCLE('',#925,5.5);
#925 = AXIS2_PLACEMENT_3D('',#926,#927,#928);
#926 = CARTESIAN_POINT('',(-10.,90.,-8.));
#927 = DIRECTION('',(0.,0.,-1.));
#928 = DIRECTION('',(-1.,0.,0.));
#929 = PCURVE('',#226,#930);
#930 = DEFINITIONAL_REPRESENTATION('',(#931),#939);
#931 = ( BOUNDED_CURVE() B_SPLINE_CURVE(2,(#932,#933,#934,#935,#936,#937
,#938),.UNSPECIFIED.,.T.,.F.) B_SPLINE_CURVE_WITH_KNOTS((1,2,2,2,2,1),(
    -2.094395102393,0.,2.094395102393,4.188790204786,6.28318530718,
8.377580409573),.UNSPECIFIED.) CURVE() GEOMETRIC_REPRESENTATION_ITEM()
RATIONAL_B_SPLINE_CURVE((1.,0.5,1.,0.5,1.,0.5,1.)) REPRESENTATION_ITEM(
  '') );
#932 = CARTESIAN_POINT('',(264.5,210.));
#933 = CARTESIAN_POINT('',(264.5,219.52627944162));
#934 = CARTESIAN_POINT('',(272.75,214.76313972081));
#935 = CARTESIAN_POINT('',(281.,210.));
#936 = CARTESIAN_POINT('',(272.75,205.23686027918));
#937 = CARTESIAN_POINT('',(264.5,200.47372055837));
#938 = CARTESIAN_POINT('',(264.5,210.));
#939 = ( GEOMETRIC_REPRESENTATION_CONTEXT(2)
PARAMETRIC_REPRESENTATION_CONTEXT() REPRESENTATION_CONTEXT('2D SPACE',''
  ) );
#940 = PCURVE('',#650,#941);
#941 = DEFINITIONAL_REPRESENTATION('',(#942),#946);
#942 = LINE('',#943,#944);
#943 = CARTESIAN_POINT('',(0.,8.));
#944 = VECTOR('',#945,1.);
#945 = DIRECTION('',(1.,0.));
#946 = ( GEOMETRIC_REPRESENTATION_CONTEXT(2)
PARAMETRIC_REPRESENTATION_CONTEXT() REPRESENTATION_CONTEXT('2D SPACE',''
  ) );
#947 = ADVANCED_FACE('',(#948),#356,.T.);
#948 = FACE_BOUND('',#949,.T.);
#949 = EDGE_LOOP('',(#950,#951,#952,#953));
#950 = ORIENTED_EDGE('',*,*,#342,.F.);
#951 = ORIENTED_EDGE('',*,*,#716,.T.);
#952 = ORIENTED_EDGE('',*,*,#690,.T.);
#953 = ORIENTED_EDGE('',*,*,#373,.F.);
#954 = ADVANCED_FACE('',(#955),#440,.F.);
#955 = FACE_BOUND('',#956,.F.);
#956 = EDGE_LOOP('',(#957,#958,#979,#980));
#957 = ORIENTED_EDGE('',*,*,#740,.F.);
#958 = ORIENTED_EDGE('',*,*,#959,.F.);
#959 = EDGE_CURVE('',#420,#741,#960,.T.);
#960 = SEAM_CURVE('',#961,(#965,#972),.PCURVE_S1.);
#961 = LINE('',#962,#963);
#962 = CARTESIAN_POINT('',(-255.5,-90.,0.));
#963 = VECTOR('',#964,1.);
#964 = DIRECTION('',(0.,0.,-1.));
#965 = PCURVE('',#440,#966);
#966 = DEFINITIONAL_REPRESENTATION('',(#967),#971);
#967 = LINE('',#968,#969);
#968 = CARTESIAN_POINT('',(6.28318530718,-0.));
#969 = VECTOR('',#970,1.);
#970 = DIRECTION('',(0.,1.));
#971 = ( GEOMETRIC_REPRESENTATION_CONTEXT(2)
PARAMETRIC_REPRESENTATION_CONTEXT() REPRESENTATION_CONTEXT('2D SPACE',''
  ) );
#972 = PCURVE('',#440,#973);
#973 = DEFINITIONAL_REPRESENTATION('',(#974),#978);
#974 = LINE('',#975,#976);
#975 = CARTESIAN_POINT('',(0.,-0.));
#976 = VECTOR('',#977,1.);
#977 = DIRECTION('',(0.,1.));
#978 = ( GEOMETRIC_REPRESENTATION_CONTEXT(2)
PARAMETRIC_REPRESENTATION_CONTEXT() REPRESENTATION_CONTEXT('2D SPACE',''
  ) );
#979 = ORIENTED_EDGE('',*,*,#419,.T.);
#980 = ORIENTED_EDGE('',*,*,#959,.T.);
#981 = ADVANCED_FACE('',(#982),#475,.F.);
#982 = FACE_BOUND('',#983,.F.);
#983 = EDGE_LOOP('',(#984,#985,#1006,#1007));
#984 = ORIENTED_EDGE('',*,*,#770,.F.);
#985 = ORIENTED_EDGE('',*,*,#986,.F.);
#986 = EDGE_CURVE('',#455,#771,#987,.T.);
#987 = SEAM_CURVE('',#988,(#992,#999),.PCURVE_S1.);
#988 = LINE('',#989,#990);
#989 = CARTESIAN_POINT('',(-135.25,-60.,0.));
#990 = VECTOR('',#991,1.);
#991 = DIRECTION('',(0.,0.,-1.));
#992 = PCURVE('',#475,#993);
#993 = DEFINITIONAL_REPRESENTATION('',(#994),#998);
#994 = LINE('',#995,#996);
#995 = CARTESIAN_POINT('',(6.28318530718,-0.));
#996 = VECTOR('',#997,1.);
#997 = DIRECTION('',(0.,1.));
#998 = ( GEOMETRIC_REPRESENTATION_CONTEXT(2)
PARAMETRIC_REPRESENTATION_CONTEXT() REPRESENTATION_CONTEXT('2D SPACE',''
  ) );
#999 = PCURVE('',#475,#1000);
#1000 = DEFINITIONAL_REPRESENTATION('',(#1001),#1005);
#1001 = LINE('',#1002,#1003);
#1002 = CARTESIAN_POINT('',(0.,-0.));
#1003 = VECTOR('',#1004,1.);
#1004 = DIRECTION('',(0.,1.));
#1005 = ( GEOMETRIC_REPRESENTATION_CONTEXT(2)
PARAMETRIC_REPRESENTATION_CONTEXT() REPRESENTATION_CONTEXT('2D SPACE',''
  ) );
#1006 = ORIENTED_EDGE('',*,*,#454,.T.);
#1007 = ORIENTED_EDGE('',*,*,#986,.T.);
#1008 = ADVANCED_FACE('',(#1009),#510,.F.);
#1009 = FACE_BOUND('',#1010,.F.);
#1010 = EDGE_LOOP('',(#1011,#1012,#1033,#1034));
#1011 = ORIENTED_EDGE('',*,*,#800,.F.);
#1012 = ORIENTED_EDGE('',*,*,#1013,.F.);
#1013 = EDGE_CURVE('',#490,#801,#1014,.T.);
#1014 = SEAM_CURVE('',#1015,(#1019,#1026),.PCURVE_S1.);
#1015 = LINE('',#1016,#1017);
#1016 = CARTESIAN_POINT('',(-15.5,-90.,0.));
#1017 = VECTOR('',#1018,1.);
#1018 = DIRECTION('',(0.,0.,-1.));
#1019 = PCURVE('',#510,#1020);
#1020 = DEFINITIONAL_REPRESENTATION('',(#1021),#1025);
#1021 = LINE('',#1022,#1023);
#1022 = CARTESIAN_POINT('',(6.28318530718,-0.));
#1023 = VECTOR('',#1024,1.);
#1024 = DIRECTION('',(0.,1.));
#1025 = ( GEOMETRIC_REPRESENTATION_CONTEXT(2)
PARAMETRIC_REPRESENTATION_CONTEXT() REPRESENTATION_CONTEXT('2D SPACE',''
  ) );
#1026 = PCURVE('',#510,#1027);
#1027 = DEFINITIONAL_REPRESENTATION('',(#1028),#1032);
#1028 = LINE('',#1029,#1030);
#1029 = CARTESIAN_POINT('',(0.,-0.));
#1030 = VECTOR('',#1031,1.);
#1031 = DIRECTION('',(0.,1.));
#1032 = ( GEOMETRIC_REPRESENTATION_CONTEXT(2)
PARAMETRIC_REPRESENTATION_CONTEXT() REPRESENTATION_CONTEXT('2D SPACE',''
  ) );
#1033 = ORIENTED_EDGE('',*,*,#489,.T.);
#1034 = ORIENTED_EDGE('',*,*,#1013,.T.);
#1035 = ADVANCED_FACE('',(#1036),#545,.F.);
#1036 = FACE_BOUND('',#1037,.F.);
#1037 = EDGE_LOOP('',(#1038,#1039,#1060,#1061));
#1038 = ORIENTED_EDGE('',*,*,#830,.F.);
#1039 = ORIENTED_EDGE('',*,*,#1040,.F.);
#1040 = EDGE_CURVE('',#525,#831,#1041,.T.);
#1041 = SEAM_CURVE('',#1042,(#1046,#1053),.PCURVE_S1.);
#1042 = LINE('',#1043,#1044);
#1043 = CARTESIAN_POINT('',(-135.25,40.,0.));
#1044 = VECTOR('',#1045,1.);
#1045 = DIRECTION('',(0.,0.,-1.));
#1046 = PCURVE('',#545,#1047);
#1047 = DEFINITIONAL_REPRESENTATION('',(#1048),#1052);
#1048 = LINE('',#1049,#1050);
#1049 = CARTESIAN_POINT('',(6.28318530718,-0.));
#1050 = VECTOR('',#1051,1.);
#1051 = DIRECTION('',(0.,1.));
#1052 = ( GEOMETRIC_REPRESENTATION_CONTEXT(2)
PARAMETRIC_REPRESENTATION_CONTEXT() REPRESENTATION_CONTEXT('2D SPACE',''
  ) );
#1053 = PCURVE('',#545,#1054);
#1054 = DEFINITIONAL_REPRESENTATION('',(#1055),#1059);
#1055 = LINE('',#1056,#1057);
#1056 = CARTESIAN_POINT('',(0.,-0.));
#1057 = VECTOR('',#1058,1.);
#1058 = DIRECTION('',(0.,1.));
#1059 = ( GEOMETRIC_REPRESENTATION_CONTEXT(2)
PARAMETRIC_REPRESENTATION_CONTEXT() REPRESENTATION_CONTEXT('2D SPACE',''
  ) );
#1060 = ORIENTED_EDGE('',*,*,#524,.T.);
#1061 = ORIENTED_EDGE('',*,*,#1040,.T.);
#1062 = ADVANCED_FACE('',(#1063),#580,.F.);
#1063 = FACE_BOUND('',#1064,.F.);
#1064 = EDGE_LOOP('',(#1065,#1066,#1087,#1088));
#1065 = ORIENTED_EDGE('',*,*,#860,.F.);
#1066 = ORIENTED_EDGE('',*,*,#1067,.F.);
#1067 = EDGE_CURVE('',#560,#861,#1068,.T.);
#1068 = SEAM_CURVE('',#1069,(#1073,#1080),.PCURVE_S1.);
#1069 = LINE('',#1070,#1071);
#1070 = CARTESIAN_POINT('',(-255.5,90.,0.));
#1071 = VECTOR('',#1072,1.);
#1072 = DIRECTION('',(0.,0.,-1.));
#1073 = PCURVE('',#580,#1074);
#1074 = DEFINITIONAL_REPRESENTATION('',(#1075),#1079);
#1075 = LINE('',#1076,#1077);
#1076 = CARTESIAN_POINT('',(6.28318530718,-0.));
#1077 = VECTOR('',#1078,1.);
#1078 = DIRECTION('',(0.,1.));
#1079 = ( GEOMETRIC_REPRESENTATION_CONTEXT(2)
PARAMETRIC_REPRESENTATION_CONTEXT() REPRESENTATION_CONTEXT('2D SPACE',''
  ) );
#1080 = PCURVE('',#580,#1081);
#1081 = DEFINITIONAL_REPRESENTATION('',(#1082),#1086);
#1082 = LINE('',#1083,#1084);
#1083 = CARTESIAN_POINT('',(0.,-0.));
#1084 = VECTOR('',#1085,1.);
#1085 = DIRECTION('',(0.,1.));
#1086 = ( GEOMETRIC_REPRESENTATION_CONTEXT(2)
PARAMETRIC_REPRESENTATION_CONTEXT() REPRESENTATION_CONTEXT('2D SPACE',''
  ) );
#1087 = ORIENTED_EDGE('',*,*,#559,.T.);
#1088 = ORIENTED_EDGE('',*,*,#1067,.T.);
#1089 = ADVANCED_FACE('',(#1090),#615,.F.);
#1090 = FACE_BOUND('',#1091,.F.);
#1091 = EDGE_LOOP('',(#1092,#1093,#1114,#1115));
#1092 = ORIENTED_EDGE('',*,*,#890,.F.);
#1093 = ORIENTED_EDGE('',*,*,#1094,.F.);
#1094 = EDGE_CURVE('',#595,#891,#1095,.T.);
#1095 = SEAM_CURVE('',#1096,(#1100,#1107),.PCURVE_S1.);
#1096 = LINE('',#1097,#1098);
#1097 = CARTESIAN_POINT('',(-3.,-7.347880794884E-16,0.));
#1098 = VECTOR('',#1099,1.);
#1099 = DIRECTION('',(0.,0.,-1.));
#1100 = PCURVE('',#615,#1101);
#1101 = DEFINITIONAL_REPRESENTATION('',(#1102),#1106);
#1102 = LINE('',#1103,#1104);
#1103 = CARTESIAN_POINT('',(6.28318530718,-0.));
#1104 = VECTOR('',#1105,1.);
#1105 = DIRECTION('',(0.,1.));
#1106 = ( GEOMETRIC_REPRESENTATION_CONTEXT(2)
PARAMETRIC_REPRESENTATION_CONTEXT() REPRESENTATION_CONTEXT('2D SPACE',''
  ) );
#1107 = PCURVE('',#615,#1108);
#1108 = DEFINITIONAL_REPRESENTATION('',(#1109),#1113);
#1109 = LINE('',#1110,#1111);
#1110 = CARTESIAN_POINT('',(0.,-0.));
#1111 = VECTOR('',#1112,1.);
#1112 = DIRECTION('',(0.,1.));
#1113 = ( GEOMETRIC_REPRESENTATION_CONTEXT(2)
PARAMETRIC_REPRESENTATION_CONTEXT() REPRESENTATION_CONTEXT('2D SPACE',''
  ) );
#1114 = ORIENTED_EDGE('',*,*,#594,.T.);
#1115 = ORIENTED_EDGE('',*,*,#1094,.T.);
#1116 = ADVANCED_FACE('',(#1117),#650,.F.);
#1117 = FACE_BOUND('',#1118,.F.);
#1118 = EDGE_LOOP('',(#1119,#1120,#1141,#1142));
#1119 = ORIENTED_EDGE('',*,*,#920,.F.);
#1120 = ORIENTED_EDGE('',*,*,#1121,.F.);
#1121 = EDGE_CURVE('',#630,#921,#1122,.T.);
#1122 = SEAM_CURVE('',#1123,(#1127,#1134),.PCURVE_S1.);
#1123 = LINE('',#1124,#1125);
#1124 = CARTESIAN_POINT('',(-15.5,90.,0.));
#1125 = VECTOR('',#1126,1.);
#1126 = DIRECTION('',(0.,0.,-1.));
#1127 = PCURVE('',#650,#1128);
#1128 = DEFINITIONAL_REPRESENTATION('',(#1129),#1133);
#1129 = LINE('',#1130,#1131);
#1130 = CARTESIAN_POINT('',(6.28318530718,-0.));
#1131 = VECTOR('',#1132,1.);
#1132 = DIRECTION('',(0.,1.));
#1133 = ( GEOMETRIC_REPRESENTATION_CONTEXT(2)
PARAMETRIC_REPRESENTATION_CONTEXT() REPRESENTATION_CONTEXT('2D SPACE',''
  ) );
#1134 = PCURVE('',#650,#1135);
#1135 = DEFINITIONAL_REPRESENTATION('',(#1136),#1140);
#1136 = LINE('',#1137,#1138);
#1137 = CARTESIAN_POINT('',(0.,-0.));
#1138 = VECTOR('',#1139,1.);
#1139 = DIRECTION('',(0.,1.));
#1140 = ( GEOMETRIC_REPRESENTATION_CONTEXT(2)
PARAMETRIC_REPRESENTATION_CONTEXT() REPRESENTATION_CONTEXT('2D SPACE',''
  ) );
#1141 = ORIENTED_EDGE('',*,*,#629,.T.);
#1142 = ORIENTED_EDGE('',*,*,#1121,.T.);
#1143 = ( GEOMETRIC_REPRESENTATION_CONTEXT(3)
GLOBAL_UNCERTAINTY_ASSIGNED_CONTEXT((#1147))
GLOBAL_UNIT_ASSIGNED_CONTEXT((#1144,#1145,#1146)) REPRESENTATION_CONTEXT
('Context #1','3D Context with UNIT and UNCERTAINTY') );
#1144 = ( LENGTH_UNIT() NAMED_UNIT(*) SI_UNIT(.MILLI.,.METRE.) );
#1145 = ( NAMED_UNIT(*) PLANE_ANGLE_UNIT() SI_UNIT($,.RADIAN.) );
#1146 = ( NAMED_UNIT(*) SI_UNIT($,.STERADIAN.) SOLID_ANGLE_UNIT() );
#1147 = UNCERTAINTY_MEASURE_WITH_UNIT(LENGTH_MEASURE(1.E-07),#1144,
  'distance_accuracy_value','confusion accuracy');
#1148 = CONTEXT_DEPENDENT_SHAPE_REPRESENTATION(#1149,#1151);
#1149 = ( REPRESENTATION_RELATIONSHIP('','',#168,#10)
REPRESENTATION_RELATIONSHIP_WITH_TRANSFORMATION(#1150)
SHAPE_REPRESENTATION_RELATIONSHIP() );
#1150 = ITEM_DEFINED_TRANSFORMATION('','',#11,#15);
#1151 = PRODUCT_DEFINITION_SHAPE('Placement','Placement of an item',
  #1152);
#1152 = NEXT_ASSEMBLY_USAGE_OCCURRENCE('1','','',#5,#163,$);
#1153 = PRODUCT_RELATED_PRODUCT_CATEGORY('part',$,(#165));
#1154 = SHAPE_DEFINITION_REPRESENTATION(#1155,#1161);
#1155 = PRODUCT_DEFINITION_SHAPE('','',#1156);
#1156 = PRODUCT_DEFINITION('design','',#1157,#1160);
#1157 = PRODUCT_DEFINITION_FORMATION('','',#1158);
#1158 = PRODUCT('Open CASCADE STEP translator 7.8 20.2',
  'Open CASCADE STEP translator 7.8 20.2','',(#1159));
#1159 = PRODUCT_CONTEXT('',#2,'mechanical');
#1160 = PRODUCT_DEFINITION_CONTEXT('part definition',#2,'design');
#1161 = ADVANCED_BREP_SHAPE_REPRESENTATION('',(#11,#1162),#1584);
#1162 = MANIFOLD_SOLID_BREP('',#1163);
#1163 = CLOSED_SHELL('',(#1164,#1284,#1360,#1444,#1493,#1550,#1557));
#1164 = ADVANCED_FACE('',(#1165),#1179,.F.);
#1165 = FACE_BOUND('',#1166,.F.);
#1166 = EDGE_LOOP('',(#1167,#1202,#1230,#1258));
#1167 = ORIENTED_EDGE('',*,*,#1168,.F.);
#1168 = EDGE_CURVE('',#1169,#1171,#1173,.T.);
#1169 = VERTEX_POINT('',#1170);
#1170 = CARTESIAN_POINT('',(-142.5,-72.5,0.));
#1171 = VERTEX_POINT('',#1172);
#1172 = CARTESIAN_POINT('',(-142.5,-72.5,32.));
#1173 = SURFACE_CURVE('',#1174,(#1178,#1190),.PCURVE_S1.);
#1174 = LINE('',#1175,#1176);
#1175 = CARTESIAN_POINT('',(-142.5,-72.5,0.));
#1176 = VECTOR('',#1177,1.);
#1177 = DIRECTION('',(0.,0.,1.));
#1178 = PCURVE('',#1179,#1184);
#1179 = PLANE('',#1180);
#1180 = AXIS2_PLACEMENT_3D('',#1181,#1182,#1183);
#1181 = CARTESIAN_POINT('',(-142.5,-72.5,0.));
#1182 = DIRECTION('',(1.,0.,0.));
#1183 = DIRECTION('',(0.,0.,1.));
#1184 = DEFINITIONAL_REPRESENTATION('',(#1185),#1189);
#1185 = LINE('',#1186,#1187);
#1186 = CARTESIAN_POINT('',(0.,0.));
#1187 = VECTOR('',#1188,1.);
#1188 = DIRECTION('',(1.,0.));
#1189 = ( GEOMETRIC_REPRESENTATION_CONTEXT(2)
PARAMETRIC_REPRESENTATION_CONTEXT() REPRESENTATION_CONTEXT('2D SPACE',''
  ) );
#1190 = PCURVE('',#1191,#1196);
#1191 = PLANE('',#1192);
#1192 = AXIS2_PLACEMENT_3D('',#1193,#1194,#1195);
#1193 = CARTESIAN_POINT('',(-142.5,-72.5,0.));
#1194 = DIRECTION('',(0.,1.,0.));
#1195 = DIRECTION('',(0.,0.,1.));
#1196 = DEFINITIONAL_REPRESENTATION('',(#1197),#1201);
#1197 = LINE('',#1198,#1199);
#1198 = CARTESIAN_POINT('',(0.,0.));
#1199 = VECTOR('',#1200,1.);
#1200 = DIRECTION('',(1.,0.));
#1201 = ( GEOMETRIC_REPRESENTATION_CONTEXT(2)
PARAMETRIC_REPRESENTATION_CONTEXT() REPRESENTATION_CONTEXT('2D SPACE',''
  ) );
#1202 = ORIENTED_EDGE('',*,*,#1203,.T.);
#1203 = EDGE_CURVE('',#1169,#1204,#1206,.T.);
#1204 = VERTEX_POINT('',#1205);
#1205 = CARTESIAN_POINT('',(-142.5,-47.5,0.));
#1206 = SURFACE_CURVE('',#1207,(#1211,#1218),.PCURVE_S1.);
#1207 = LINE('',#1208,#1209);
#1208 = CARTESIAN_POINT('',(-142.5,-72.5,0.));
#1209 = VECTOR('',#1210,1.);
#1210 = DIRECTION('',(0.,1.,0.));
#1211 = PCURVE('',#1179,#1212);
#1212 = DEFINITIONAL_REPRESENTATION('',(#1213),#1217);
#1213 = LINE('',#1214,#1215);
#1214 = CARTESIAN_POINT('',(0.,0.));
#1215 = VECTOR('',#1216,1.);
#1216 = DIRECTION('',(0.,-1.));
#1217 = ( GEOMETRIC_REPRESENTATION_CONTEXT(2)
PARAMETRIC_REPRESENTATION_CONTEXT() REPRESENTATION_CONTEXT('2D SPACE',''
  ) );
#1218 = PCURVE('',#1219,#1224);
#1219 = PLANE('',#1220);
#1220 = AXIS2_PLACEMENT_3D('',#1221,#1222,#1223);
#1221 = CARTESIAN_POINT('',(-142.5,-72.5,0.));
#1222 = DIRECTION('',(0.,0.,1.));
#1223 = DIRECTION('',(1.,0.,0.));
#1224 = DEFINITIONAL_REPRESENTATION('',(#1225),#1229);
#1225 = LINE('',#1226,#1227);
#1226 = CARTESIAN_POINT('',(0.,0.));
#1227 = VECTOR('',#1228,1.);
#1228 = DIRECTION('',(0.,1.));
#1229 = ( GEOMETRIC_REPRESENTATION_CONTEXT(2)
PARAMETRIC_REPRESENTATION_CONTEXT() REPRESENTATION_CONTEXT('2D SPACE',''
  ) );
#1230 = ORIENTED_EDGE('',*,*,#1231,.T.);
#1231 = EDGE_CURVE('',#1204,#1232,#1234,.T.);
#1232 = VERTEX_POINT('',#1233);
#1233 = CARTESIAN_POINT('',(-142.5,-47.5,32.));
#1234 = SURFACE_CURVE('',#1235,(#1239,#1246),.PCURVE_S1.);
#1235 = LINE('',#1236,#1237);
#1236 = CARTESIAN_POINT('',(-142.5,-47.5,0.));
#1237 = VECTOR('',#1238,1.);
#1238 = DIRECTION('',(0.,0.,1.));
#1239 = PCURVE('',#1179,#1240);
#1240 = DEFINITIONAL_REPRESENTATION('',(#1241),#1245);
#1241 = LINE('',#1242,#1243);
#1242 = CARTESIAN_POINT('',(0.,-25.));
#1243 = VECTOR('',#1244,1.);
#1244 = DIRECTION('',(1.,0.));
#1245 = ( GEOMETRIC_REPRESENTATION_CONTEXT(2)
PARAMETRIC_REPRESENTATION_CONTEXT() REPRESENTATION_CONTEXT('2D SPACE',''
  ) );
#1246 = PCURVE('',#1247,#1252);
#1247 = PLANE('',#1248);
#1248 = AXIS2_PLACEMENT_3D('',#1249,#1250,#1251);
#1249 = CARTESIAN_POINT('',(-142.5,-47.5,0.));
#1250 = DIRECTION('',(0.,1.,0.));
#1251 = DIRECTION('',(0.,0.,1.));
#1252 = DEFINITIONAL_REPRESENTATION('',(#1253),#1257);
#1253 = LINE('',#1254,#1255);
#1254 = CARTESIAN_POINT('',(0.,0.));
#1255 = VECTOR('',#1256,1.);
#1256 = DIRECTION('',(1.,0.));
#1257 = ( GEOMETRIC_REPRESENTATION_CONTEXT(2)
PARAMETRIC_REPRESENTATION_CONTEXT() REPRESENTATION_CONTEXT('2D SPACE',''
  ) );
#1258 = ORIENTED_EDGE('',*,*,#1259,.F.);
#1259 = EDGE_CURVE('',#1171,#1232,#1260,.T.);
#1260 = SURFACE_CURVE('',#1261,(#1265,#1272),.PCURVE_S1.);
#1261 = LINE('',#1262,#1263);
#1262 = CARTESIAN_POINT('',(-142.5,-72.5,32.));
#1263 = VECTOR('',#1264,1.);
#1264 = DIRECTION('',(0.,1.,0.));
#1265 = PCURVE('',#1179,#1266);
#1266 = DEFINITIONAL_REPRESENTATION('',(#1267),#1271);
#1267 = LINE('',#1268,#1269);
#1268 = CARTESIAN_POINT('',(32.,0.));
#1269 = VECTOR('',#1270,1.);
#1270 = DIRECTION('',(0.,-1.));
#1271 = ( GEOMETRIC_REPRESENTATION_CONTEXT(2)
PARAMETRIC_REPRESENTATION_CONTEXT() REPRESENTATION_CONTEXT('2D SPACE',''
  ) );
#1272 = PCURVE('',#1273,#1278);
#1273 = PLANE('',#1274);
#1274 = AXIS2_PLACEMENT_3D('',#1275,#1276,#1277);
#1275 = CARTESIAN_POINT('',(-142.5,-72.5,32.));
#1276 = DIRECTION('',(0.,0.,1.));
#1277 = DIRECTION('',(1.,0.,0.));
#1278 = DEFINITIONAL_REPRESENTATION('',(#1279),#1283);
#1279 = LINE('',#1280,#1281);
#1280 = CARTESIAN_POINT('',(0.,0.));
#1281 = VECTOR('',#1282,1.);
#1282 = DIRECTION('',(0.,1.));
#1283 = ( GEOMETRIC_REPRESENTATION_CONTEXT(2)
PARAMETRIC_REPRESENTATION_CONTEXT() REPRESENTATION_CONTEXT('2D SPACE',''
  ) );
#1284 = ADVANCED_FACE('',(#1285),#1191,.F.);
#1285 = FACE_BOUND('',#1286,.F.);
#1286 = EDGE_LOOP('',(#1287,#1310,#1311,#1334));
#1287 = ORIENTED_EDGE('',*,*,#1288,.F.);
#1288 = EDGE_CURVE('',#1169,#1289,#1291,.T.);
#1289 = VERTEX_POINT('',#1290);
#1290 = CARTESIAN_POINT('',(-117.5,-72.5,0.));
#1291 = SURFACE_CURVE('',#1292,(#1296,#1303),.PCURVE_S1.);
#1292 = LINE('',#1293,#1294);
#1293 = CARTESIAN_POINT('',(-142.5,-72.5,0.));
#1294 = VECTOR('',#1295,1.);
#1295 = DIRECTION('',(1.,0.,0.));
#1296 = PCURVE('',#1191,#1297);
#1297 = DEFINITIONAL_REPRESENTATION('',(#1298),#1302);
#1298 = LINE('',#1299,#1300);
#1299 = CARTESIAN_POINT('',(0.,0.));
#1300 = VECTOR('',#1301,1.);
#1301 = DIRECTION('',(0.,1.));
#1302 = ( GEOMETRIC_REPRESENTATION_CONTEXT(2)
PARAMETRIC_REPRESENTATION_CONTEXT() REPRESENTATION_CONTEXT('2D SPACE',''
  ) );
#1303 = PCURVE('',#1219,#1304);
#1304 = DEFINITIONAL_REPRESENTATION('',(#1305),#1309);
#1305 = LINE('',#1306,#1307);
#1306 = CARTESIAN_POINT('',(0.,0.));
#1307 = VECTOR('',#1308,1.);
#1308 = DIRECTION('',(1.,0.));
#1309 = ( GEOMETRIC_REPRESENTATION_CONTEXT(2)
PARAMETRIC_REPRESENTATION_CONTEXT() REPRESENTATION_CONTEXT('2D SPACE',''
  ) );
#1310 = ORIENTED_EDGE('',*,*,#1168,.T.);
#1311 = ORIENTED_EDGE('',*,*,#1312,.T.);
#1312 = EDGE_CURVE('',#1171,#1313,#1315,.T.);
#1313 = VERTEX_POINT('',#1314);
#1314 = CARTESIAN_POINT('',(-117.5,-72.5,32.));
#1315 = SURFACE_CURVE('',#1316,(#1320,#1327),.PCURVE_S1.);
#1316 = LINE('',#1317,#1318);
#1317 = CARTESIAN_POINT('',(-142.5,-72.5,32.));
#1318 = VECTOR('',#1319,1.);
#1319 = DIRECTION('',(1.,0.,0.));
#1320 = PCURVE('',#1191,#1321);
#1321 = DEFINITIONAL_REPRESENTATION('',(#1322),#1326);
#1322 = LINE('',#1323,#1324);
#1323 = CARTESIAN_POINT('',(32.,0.));
#1324 = VECTOR('',#1325,1.);
#1325 = DIRECTION('',(0.,1.));
#1326 = ( GEOMETRIC_REPRESENTATION_CONTEXT(2)
PARAMETRIC_REPRESENTATION_CONTEXT() REPRESENTATION_CONTEXT('2D SPACE',''
  ) );
#1327 = PCURVE('',#1273,#1328);
#1328 = DEFINITIONAL_REPRESENTATION('',(#1329),#1333);
#1329 = LINE('',#1330,#1331);
#1330 = CARTESIAN_POINT('',(0.,0.));
#1331 = VECTOR('',#1332,1.);
#1332 = DIRECTION('',(1.,0.));
#1333 = ( GEOMETRIC_REPRESENTATION_CONTEXT(2)
PARAMETRIC_REPRESENTATION_CONTEXT() REPRESENTATION_CONTEXT('2D SPACE',''
  ) );
#1334 = ORIENTED_EDGE('',*,*,#1335,.F.);
#1335 = EDGE_CURVE('',#1289,#1313,#1336,.T.);
#1336 = SURFACE_CURVE('',#1337,(#1341,#1348),.PCURVE_S1.);
#1337 = LINE('',#1338,#1339);
#1338 = CARTESIAN_POINT('',(-117.5,-72.5,0.));
#1339 = VECTOR('',#1340,1.);
#1340 = DIRECTION('',(0.,0.,1.));
#1341 = PCURVE('',#1191,#1342);
#1342 = DEFINITIONAL_REPRESENTATION('',(#1343),#1347);
#1343 = LINE('',#1344,#1345);
#1344 = CARTESIAN_POINT('',(0.,25.));
#1345 = VECTOR('',#1346,1.);
#1346 = DIRECTION('',(1.,0.));
#1347 = ( GEOMETRIC_REPRESENTATION_CONTEXT(2)
PARAMETRIC_REPRESENTATION_CONTEXT() REPRESENTATION_CONTEXT('2D SPACE',''
  ) );
#1348 = PCURVE('',#1349,#1354);
#1349 = PLANE('',#1350);
#1350 = AXIS2_PLACEMENT_3D('',#1351,#1352,#1353);
#1351 = CARTESIAN_POINT('',(-117.5,-72.5,0.));
#1352 = DIRECTION('',(1.,0.,0.));
#1353 = DIRECTION('',(0.,0.,1.));
#1354 = DEFINITIONAL_REPRESENTATION('',(#1355),#1359);
#1355 = LINE('',#1356,#1357);
#1356 = CARTESIAN_POINT('',(0.,0.));
#1357 = VECTOR('',#1358,1.);
#1358 = DIRECTION('',(1.,0.));
#1359 = ( GEOMETRIC_REPRESENTATION_CONTEXT(2)
PARAMETRIC_REPRESENTATION_CONTEXT() REPRESENTATION_CONTEXT('2D SPACE',''
  ) );
#1360 = ADVANCED_FACE('',(#1361,#1409),#1273,.T.);
#1361 = FACE_BOUND('',#1362,.T.);
#1362 = EDGE_LOOP('',(#1363,#1364,#1365,#1388));
#1363 = ORIENTED_EDGE('',*,*,#1259,.F.);
#1364 = ORIENTED_EDGE('',*,*,#1312,.T.);
#1365 = ORIENTED_EDGE('',*,*,#1366,.T.);
#1366 = EDGE_CURVE('',#1313,#1367,#1369,.T.);
#1367 = VERTEX_POINT('',#1368);
#1368 = CARTESIAN_POINT('',(-117.5,-47.5,32.));
#1369 = SURFACE_CURVE('',#1370,(#1374,#1381),.PCURVE_S1.);
#1370 = LINE('',#1371,#1372);
#1371 = CARTESIAN_POINT('',(-117.5,-72.5,32.));
#1372 = VECTOR('',#1373,1.);
#1373 = DIRECTION('',(0.,1.,0.));
#1374 = PCURVE('',#1273,#1375);
#1375 = DEFINITIONAL_REPRESENTATION('',(#1376),#1380);
#1376 = LINE('',#1377,#1378);
#1377 = CARTESIAN_POINT('',(25.,0.));
#1378 = VECTOR('',#1379,1.);
#1379 = DIRECTION('',(0.,1.));
#1380 = ( GEOMETRIC_REPRESENTATION_CONTEXT(2)
PARAMETRIC_REPRESENTATION_CONTEXT() REPRESENTATION_CONTEXT('2D SPACE',''
  ) );
#1381 = PCURVE('',#1349,#1382);
#1382 = DEFINITIONAL_REPRESENTATION('',(#1383),#1387);
#1383 = LINE('',#1384,#1385);
#1384 = CARTESIAN_POINT('',(32.,0.));
#1385 = VECTOR('',#1386,1.);
#1386 = DIRECTION('',(0.,-1.));
#1387 = ( GEOMETRIC_REPRESENTATION_CONTEXT(2)
PARAMETRIC_REPRESENTATION_CONTEXT() REPRESENTATION_CONTEXT('2D SPACE',''
  ) );
#1388 = ORIENTED_EDGE('',*,*,#1389,.F.);
#1389 = EDGE_CURVE('',#1232,#1367,#1390,.T.);
#1390 = SURFACE_CURVE('',#1391,(#1395,#1402),.PCURVE_S1.);
#1391 = LINE('',#1392,#1393);
#1392 = CARTESIAN_POINT('',(-142.5,-47.5,32.));
#1393 = VECTOR('',#1394,1.);
#1394 = DIRECTION('',(1.,0.,0.));
#1395 = PCURVE('',#1273,#1396);
#1396 = DEFINITIONAL_REPRESENTATION('',(#1397),#1401);
#1397 = LINE('',#1398,#1399);
#1398 = CARTESIAN_POINT('',(0.,25.));
#1399 = VECTOR('',#1400,1.);
#1400 = DIRECTION('',(1.,0.));
#1401 = ( GEOMETRIC_REPRESENTATION_CONTEXT(2)
PARAMETRIC_REPRESENTATION_CONTEXT() REPRESENTATION_CONTEXT('2D SPACE',''
  ) );
#1402 = PCURVE('',#1247,#1403);
#1403 = DEFINITIONAL_REPRESENTATION('',(#1404),#1408);
#1404 = LINE('',#1405,#1406);
#1405 = CARTESIAN_POINT('',(32.,0.));
#1406 = VECTOR('',#1407,1.);
#1407 = DIRECTION('',(0.,1.));
#1408 = ( GEOMETRIC_REPRESENTATION_CONTEXT(2)
PARAMETRIC_REPRESENTATION_CONTEXT() REPRESENTATION_CONTEXT('2D SPACE',''
  ) );
#1409 = FACE_BOUND('',#1410,.T.);
#1410 = EDGE_LOOP('',(#1411));
#1411 = ORIENTED_EDGE('',*,*,#1412,.T.);
#1412 = EDGE_CURVE('',#1413,#1413,#1415,.T.);
#1413 = VERTEX_POINT('',#1414);
#1414 = CARTESIAN_POINT('',(-135.25,-60.,32.));
#1415 = SURFACE_CURVE('',#1416,(#1421,#1432),.PCURVE_S1.);
#1416 = CIRCLE('',#1417,5.25);
#1417 = AXIS2_PLACEMENT_3D('',#1418,#1419,#1420);
#1418 = CARTESIAN_POINT('',(-130.,-60.,32.));
#1419 = DIRECTION('',(0.,0.,-1.));
#1420 = DIRECTION('',(-1.,0.,0.));
#1421 = PCURVE('',#1273,#1422);
#1422 = DEFINITIONAL_REPRESENTATION('',(#1423),#1431);
#1423 = ( BOUNDED_CURVE() B_SPLINE_CURVE(2,(#1424,#1425,#1426,#1427,
#1428,#1429,#1430),.UNSPECIFIED.,.T.,.F.) B_SPLINE_CURVE_WITH_KNOTS((1,2
    ,2,2,2,1),(-2.094395102393,0.,2.094395102393,4.188790204786,
6.28318530718,8.377580409573),.UNSPECIFIED.) CURVE()
GEOMETRIC_REPRESENTATION_ITEM() RATIONAL_B_SPLINE_CURVE((1.,0.5,1.,0.5,
1.,0.5,1.)) REPRESENTATION_ITEM('') );
#1424 = CARTESIAN_POINT('',(7.25,12.5));
#1425 = CARTESIAN_POINT('',(7.25,21.593266739737));
#1426 = CARTESIAN_POINT('',(15.125,17.046633369868));
#1427 = CARTESIAN_POINT('',(23.,12.5));
#1428 = CARTESIAN_POINT('',(15.125,7.953366630132));
#1429 = CARTESIAN_POINT('',(7.25,3.406733260263));
#1430 = CARTESIAN_POINT('',(7.25,12.5));
#1431 = ( GEOMETRIC_REPRESENTATION_CONTEXT(2)
PARAMETRIC_REPRESENTATION_CONTEXT() REPRESENTATION_CONTEXT('2D SPACE',''
  ) );
#1432 = PCURVE('',#1433,#1438);
#1433 = CYLINDRICAL_SURFACE('',#1434,5.25);
#1434 = AXIS2_PLACEMENT_3D('',#1435,#1436,#1437);
#1435 = CARTESIAN_POINT('',(-130.,-60.,32.));
#1436 = DIRECTION('',(0.,0.,-1.));
#1437 = DIRECTION('',(-1.,0.,0.));
#1438 = DEFINITIONAL_REPRESENTATION('',(#1439),#1443);
#1439 = LINE('',#1440,#1441);
#1440 = CARTESIAN_POINT('',(0.,0.));
#1441 = VECTOR('',#1442,1.);
#1442 = DIRECTION('',(1.,0.));
#1443 = ( GEOMETRIC_REPRESENTATION_CONTEXT(2)
PARAMETRIC_REPRESENTATION_CONTEXT() REPRESENTATION_CONTEXT('2D SPACE',''
  ) );
#1444 = ADVANCED_FACE('',(#1445),#1247,.T.);
#1445 = FACE_BOUND('',#1446,.T.);
#1446 = EDGE_LOOP('',(#1447,#1470,#1471,#1472));
#1447 = ORIENTED_EDGE('',*,*,#1448,.F.);
#1448 = EDGE_CURVE('',#1204,#1449,#1451,.T.);
#1449 = VERTEX_POINT('',#1450);
#1450 = CARTESIAN_POINT('',(-117.5,-47.5,0.));
#1451 = SURFACE_CURVE('',#1452,(#1456,#1463),.PCURVE_S1.);
#1452 = LINE('',#1453,#1454);
#1453 = CARTESIAN_POINT('',(-142.5,-47.5,0.));
#1454 = VECTOR('',#1455,1.);
#1455 = DIRECTION('',(1.,0.,0.));
#1456 = PCURVE('',#1247,#1457);
#1457 = DEFINITIONAL_REPRESENTATION('',(#1458),#1462);
#1458 = LINE('',#1459,#1460);
#1459 = CARTESIAN_POINT('',(0.,0.));
#1460 = VECTOR('',#1461,1.);
#1461 = DIRECTION('',(0.,1.));
#1462 = ( GEOMETRIC_REPRESENTATION_CONTEXT(2)
PARAMETRIC_REPRESENTATION_CONTEXT() REPRESENTATION_CONTEXT('2D SPACE',''
  ) );
#1463 = PCURVE('',#1219,#1464);
#1464 = DEFINITIONAL_REPRESENTATION('',(#1465),#1469);
#1465 = LINE('',#1466,#1467);
#1466 = CARTESIAN_POINT('',(0.,25.));
#1467 = VECTOR('',#1468,1.);
#1468 = DIRECTION('',(1.,0.));
#1469 = ( GEOMETRIC_REPRESENTATION_CONTEXT(2)
PARAMETRIC_REPRESENTATION_CONTEXT() REPRESENTATION_CONTEXT('2D SPACE',''
  ) );
#1470 = ORIENTED_EDGE('',*,*,#1231,.T.);
#1471 = ORIENTED_EDGE('',*,*,#1389,.T.);
#1472 = ORIENTED_EDGE('',*,*,#1473,.F.);
#1473 = EDGE_CURVE('',#1449,#1367,#1474,.T.);
#1474 = SURFACE_CURVE('',#1475,(#1479,#1486),.PCURVE_S1.);
#1475 = LINE('',#1476,#1477);
#1476 = CARTESIAN_POINT('',(-117.5,-47.5,0.));
#1477 = VECTOR('',#1478,1.);
#1478 = DIRECTION('',(0.,0.,1.));
#1479 = PCURVE('',#1247,#1480);
#1480 = DEFINITIONAL_REPRESENTATION('',(#1481),#1485);
#1481 = LINE('',#1482,#1483);
#1482 = CARTESIAN_POINT('',(0.,25.));
#1483 = VECTOR('',#1484,1.);
#1484 = DIRECTION('',(1.,0.));
#1485 = ( GEOMETRIC_REPRESENTATION_CONTEXT(2)
PARAMETRIC_REPRESENTATION_CONTEXT() REPRESENTATION_CONTEXT('2D SPACE',''
  ) );
#1486 = PCURVE('',#1349,#1487);
#1487 = DEFINITIONAL_REPRESENTATION('',(#1488),#1492);
#1488 = LINE('',#1489,#1490);
#1489 = CARTESIAN_POINT('',(0.,-25.));
#1490 = VECTOR('',#1491,1.);
#1491 = DIRECTION('',(1.,0.));
#1492 = ( GEOMETRIC_REPRESENTATION_CONTEXT(2)
PARAMETRIC_REPRESENTATION_CONTEXT() REPRESENTATION_CONTEXT('2D SPACE',''
  ) );
#1493 = ADVANCED_FACE('',(#1494,#1520),#1219,.F.);
#1494 = FACE_BOUND('',#1495,.F.);
#1495 = EDGE_LOOP('',(#1496,#1497,#1498,#1519));
#1496 = ORIENTED_EDGE('',*,*,#1203,.F.);
#1497 = ORIENTED_EDGE('',*,*,#1288,.T.);
#1498 = ORIENTED_EDGE('',*,*,#1499,.T.);
#1499 = EDGE_CURVE('',#1289,#1449,#1500,.T.);
#1500 = SURFACE_CURVE('',#1501,(#1505,#1512),.PCURVE_S1.);
#1501 = LINE('',#1502,#1503);
#1502 = CARTESIAN_POINT('',(-117.5,-72.5,0.));
#1503 = VECTOR('',#1504,1.);
#1504 = DIRECTION('',(0.,1.,0.));
#1505 = PCURVE('',#1219,#1506);
#1506 = DEFINITIONAL_REPRESENTATION('',(#1507),#1511);
#1507 = LINE('',#1508,#1509);
#1508 = CARTESIAN_POINT('',(25.,0.));
#1509 = VECTOR('',#1510,1.);
#1510 = DIRECTION('',(0.,1.));
#1511 = ( GEOMETRIC_REPRESENTATION_CONTEXT(2)
PARAMETRIC_REPRESENTATION_CONTEXT() REPRESENTATION_CONTEXT('2D SPACE',''
  ) );
#1512 = PCURVE('',#1349,#1513);
#1513 = DEFINITIONAL_REPRESENTATION('',(#1514),#1518);
#1514 = LINE('',#1515,#1516);
#1515 = CARTESIAN_POINT('',(0.,0.));
#1516 = VECTOR('',#1517,1.);
#1517 = DIRECTION('',(0.,-1.));
#1518 = ( GEOMETRIC_REPRESENTATION_CONTEXT(2)
PARAMETRIC_REPRESENTATION_CONTEXT() REPRESENTATION_CONTEXT('2D SPACE',''
  ) );
#1519 = ORIENTED_EDGE('',*,*,#1448,.F.);
#1520 = FACE_BOUND('',#1521,.F.);
#1521 = EDGE_LOOP('',(#1522));
#1522 = ORIENTED_EDGE('',*,*,#1523,.T.);
#1523 = EDGE_CURVE('',#1524,#1524,#1526,.T.);
#1524 = VERTEX_POINT('',#1525);
#1525 = CARTESIAN_POINT('',(-135.25,-60.,0.));
#1526 = SURFACE_CURVE('',#1527,(#1532,#1543),.PCURVE_S1.);
#1527 = CIRCLE('',#1528,5.25);
#1528 = AXIS2_PLACEMENT_3D('',#1529,#1530,#1531);
#1529 = CARTESIAN_POINT('',(-130.,-60.,0.));
#1530 = DIRECTION('',(0.,0.,-1.));
#1531 = DIRECTION('',(-1.,0.,0.));
#1532 = PCURVE('',#1219,#1533);
#1533 = DEFINITIONAL_REPRESENTATION('',(#1534),#1542);
#1534 = ( BOUNDED_CURVE() B_SPLINE_CURVE(2,(#1535,#1536,#1537,#1538,
#1539,#1540,#1541),.UNSPECIFIED.,.T.,.F.) B_SPLINE_CURVE_WITH_KNOTS((1,2
    ,2,2,2,1),(-2.094395102393,0.,2.094395102393,4.188790204786,
6.28318530718,8.377580409573),.UNSPECIFIED.) CURVE()
GEOMETRIC_REPRESENTATION_ITEM() RATIONAL_B_SPLINE_CURVE((1.,0.5,1.,0.5,
1.,0.5,1.)) REPRESENTATION_ITEM('') );
#1535 = CARTESIAN_POINT('',(7.25,12.5));
#1536 = CARTESIAN_POINT('',(7.25,21.593266739737));
#1537 = CARTESIAN_POINT('',(15.125,17.046633369868));
#1538 = CARTESIAN_POINT('',(23.,12.5));
#1539 = CARTESIAN_POINT('',(15.125,7.953366630132));
#1540 = CARTESIAN_POINT('',(7.25,3.406733260263));
#1541 = CARTESIAN_POINT('',(7.25,12.5));
#1542 = ( GEOMETRIC_REPRESENTATION_CONTEXT(2)
PARAMETRIC_REPRESENTATION_CONTEXT() REPRESENTATION_CONTEXT('2D SPACE',''
  ) );
#1543 = PCURVE('',#1433,#1544);
#1544 = DEFINITIONAL_REPRESENTATION('',(#1545),#1549);
#1545 = LINE('',#1546,#1547);
#1546 = CARTESIAN_POINT('',(0.,32.));
#1547 = VECTOR('',#1548,1.);
#1548 = DIRECTION('',(1.,0.));
#1549 = ( GEOMETRIC_REPRESENTATION_CONTEXT(2)
PARAMETRIC_REPRESENTATION_CONTEXT() REPRESENTATION_CONTEXT('2D SPACE',''
  ) );
#1550 = ADVANCED_FACE('',(#1551),#1349,.T.);
#1551 = FACE_BOUND('',#1552,.T.);
#1552 = EDGE_LOOP('',(#1553,#1554,#1555,#1556));
#1553 = ORIENTED_EDGE('',*,*,#1335,.F.);
#1554 = ORIENTED_EDGE('',*,*,#1499,.T.);
#1555 = ORIENTED_EDGE('',*,*,#1473,.T.);
#1556 = ORIENTED_EDGE('',*,*,#1366,.F.);
#1557 = ADVANCED_FACE('',(#1558),#1433,.F.);
#1558 = FACE_BOUND('',#1559,.F.);
#1559 = EDGE_LOOP('',(#1560,#1561,#1582,#1583));
#1560 = ORIENTED_EDGE('',*,*,#1523,.F.);
#1561 = ORIENTED_EDGE('',*,*,#1562,.F.);
#1562 = EDGE_CURVE('',#1413,#1524,#1563,.T.);
#1563 = SEAM_CURVE('',#1564,(#1568,#1575),.PCURVE_S1.);
#1564 = LINE('',#1565,#1566);
#1565 = CARTESIAN_POINT('',(-135.25,-60.,32.));
#1566 = VECTOR('',#1567,1.);
#1567 = DIRECTION('',(0.,0.,-1.));
#1568 = PCURVE('',#1433,#1569);
#1569 = DEFINITIONAL_REPRESENTATION('',(#1570),#1574);
#1570 = LINE('',#1571,#1572);
#1571 = CARTESIAN_POINT('',(6.28318530718,-0.));
#1572 = VECTOR('',#1573,1.);
#1573 = DIRECTION('',(0.,1.));
#1574 = ( GEOMETRIC_REPRESENTATION_CONTEXT(2)
PARAMETRIC_REPRESENTATION_CONTEXT() REPRESENTATION_CONTEXT('2D SPACE',''
  ) );
#1575 = PCURVE('',#1433,#1576);
#1576 = DEFINITIONAL_REPRESENTATION('',(#1577),#1581);
#1577 = LINE('',#1578,#1579);
#1578 = CARTESIAN_POINT('',(0.,-0.));
#1579 = VECTOR('',#1580,1.);
#1580 = DIRECTION('',(0.,1.));
#1581 = ( GEOMETRIC_REPRESENTATION_CONTEXT(2)
PARAMETRIC_REPRESENTATION_CONTEXT() REPRESENTATION_CONTEXT('2D SPACE',''
  ) );
#1582 = ORIENTED_EDGE('',*,*,#1412,.T.);
#1583 = ORIENTED_EDGE('',*,*,#1562,.T.);
#1584 = ( GEOMETRIC_REPRESENTATION_CONTEXT(3)
GLOBAL_UNCERTAINTY_ASSIGNED_CONTEXT((#1588))
GLOBAL_UNIT_ASSIGNED_CONTEXT((#1585,#1586,#1587)) REPRESENTATION_CONTEXT
('Context #1','3D Context with UNIT and UNCERTAINTY') );
#1585 = ( LENGTH_UNIT() NAMED_UNIT(*) SI_UNIT(.MILLI.,.METRE.) );
#1586 = ( NAMED_UNIT(*) PLANE_ANGLE_UNIT() SI_UNIT($,.RADIAN.) );
#1587 = ( NAMED_UNIT(*) SI_UNIT($,.STERADIAN.) SOLID_ANGLE_UNIT() );
#1588 = UNCERTAINTY_MEASURE_WITH_UNIT(LENGTH_MEASURE(1.E-07),#1585,
  'distance_accuracy_value','confusion accuracy');
#1589 = CONTEXT_DEPENDENT_SHAPE_REPRESENTATION(#1590,#1592);
#1590 = ( REPRESENTATION_RELATIONSHIP('','',#1161,#10)
REPRESENTATION_RELATIONSHIP_WITH_TRANSFORMATION(#1591)
SHAPE_REPRESENTATION_RELATIONSHIP() );
#1591 = ITEM_DEFINED_TRANSFORMATION('','',#11,#19);
#1592 = PRODUCT_DEFINITION_SHAPE('Placement','Placement of an item',
  #1593);
#1593 = NEXT_ASSEMBLY_USAGE_OCCURRENCE('2','','',#5,#1156,$);
#1594 = PRODUCT_RELATED_PRODUCT_CATEGORY('part',$,(#1158));
#1595 = SHAPE_DEFINITION_REPRESENTATION(#1596,#1602);
#1596 = PRODUCT_DEFINITION_SHAPE('','',#1597);
#1597 = PRODUCT_DEFINITION('design','',#1598,#1601);
#1598 = PRODUCT_DEFINITION_FORMATION('','',#1599);
#1599 = PRODUCT('Open CASCADE STEP translator 7.8 20.3',
  'Open CASCADE STEP translator 7.8 20.3','',(#1600));
#1600 = PRODUCT_CONTEXT('',#2,'mechanical');
#1601 = PRODUCT_DEFINITION_CONTEXT('part definition',#2,'design');
#1602 = ADVANCED_BREP_SHAPE_REPRESENTATION('',(#11,#1603),#2025);
#1603 = MANIFOLD_SOLID_BREP('',#1604);
#1604 = CLOSED_SHELL('',(#1605,#1725,#1801,#1885,#1934,#1991,#1998));
#1605 = ADVANCED_FACE('',(#1606),#1620,.F.);
#1606 = FACE_BOUND('',#1607,.F.);
#1607 = EDGE_LOOP('',(#1608,#1643,#1671,#1699));
#1608 = ORIENTED_EDGE('',*,*,#1609,.F.);
#1609 = EDGE_CURVE('',#1610,#1612,#1614,.T.);
#1610 = VERTEX_POINT('',#1611);
#1611 = CARTESIAN_POINT('',(-142.5,27.5,0.));
#1612 = VERTEX_POINT('',#1613);
#1613 = CARTESIAN_POINT('',(-142.5,27.5,32.));
#1614 = SURFACE_CURVE('',#1615,(#1619,#1631),.PCURVE_S1.);
#1615 = LINE('',#1616,#1617);
#1616 = CARTESIAN_POINT('',(-142.5,27.5,0.));
#1617 = VECTOR('',#1618,1.);
#1618 = DIRECTION('',(0.,0.,1.));
#1619 = PCURVE('',#1620,#1625);
#1620 = PLANE('',#1621);
#1621 = AXIS2_PLACEMENT_3D('',#1622,#1623,#1624);
#1622 = CARTESIAN_POINT('',(-142.5,27.5,0.));
#1623 = DIRECTION('',(1.,0.,0.));
#1624 = DIRECTION('',(0.,0.,1.));
#1625 = DEFINITIONAL_REPRESENTATION('',(#1626),#1630);
#1626 = LINE('',#1627,#1628);
#1627 = CARTESIAN_POINT('',(0.,0.));
#1628 = VECTOR('',#1629,1.);
#1629 = DIRECTION('',(1.,0.));
#1630 = ( GEOMETRIC_REPRESENTATION_CONTEXT(2)
PARAMETRIC_REPRESENTATION_CONTEXT() REPRESENTATION_CONTEXT('2D SPACE',''
  ) );
#1631 = PCURVE('',#1632,#1637);
#1632 = PLANE('',#1633);
#1633 = AXIS2_PLACEMENT_3D('',#1634,#1635,#1636);
#1634 = CARTESIAN_POINT('',(-142.5,27.5,0.));
#1635 = DIRECTION('',(0.,1.,0.));
#1636 = DIRECTION('',(0.,0.,1.));
#1637 = DEFINITIONAL_REPRESENTATION('',(#1638),#1642);
#1638 = LINE('',#1639,#1640);
#1639 = CARTESIAN_POINT('',(0.,0.));
#1640 = VECTOR('',#1641,1.);
#1641 = DIRECTION('',(1.,0.));
#1642 = ( GEOMETRIC_REPRESENTATION_CONTEXT(2)
PARAMETRIC_REPRESENTATION_CONTEXT() REPRESENTATION_CONTEXT('2D SPACE',''
  ) );
#1643 = ORIENTED_EDGE('',*,*,#1644,.T.);
#1644 = EDGE_CURVE('',#1610,#1645,#1647,.T.);
#1645 = VERTEX_POINT('',#1646);
#1646 = CARTESIAN_POINT('',(-142.5,52.5,0.));
#1647 = SURFACE_CURVE('',#1648,(#1652,#1659),.PCURVE_S1.);
#1648 = LINE('',#1649,#1650);
#1649 = CARTESIAN_POINT('',(-142.5,27.5,0.));
#1650 = VECTOR('',#1651,1.);
#1651 = DIRECTION('',(0.,1.,0.));
#1652 = PCURVE('',#1620,#1653);
#1653 = DEFINITIONAL_REPRESENTATION('',(#1654),#1658);
#1654 = LINE('',#1655,#1656);
#1655 = CARTESIAN_POINT('',(0.,0.));
#1656 = VECTOR('',#1657,1.);
#1657 = DIRECTION('',(0.,-1.));
#1658 = ( GEOMETRIC_REPRESENTATION_CONTEXT(2)
PARAMETRIC_REPRESENTATION_CONTEXT() REPRESENTATION_CONTEXT('2D SPACE',''
  ) );
#1659 = PCURVE('',#1660,#1665);
#1660 = PLANE('',#1661);
#1661 = AXIS2_PLACEMENT_3D('',#1662,#1663,#1664);
#1662 = CARTESIAN_POINT('',(-142.5,27.5,0.));
#1663 = DIRECTION('',(0.,0.,1.));
#1664 = DIRECTION('',(1.,0.,0.));
#1665 = DEFINITIONAL_REPRESENTATION('',(#1666),#1670);
#1666 = LINE('',#1667,#1668);
#1667 = CARTESIAN_POINT('',(0.,0.));
#1668 = VECTOR('',#1669,1.);
#1669 = DIRECTION('',(0.,1.));
#1670 = ( GEOMETRIC_REPRESENTATION_CONTEXT(2)
PARAMETRIC_REPRESENTATION_CONTEXT() REPRESENTATION_CONTEXT('2D SPACE',''
  ) );
#1671 = ORIENTED_EDGE('',*,*,#1672,.T.);
#1672 = EDGE_CURVE('',#1645,#1673,#1675,.T.);
#1673 = VERTEX_POINT('',#1674);
#1674 = CARTESIAN_POINT('',(-142.5,52.5,32.));
#1675 = SURFACE_CURVE('',#1676,(#1680,#1687),.PCURVE_S1.);
#1676 = LINE('',#1677,#1678);
#1677 = CARTESIAN_POINT('',(-142.5,52.5,0.));
#1678 = VECTOR('',#1679,1.);
#1679 = DIRECTION('',(0.,0.,1.));
#1680 = PCURVE('',#1620,#1681);
#1681 = DEFINITIONAL_REPRESENTATION('',(#1682),#1686);
#1682 = LINE('',#1683,#1684);
#1683 = CARTESIAN_POINT('',(0.,-25.));
#1684 = VECTOR('',#1685,1.);
#1685 = DIRECTION('',(1.,0.));
#1686 = ( GEOMETRIC_REPRESENTATION_CONTEXT(2)
PARAMETRIC_REPRESENTATION_CONTEXT() REPRESENTATION_CONTEXT('2D SPACE',''
  ) );
#1687 = PCURVE('',#1688,#1693);
#1688 = PLANE('',#1689);
#1689 = AXIS2_PLACEMENT_3D('',#1690,#1691,#1692);
#1690 = CARTESIAN_POINT('',(-142.5,52.5,0.));
#1691 = DIRECTION('',(0.,1.,0.));
#1692 = DIRECTION('',(0.,0.,1.));
#1693 = DEFINITIONAL_REPRESENTATION('',(#1694),#1698);
#1694 = LINE('',#1695,#1696);
#1695 = CARTESIAN_POINT('',(0.,0.));
#1696 = VECTOR('',#1697,1.);
#1697 = DIRECTION('',(1.,0.));
#1698 = ( GEOMETRIC_REPRESENTATION_CONTEXT(2)
PARAMETRIC_REPRESENTATION_CONTEXT() REPRESENTATION_CONTEXT('2D SPACE',''
  ) );
#1699 = ORIENTED_EDGE('',*,*,#1700,.F.);
#1700 = EDGE_CURVE('',#1612,#1673,#1701,.T.);
#1701 = SURFACE_CURVE('',#1702,(#1706,#1713),.PCURVE_S1.);
#1702 = LINE('',#1703,#1704);
#1703 = CARTESIAN_POINT('',(-142.5,27.5,32.));
#1704 = VECTOR('',#1705,1.);
#1705 = DIRECTION('',(0.,1.,0.));
#1706 = PCURVE('',#1620,#1707);
#1707 = DEFINITIONAL_REPRESENTATION('',(#1708),#1712);
#1708 = LINE('',#1709,#1710);
#1709 = CARTESIAN_POINT('',(32.,0.));
#1710 = VECTOR('',#1711,1.);
#1711 = DIRECTION('',(0.,-1.));
#1712 = ( GEOMETRIC_REPRESENTATION_CONTEXT(2)
PARAMETRIC_REPRESENTATION_CONTEXT() REPRESENTATION_CONTEXT('2D SPACE',''
  ) );
#1713 = PCURVE('',#1714,#1719);
#1714 = PLANE('',#1715);
#1715 = AXIS2_PLACEMENT_3D('',#1716,#1717,#1718);
#1716 = CARTESIAN_POINT('',(-142.5,27.5,32.));
#1717 = DIRECTION('',(0.,0.,1.));
#1718 = DIRECTION('',(1.,0.,0.));
#1719 = DEFINITIONAL_REPRESENTATION('',(#1720),#1724);
#1720 = LINE('',#1721,#1722);
#1721 = CARTESIAN_POINT('',(0.,0.));
#1722 = VECTOR('',#1723,1.);
#1723 = DIRECTION('',(0.,1.));
#1724 = ( GEOMETRIC_REPRESENTATION_CONTEXT(2)
PARAMETRIC_REPRESENTATION_CONTEXT() REPRESENTATION_CONTEXT('2D SPACE',''
  ) );
#1725 = ADVANCED_FACE('',(#1726),#1632,.F.);
#1726 = FACE_BOUND('',#1727,.F.);
#1727 = EDGE_LOOP('',(#1728,#1751,#1752,#1775));
#1728 = ORIENTED_EDGE('',*,*,#1729,.F.);
#1729 = EDGE_CURVE('',#1610,#1730,#1732,.T.);
#1730 = VERTEX_POINT('',#1731);
#1731 = CARTESIAN_POINT('',(-117.5,27.5,0.));
#1732 = SURFACE_CURVE('',#1733,(#1737,#1744),.PCURVE_S1.);
#1733 = LINE('',#1734,#1735);
#1734 = CARTESIAN_POINT('',(-142.5,27.5,0.));
#1735 = VECTOR('',#1736,1.);
#1736 = DIRECTION('',(1.,0.,0.));
#1737 = PCURVE('',#1632,#1738);
#1738 = DEFINITIONAL_REPRESENTATION('',(#1739),#1743);
#1739 = LINE('',#1740,#1741);
#1740 = CARTESIAN_POINT('',(0.,0.));
#1741 = VECTOR('',#1742,1.);
#1742 = DIRECTION('',(0.,1.));
#1743 = ( GEOMETRIC_REPRESENTATION_CONTEXT(2)
PARAMETRIC_REPRESENTATION_CONTEXT() REPRESENTATION_CONTEXT('2D SPACE',''
  ) );
#1744 = PCURVE('',#1660,#1745);
#1745 = DEFINITIONAL_REPRESENTATION('',(#1746),#1750);
#1746 = LINE('',#1747,#1748);
#1747 = CARTESIAN_POINT('',(0.,0.));
#1748 = VECTOR('',#1749,1.);
#1749 = DIRECTION('',(1.,0.));
#1750 = ( GEOMETRIC_REPRESENTATION_CONTEXT(2)
PARAMETRIC_REPRESENTATION_CONTEXT() REPRESENTATION_CONTEXT('2D SPACE',''
  ) );
#1751 = ORIENTED_EDGE('',*,*,#1609,.T.);
#1752 = ORIENTED_EDGE('',*,*,#1753,.T.);
#1753 = EDGE_CURVE('',#1612,#1754,#1756,.T.);
#1754 = VERTEX_POINT('',#1755);
#1755 = CARTESIAN_POINT('',(-117.5,27.5,32.));
#1756 = SURFACE_CURVE('',#1757,(#1761,#1768),.PCURVE_S1.);
#1757 = LINE('',#1758,#1759);
#1758 = CARTESIAN_POINT('',(-142.5,27.5,32.));
#1759 = VECTOR('',#1760,1.);
#1760 = DIRECTION('',(1.,0.,0.));
#1761 = PCURVE('',#1632,#1762);
#1762 = DEFINITIONAL_REPRESENTATION('',(#1763),#1767);
#1763 = LINE('',#1764,#1765);
#1764 = CARTESIAN_POINT('',(32.,0.));
#1765 = VECTOR('',#1766,1.);
#1766 = DIRECTION('',(0.,1.));
#1767 = ( GEOMETRIC_REPRESENTATION_CONTEXT(2)
PARAMETRIC_REPRESENTATION_CONTEXT() REPRESENTATION_CONTEXT('2D SPACE',''
  ) );
#1768 = PCURVE('',#1714,#1769);
#1769 = DEFINITIONAL_REPRESENTATION('',(#1770),#1774);
#1770 = LINE('',#1771,#1772);
#1771 = CARTESIAN_POINT('',(0.,0.));
#1772 = VECTOR('',#1773,1.);
#1773 = DIRECTION('',(1.,0.));
#1774 = ( GEOMETRIC_REPRESENTATION_CONTEXT(2)
PARAMETRIC_REPRESENTATION_CONTEXT() REPRESENTATION_CONTEXT('2D SPACE',''
  ) );
#1775 = ORIENTED_EDGE('',*,*,#1776,.F.);
#1776 = EDGE_CURVE('',#1730,#1754,#1777,.T.);
#1777 = SURFACE_CURVE('',#1778,(#1782,#1789),.PCURVE_S1.);
#1778 = LINE('',#1779,#1780);
#1779 = CARTESIAN_POINT('',(-117.5,27.5,0.));
#1780 = VECTOR('',#1781,1.);
#1781 = DIRECTION('',(0.,0.,1.));
#1782 = PCURVE('',#1632,#1783);
#1783 = DEFINITIONAL_REPRESENTATION('',(#1784),#1788);
#1784 = LINE('',#1785,#1786);
#1785 = CARTESIAN_POINT('',(0.,25.));
#1786 = VECTOR('',#1787,1.);
#1787 = DIRECTION('',(1.,0.));
#1788 = ( GEOMETRIC_REPRESENTATION_CONTEXT(2)
PARAMETRIC_REPRESENTATION_CONTEXT() REPRESENTATION_CONTEXT('2D SPACE',''
  ) );
#1789 = PCURVE('',#1790,#1795);
#1790 = PLANE('',#1791);
#1791 = AXIS2_PLACEMENT_3D('',#1792,#1793,#1794);
#1792 = CARTESIAN_POINT('',(-117.5,27.5,0.));
#1793 = DIRECTION('',(1.,0.,0.));
#1794 = DIRECTION('',(0.,0.,1.));
#1795 = DEFINITIONAL_REPRESENTATION('',(#1796),#1800);
#1796 = LINE('',#1797,#1798);
#1797 = CARTESIAN_POINT('',(0.,0.));
#1798 = VECTOR('',#1799,1.);
#1799 = DIRECTION('',(1.,0.));
#1800 = ( GEOMETRIC_REPRESENTATION_CONTEXT(2)
PARAMETRIC_REPRESENTATION_CONTEXT() REPRESENTATION_CONTEXT('2D SPACE',''
  ) );
#1801 = ADVANCED_FACE('',(#1802,#1850),#1714,.T.);
#1802 = FACE_BOUND('',#1803,.T.);
#1803 = EDGE_LOOP('',(#1804,#1805,#1806,#1829));
#1804 = ORIENTED_EDGE('',*,*,#1700,.F.);
#1805 = ORIENTED_EDGE('',*,*,#1753,.T.);
#1806 = ORIENTED_EDGE('',*,*,#1807,.T.);
#1807 = EDGE_CURVE('',#1754,#1808,#1810,.T.);
#1808 = VERTEX_POINT('',#1809);
#1809 = CARTESIAN_POINT('',(-117.5,52.5,32.));
#1810 = SURFACE_CURVE('',#1811,(#1815,#1822),.PCURVE_S1.);
#1811 = LINE('',#1812,#1813);
#1812 = CARTESIAN_POINT('',(-117.5,27.5,32.));
#1813 = VECTOR('',#1814,1.);
#1814 = DIRECTION('',(0.,1.,0.));
#1815 = PCURVE('',#1714,#1816);
#1816 = DEFINITIONAL_REPRESENTATION('',(#1817),#1821);
#1817 = LINE('',#1818,#1819);
#1818 = CARTESIAN_POINT('',(25.,0.));
#1819 = VECTOR('',#1820,1.);
#1820 = DIRECTION('',(0.,1.));
#1821 = ( GEOMETRIC_REPRESENTATION_CONTEXT(2)
PARAMETRIC_REPRESENTATION_CONTEXT() REPRESENTATION_CONTEXT('2D SPACE',''
  ) );
#1822 = PCURVE('',#1790,#1823);
#1823 = DEFINITIONAL_REPRESENTATION('',(#1824),#1828);
#1824 = LINE('',#1825,#1826);
#1825 = CARTESIAN_POINT('',(32.,0.));
#1826 = VECTOR('',#1827,1.);
#1827 = DIRECTION('',(0.,-1.));
#1828 = ( GEOMETRIC_REPRESENTATION_CONTEXT(2)
PARAMETRIC_REPRESENTATION_CONTEXT() REPRESENTATION_CONTEXT('2D SPACE',''
  ) );
#1829 = ORIENTED_EDGE('',*,*,#1830,.F.);
#1830 = EDGE_CURVE('',#1673,#1808,#1831,.T.);
#1831 = SURFACE_CURVE('',#1832,(#1836,#1843),.PCURVE_S1.);
#1832 = LINE('',#1833,#1834);
#1833 = CARTESIAN_POINT('',(-142.5,52.5,32.));
#1834 = VECTOR('',#1835,1.);
#1835 = DIRECTION('',(1.,0.,0.));
#1836 = PCURVE('',#1714,#1837);
#1837 = DEFINITIONAL_REPRESENTATION('',(#1838),#1842);
#1838 = LINE('',#1839,#1840);
#1839 = CARTESIAN_POINT('',(0.,25.));
#1840 = VECTOR('',#1841,1.);
#1841 = DIRECTION('',(1.,0.));
#1842 = ( GEOMETRIC_REPRESENTATION_CONTEXT(2)
PARAMETRIC_REPRESENTATION_CONTEXT() REPRESENTATION_CONTEXT('2D SPACE',''
  ) );
#1843 = PCURVE('',#1688,#1844);
#1844 = DEFINITIONAL_REPRESENTATION('',(#1845),#1849);
#1845 = LINE('',#1846,#1847);
#1846 = CARTESIAN_POINT('',(32.,0.));
#1847 = VECTOR('',#1848,1.);
#1848 = DIRECTION('',(0.,1.));
#1849 = ( GEOMETRIC_REPRESENTATION_CONTEXT(2)
PARAMETRIC_REPRESENTATION_CONTEXT() REPRESENTATION_CONTEXT('2D SPACE',''
  ) );
#1850 = FACE_BOUND('',#1851,.T.);
#1851 = EDGE_LOOP('',(#1852));
#1852 = ORIENTED_EDGE('',*,*,#1853,.T.);
#1853 = EDGE_CURVE('',#1854,#1854,#1856,.T.);
#1854 = VERTEX_POINT('',#1855);
#1855 = CARTESIAN_POINT('',(-135.25,40.,32.));
#1856 = SURFACE_CURVE('',#1857,(#1862,#1873),.PCURVE_S1.);
#1857 = CIRCLE('',#1858,5.25);
#1858 = AXIS2_PLACEMENT_3D('',#1859,#1860,#1861);
#1859 = CARTESIAN_POINT('',(-130.,40.,32.));
#1860 = DIRECTION('',(0.,0.,-1.));
#1861 = DIRECTION('',(-1.,0.,0.));
#1862 = PCURVE('',#1714,#1863);
#1863 = DEFINITIONAL_REPRESENTATION('',(#1864),#1872);
#1864 = ( BOUNDED_CURVE() B_SPLINE_CURVE(2,(#1865,#1866,#1867,#1868,
#1869,#1870,#1871),.UNSPECIFIED.,.T.,.F.) B_SPLINE_CURVE_WITH_KNOTS((1,2
    ,2,2,2,1),(-2.094395102393,0.,2.094395102393,4.188790204786,
6.28318530718,8.377580409573),.UNSPECIFIED.) CURVE()
GEOMETRIC_REPRESENTATION_ITEM() RATIONAL_B_SPLINE_CURVE((1.,0.5,1.,0.5,
1.,0.5,1.)) REPRESENTATION_ITEM('') );
#1865 = CARTESIAN_POINT('',(7.25,12.5));
#1866 = CARTESIAN_POINT('',(7.25,21.593266739737));
#1867 = CARTESIAN_POINT('',(15.125,17.046633369868));
#1868 = CARTESIAN_POINT('',(23.,12.5));
#1869 = CARTESIAN_POINT('',(15.125,7.953366630132));
#1870 = CARTESIAN_POINT('',(7.25,3.406733260263));
#1871 = CARTESIAN_POINT('',(7.25,12.5));
#1872 = ( GEOMETRIC_REPRESENTATION_CONTEXT(2)
PARAMETRIC_REPRESENTATION_CONTEXT() REPRESENTATION_CONTEXT('2D SPACE',''
  ) );
#1873 = PCURVE('',#1874,#1879);
#1874 = CYLINDRICAL_SURFACE('',#1875,5.25);
#1875 = AXIS2_PLACEMENT_3D('',#1876,#1877,#1878);
#1876 = CARTESIAN_POINT('',(-130.,40.,32.));
#1877 = DIRECTION('',(0.,0.,-1.));
#1878 = DIRECTION('',(-1.,0.,0.));
#1879 = DEFINITIONAL_REPRESENTATION('',(#1880),#1884);
#1880 = LINE('',#1881,#1882);
#1881 = CARTESIAN_POINT('',(0.,0.));
#1882 = VECTOR('',#1883,1.);
#1883 = DIRECTION('',(1.,0.));
#1884 = ( GEOMETRIC_REPRESENTATION_CONTEXT(2)
PARAMETRIC_REPRESENTATION_CONTEXT() REPRESENTATION_CONTEXT('2D SPACE',''
  ) );
#1885 = ADVANCED_FACE('',(#1886),#1688,.T.);
#1886 = FACE_BOUND('',#1887,.T.);
#1887 = EDGE_LOOP('',(#1888,#1911,#1912,#1913));
#1888 = ORIENTED_EDGE('',*,*,#1889,.F.);
#1889 = EDGE_CURVE('',#1645,#1890,#1892,.T.);
#1890 = VERTEX_POINT('',#1891);
#1891 = CARTESIAN_POINT('',(-117.5,52.5,0.));
#1892 = SURFACE_CURVE('',#1893,(#1897,#1904),.PCURVE_S1.);
#1893 = LINE('',#1894,#1895);
#1894 = CARTESIAN_POINT('',(-142.5,52.5,0.));
#1895 = VECTOR('',#1896,1.);
#1896 = DIRECTION('',(1.,0.,0.));
#1897 = PCURVE('',#1688,#1898);
#1898 = DEFINITIONAL_REPRESENTATION('',(#1899),#1903);
#1899 = LINE('',#1900,#1901);
#1900 = CARTESIAN_POINT('',(0.,0.));
#1901 = VECTOR('',#1902,1.);
#1902 = DIRECTION('',(0.,1.));
#1903 = ( GEOMETRIC_REPRESENTATION_CONTEXT(2)
PARAMETRIC_REPRESENTATION_CONTEXT() REPRESENTATION_CONTEXT('2D SPACE',''
  ) );
#1904 = PCURVE('',#1660,#1905);
#1905 = DEFINITIONAL_REPRESENTATION('',(#1906),#1910);
#1906 = LINE('',#1907,#1908);
#1907 = CARTESIAN_POINT('',(0.,25.));
#1908 = VECTOR('',#1909,1.);
#1909 = DIRECTION('',(1.,0.));
#1910 = ( GEOMETRIC_REPRESENTATION_CONTEXT(2)
PARAMETRIC_REPRESENTATION_CONTEXT() REPRESENTATION_CONTEXT('2D SPACE',''
  ) );
#1911 = ORIENTED_EDGE('',*,*,#1672,.T.);
#1912 = ORIENTED_EDGE('',*,*,#1830,.T.);
#1913 = ORIENTED_EDGE('',*,*,#1914,.F.);
#1914 = EDGE_CURVE('',#1890,#1808,#1915,.T.);
#1915 = SURFACE_CURVE('',#1916,(#1920,#1927),.PCURVE_S1.);
#1916 = LINE('',#1917,#1918);
#1917 = CARTESIAN_POINT('',(-117.5,52.5,0.));
#1918 = VECTOR('',#1919,1.);
#1919 = DIRECTION('',(0.,0.,1.));
#1920 = PCURVE('',#1688,#1921);
#1921 = DEFINITIONAL_REPRESENTATION('',(#1922),#1926);
#1922 = LINE('',#1923,#1924);
#1923 = CARTESIAN_POINT('',(0.,25.));
#1924 = VECTOR('',#1925,1.);
#1925 = DIRECTION('',(1.,0.));
#1926 = ( GEOMETRIC_REPRESENTATION_CONTEXT(2)
PARAMETRIC_REPRESENTATION_CONTEXT() REPRESENTATION_CONTEXT('2D SPACE',''
  ) );
#1927 = PCURVE('',#1790,#1928);
#1928 = DEFINITIONAL_REPRESENTATION('',(#1929),#1933);
#1929 = LINE('',#1930,#1931);
#1930 = CARTESIAN_POINT('',(0.,-25.));
#1931 = VECTOR('',#1932,1.);
#1932 = DIRECTION('',(1.,0.));
#1933 = ( GEOMETRIC_REPRESENTATION_CONTEXT(2)
PARAMETRIC_REPRESENTATION_CONTEXT() REPRESENTATION_CONTEXT('2D SPACE',''
  ) );
#1934 = ADVANCED_FACE('',(#1935,#1961),#1660,.F.);
#1935 = FACE_BOUND('',#1936,.F.);
#1936 = EDGE_LOOP('',(#1937,#1938,#1939,#1960));
#1937 = ORIENTED_EDGE('',*,*,#1644,.F.);
#1938 = ORIENTED_EDGE('',*,*,#1729,.T.);
#1939 = ORIENTED_EDGE('',*,*,#1940,.T.);
#1940 = EDGE_CURVE('',#1730,#1890,#1941,.T.);
#1941 = SURFACE_CURVE('',#1942,(#1946,#1953),.PCURVE_S1.);
#1942 = LINE('',#1943,#1944);
#1943 = CARTESIAN_POINT('',(-117.5,27.5,0.));
#1944 = VECTOR('',#1945,1.);
#1945 = DIRECTION('',(0.,1.,0.));
#1946 = PCURVE('',#1660,#1947);
#1947 = DEFINITIONAL_REPRESENTATION('',(#1948),#1952);
#1948 = LINE('',#1949,#1950);
#1949 = CARTESIAN_POINT('',(25.,0.));
#1950 = VECTOR('',#1951,1.);
#1951 = DIRECTION('',(0.,1.));
#1952 = ( GEOMETRIC_REPRESENTATION_CONTEXT(2)
PARAMETRIC_REPRESENTATION_CONTEXT() REPRESENTATION_CONTEXT('2D SPACE',''
  ) );
#1953 = PCURVE('',#1790,#1954);
#1954 = DEFINITIONAL_REPRESENTATION('',(#1955),#1959);
#1955 = LINE('',#1956,#1957);
#1956 = CARTESIAN_POINT('',(0.,0.));
#1957 = VECTOR('',#1958,1.);
#1958 = DIRECTION('',(0.,-1.));
#1959 = ( GEOMETRIC_REPRESENTATION_CONTEXT(2)
PARAMETRIC_REPRESENTATION_CONTEXT() REPRESENTATION_CONTEXT('2D SPACE',''
  ) );
#1960 = ORIENTED_EDGE('',*,*,#1889,.F.);
#1961 = FACE_BOUND('',#1962,.F.);
#1962 = EDGE_LOOP('',(#1963));
#1963 = ORIENTED_EDGE('',*,*,#1964,.T.);
#1964 = EDGE_CURVE('',#1965,#1965,#1967,.T.);
#1965 = VERTEX_POINT('',#1966);
#1966 = CARTESIAN_POINT('',(-135.25,40.,0.));
#1967 = SURFACE_CURVE('',#1968,(#1973,#1984),.PCURVE_S1.);
#1968 = CIRCLE('',#1969,5.25);
#1969 = AXIS2_PLACEMENT_3D('',#1970,#1971,#1972);
#1970 = CARTESIAN_POINT('',(-130.,40.,0.));
#1971 = DIRECTION('',(0.,0.,-1.));
#1972 = DIRECTION('',(-1.,0.,0.));
#1973 = PCURVE('',#1660,#1974);
#1974 = DEFINITIONAL_REPRESENTATION('',(#1975),#1983);
#1975 = ( BOUNDED_CURVE() B_SPLINE_CURVE(2,(#1976,#1977,#1978,#1979,
#1980,#1981,#1982),.UNSPECIFIED.,.T.,.F.) B_SPLINE_CURVE_WITH_KNOTS((1,2
    ,2,2,2,1),(-2.094395102393,0.,2.094395102393,4.188790204786,
6.28318530718,8.377580409573),.UNSPECIFIED.) CURVE()
GEOMETRIC_REPRESENTATION_ITEM() RATIONAL_B_SPLINE_CURVE((1.,0.5,1.,0.5,
1.,0.5,1.)) REPRESENTATION_ITEM('') );
#1976 = CARTESIAN_POINT('',(7.25,12.5));
#1977 = CARTESIAN_POINT('',(7.25,21.593266739737));
#1978 = CARTESIAN_POINT('',(15.125,17.046633369868));
#1979 = CARTESIAN_POINT('',(23.,12.5));
#1980 = CARTESIAN_POINT('',(15.125,7.953366630132));
#1981 = CARTESIAN_POINT('',(7.25,3.406733260263));
#1982 = CARTESIAN_POINT('',(7.25,12.5));
#1983 = ( GEOMETRIC_REPRESENTATION_CONTEXT(2)
PARAMETRIC_REPRESENTATION_CONTEXT() REPRESENTATION_CONTEXT('2D SPACE',''
  ) );
#1984 = PCURVE('',#1874,#1985);
#1985 = DEFINITIONAL_REPRESENTATION('',(#1986),#1990);
#1986 = LINE('',#1987,#1988);
#1987 = CARTESIAN_POINT('',(0.,32.));
#1988 = VECTOR('',#1989,1.);
#1989 = DIRECTION('',(1.,0.));
#1990 = ( GEOMETRIC_REPRESENTATION_CONTEXT(2)
PARAMETRIC_REPRESENTATION_CONTEXT() REPRESENTATION_CONTEXT('2D SPACE',''
  ) );
#1991 = ADVANCED_FACE('',(#1992),#1790,.T.);
#1992 = FACE_BOUND('',#1993,.T.);
#1993 = EDGE_LOOP('',(#1994,#1995,#1996,#1997));
#1994 = ORIENTED_EDGE('',*,*,#1776,.F.);
#1995 = ORIENTED_EDGE('',*,*,#1940,.T.);
#1996 = ORIENTED_EDGE('',*,*,#1914,.T.);
#1997 = ORIENTED_EDGE('',*,*,#1807,.F.);
#1998 = ADVANCED_FACE('',(#1999),#1874,.F.);
#1999 = FACE_BOUND('',#2000,.F.);
#2000 = EDGE_LOOP('',(#2001,#2002,#2023,#2024));
#2001 = ORIENTED_EDGE('',*,*,#1964,.F.);
#2002 = ORIENTED_EDGE('',*,*,#2003,.F.);
#2003 = EDGE_CURVE('',#1854,#1965,#2004,.T.);
#2004 = SEAM_CURVE('',#2005,(#2009,#2016),.PCURVE_S1.);
#2005 = LINE('',#2006,#2007);
#2006 = CARTESIAN_POINT('',(-135.25,40.,32.));
#2007 = VECTOR('',#2008,1.);
#2008 = DIRECTION('',(0.,0.,-1.));
#2009 = PCURVE('',#1874,#2010);
#2010 = DEFINITIONAL_REPRESENTATION('',(#2011),#2015);
#2011 = LINE('',#2012,#2013);
#2012 = CARTESIAN_POINT('',(6.28318530718,-0.));
#2013 = VECTOR('',#2014,1.);
#2014 = DIRECTION('',(0.,1.));
#2015 = ( GEOMETRIC_REPRESENTATION_CONTEXT(2)
PARAMETRIC_REPRESENTATION_CONTEXT() REPRESENTATION_CONTEXT('2D SPACE',''
  ) );
#2016 = PCURVE('',#1874,#2017);
#2017 = DEFINITIONAL_REPRESENTATION('',(#2018),#2022);
#2018 = LINE('',#2019,#2020);
#2019 = CARTESIAN_POINT('',(0.,-0.));
#2020 = VECTOR('',#2021,1.);
#2021 = DIRECTION('',(0.,1.));
#2022 = ( GEOMETRIC_REPRESENTATION_CONTEXT(2)
PARAMETRIC_REPRESENTATION_CONTEXT() REPRESENTATION_CONTEXT('2D SPACE',''
  ) );
#2023 = ORIENTED_EDGE('',*,*,#1853,.T.);
#2024 = ORIENTED_EDGE('',*,*,#2003,.T.);
#2025 = ( GEOMETRIC_REPRESENTATION_CONTEXT(3)
GLOBAL_UNCERTAINTY_ASSIGNED_CONTEXT((#2029))
GLOBAL_UNIT_ASSIGNED_CONTEXT((#2026,#2027,#2028)) REPRESENTATION_CONTEXT
('Context #1','3D Context with UNIT and UNCERTAINTY') );
#2026 = ( LENGTH_UNIT() NAMED_UNIT(*) SI_UNIT(.MILLI.,.METRE.) );
#2027 = ( NAMED_UNIT(*) PLANE_ANGLE_UNIT() SI_UNIT($,.RADIAN.) );
#2028 = ( NAMED_UNIT(*) SI_UNIT($,.STERADIAN.) SOLID_ANGLE_UNIT() );
#2029 = UNCERTAINTY_MEASURE_WITH_UNIT(LENGTH_MEASURE(1.E-07),#2026,
  'distance_accuracy_value','confusion accuracy');
#2030 = CONTEXT_DEPENDENT_SHAPE_REPRESENTATION(#2031,#2033);
#2031 = ( REPRESENTATION_RELATIONSHIP('','',#1602,#10)
REPRESENTATION_RELATIONSHIP_WITH_TRANSFORMATION(#2032)
SHAPE_REPRESENTATION_RELATIONSHIP() );
#2032 = ITEM_DEFINED_TRANSFORMATION('','',#11,#23);
#2033 = PRODUCT_DEFINITION_SHAPE('Placement','Placement of an item',
  #2034);
#2034 = NEXT_ASSEMBLY_USAGE_OCCURRENCE('3','','',#5,#1597,$);
#2035 = PRODUCT_RELATED_PRODUCT_CATEGORY('part',$,(#1599));
#2036 = SHAPE_DEFINITION_REPRESENTATION(#2037,#2043);
#2037 = PRODUCT_DEFINITION_SHAPE('','',#2038);
#2038 = PRODUCT_DEFINITION('design','',#2039,#2042);
#2039 = PRODUCT_DEFINITION_FORMATION('','',#2040);
#2040 = PRODUCT('Open CASCADE STEP translator 7.8 20.4',
  'Open CASCADE STEP translator 7.8 20.4','',(#2041));
#2041 = PRODUCT_CONTEXT('',#2,'mechanical');
#2042 = PRODUCT_DEFINITION_CONTEXT('part definition',#2,'design');
#2043 = ADVANCED_BREP_SHAPE_REPRESENTATION('',(#11,#2044),#2558);
#2044 = MANIFOLD_SOLID_BREP('',#2045);
#2045 = CLOSED_SHELL('',(#2046,#2166,#2242,#2361,#2410,#2497,#2504,#2531
    ));
#2046 = ADVANCED_FACE('',(#2047),#2061,.F.);
#2047 = FACE_BOUND('',#2048,.F.);
#2048 = EDGE_LOOP('',(#2049,#2084,#2112,#2140));
#2049 = ORIENTED_EDGE('',*,*,#2050,.F.);
#2050 = EDGE_CURVE('',#2051,#2053,#2055,.T.);
#2051 = VERTEX_POINT('',#2052);
#2052 = CARTESIAN_POINT('',(-192.5,-72.5,32.));
#2053 = VERTEX_POINT('',#2054);
#2054 = CARTESIAN_POINT('',(-192.5,-72.5,38.));
#2055 = SURFACE_CURVE('',#2056,(#2060,#2072),.PCURVE_S1.);
#2056 = LINE('',#2057,#2058);
#2057 = CARTESIAN_POINT('',(-192.5,-72.5,32.));
#2058 = VECTOR('',#2059,1.);
#2059 = DIRECTION('',(0.,0.,1.));
#2060 = PCURVE('',#2061,#2066);
#2061 = PLANE('',#2062);
#2062 = AXIS2_PLACEMENT_3D('',#2063,#2064,#2065);
#2063 = CARTESIAN_POINT('',(-192.5,-72.5,32.));
#2064 = DIRECTION('',(1.,0.,0.));
#2065 = DIRECTION('',(0.,0.,1.));
#2066 = DEFINITIONAL_REPRESENTATION('',(#2067),#2071);
#2067 = LINE('',#2068,#2069);
#2068 = CARTESIAN_POINT('',(0.,0.));
#2069 = VECTOR('',#2070,1.);
#2070 = DIRECTION('',(1.,0.));
#2071 = ( GEOMETRIC_REPRESENTATION_CONTEXT(2)
PARAMETRIC_REPRESENTATION_CONTEXT() REPRESENTATION_CONTEXT('2D SPACE',''
  ) );
#2072 = PCURVE('',#2073,#2078);
#2073 = PLANE('',#2074);
#2074 = AXIS2_PLACEMENT_3D('',#2075,#2076,#2077);
#2075 = CARTESIAN_POINT('',(-192.5,-72.5,32.));
#2076 = DIRECTION('',(0.,1.,0.));
#2077 = DIRECTION('',(0.,0.,1.));
#2078 = DEFINITIONAL_REPRESENTATION('',(#2079),#2083);
#2079 = LINE('',#2080,#2081);
#2080 = CARTESIAN_POINT('',(0.,0.));
#2081 = VECTOR('',#2082,1.);
#2082 = DIRECTION('',(1.,0.));
#2083 = ( GEOMETRIC_REPRESENTATION_CONTEXT(2)
PARAMETRIC_REPRESENTATION_CONTEXT() REPRESENTATION_CONTEXT('2D SPACE',''
  ) );
#2084 = ORIENTED_EDGE('',*,*,#2085,.T.);
#2085 = EDGE_CURVE('',#2051,#2086,#2088,.T.);
#2086 = VERTEX_POINT('',#2087);
#2087 = CARTESIAN_POINT('',(-192.5,-47.5,32.));
#2088 = SURFACE_CURVE('',#2089,(#2093,#2100),.PCURVE_S1.);
#2089 = LINE('',#2090,#2091);
#2090 = CARTESIAN_POINT('',(-192.5,-72.5,32.));
#2091 = VECTOR('',#2092,1.);
#2092 = DIRECTION('',(0.,1.,0.));
#2093 = PCURVE('',#2061,#2094);
#2094 = DEFINITIONAL_REPRESENTATION('',(#2095),#2099);
#2095 = LINE('',#2096,#2097);
#2096 = CARTESIAN_POINT('',(0.,0.));
#2097 = VECTOR('',#2098,1.);
#2098 = DIRECTION('',(0.,-1.));
#2099 = ( GEOMETRIC_REPRESENTATION_CONTEXT(2)
PARAMETRIC_REPRESENTATION_CONTEXT() REPRESENTATION_CONTEXT('2D SPACE',''
  ) );
#2100 = PCURVE('',#2101,#2106);
#2101 = PLANE('',#2102);
#2102 = AXIS2_PLACEMENT_3D('',#2103,#2104,#2105);
#2103 = CARTESIAN_POINT('',(-192.5,-72.5,32.));
#2104 = DIRECTION('',(0.,0.,1.));
#2105 = DIRECTION('',(1.,0.,0.));
#2106 = DEFINITIONAL_REPRESENTATION('',(#2107),#2111);
#2107 = LINE('',#2108,#2109);
#2108 = CARTESIAN_POINT('',(0.,0.));
#2109 = VECTOR('',#2110,1.);
#2110 = DIRECTION('',(0.,1.));
#2111 = ( GEOMETRIC_REPRESENTATION_CONTEXT(2)
PARAMETRIC_REPRESENTATION_CONTEXT() REPRESENTATION_CONTEXT('2D SPACE',''
  ) );
#2112 = ORIENTED_EDGE('',*,*,#2113,.T.);
#2113 = EDGE_CURVE('',#2086,#2114,#2116,.T.);
#2114 = VERTEX_POINT('',#2115);
#2115 = CARTESIAN_POINT('',(-192.5,-47.5,38.));
#2116 = SURFACE_CURVE('',#2117,(#2121,#2128),.PCURVE_S1.);
#2117 = LINE('',#2118,#2119);
#2118 = CARTESIAN_POINT('',(-192.5,-47.5,32.));
#2119 = VECTOR('',#2120,1.);
#2120 = DIRECTION('',(0.,0.,1.));
#2121 = PCURVE('',#2061,#2122);
#2122 = DEFINITIONAL_REPRESENTATION('',(#2123),#2127);
#2123 = LINE('',#2124,#2125);
#2124 = CARTESIAN_POINT('',(0.,-25.));
#2125 = VECTOR('',#2126,1.);
#2126 = DIRECTION('',(1.,0.));
#2127 = ( GEOMETRIC_REPRESENTATION_CONTEXT(2)
PARAMETRIC_REPRESENTATION_CONTEXT() REPRESENTATION_CONTEXT('2D SPACE',''
  ) );
#2128 = PCURVE('',#2129,#2134);
#2129 = PLANE('',#2130);
#2130 = AXIS2_PLACEMENT_3D('',#2131,#2132,#2133);
#2131 = CARTESIAN_POINT('',(-192.5,-47.5,32.));
#2132 = DIRECTION('',(0.,1.,0.));
#2133 = DIRECTION('',(0.,0.,1.));
#2134 = DEFINITIONAL_REPRESENTATION('',(#2135),#2139);
#2135 = LINE('',#2136,#2137);
#2136 = CARTESIAN_POINT('',(0.,0.));
#2137 = VECTOR('',#2138,1.);
#2138 = DIRECTION('',(1.,0.));
#2139 = ( GEOMETRIC_REPRESENTATION_CONTEXT(2)
PARAMETRIC_REPRESENTATION_CONTEXT() REPRESENTATION_CONTEXT('2D SPACE',''
  ) );
#2140 = ORIENTED_EDGE('',*,*,#2141,.F.);
#2141 = EDGE_CURVE('',#2053,#2114,#2142,.T.);
#2142 = SURFACE_CURVE('',#2143,(#2147,#2154),.PCURVE_S1.);
#2143 = LINE('',#2144,#2145);
#2144 = CARTESIAN_POINT('',(-192.5,-72.5,38.));
#2145 = VECTOR('',#2146,1.);
#2146 = DIRECTION('',(0.,1.,0.));
#2147 = PCURVE('',#2061,#2148);
#2148 = DEFINITIONAL_REPRESENTATION('',(#2149),#2153);
#2149 = LINE('',#2150,#2151);
#2150 = CARTESIAN_POINT('',(6.,0.));
#2151 = VECTOR('',#2152,1.);
#2152 = DIRECTION('',(0.,-1.));
#2153 = ( GEOMETRIC_REPRESENTATION_CONTEXT(2)
PARAMETRIC_REPRESENTATION_CONTEXT() REPRESENTATION_CONTEXT('2D SPACE',''
  ) );
#2154 = PCURVE('',#2155,#2160);
#2155 = PLANE('',#2156);
#2156 = AXIS2_PLACEMENT_3D('',#2157,#2158,#2159);
#2157 = CARTESIAN_POINT('',(-192.5,-72.5,38.));
#2158 = DIRECTION('',(0.,0.,1.));
#2159 = DIRECTION('',(1.,0.,0.));
#2160 = DEFINITIONAL_REPRESENTATION('',(#2161),#2165);
#2161 = LINE('',#2162,#2163);
#2162 = CARTESIAN_POINT('',(0.,0.));
#2163 = VECTOR('',#2164,1.);
#2164 = DIRECTION('',(0.,1.));
#2165 = ( GEOMETRIC_REPRESENTATION_CONTEXT(2)
PARAMETRIC_REPRESENTATION_CONTEXT() REPRESENTATION_CONTEXT('2D SPACE',''
  ) );
#2166 = ADVANCED_FACE('',(#2167),#2073,.F.);
#2167 = FACE_BOUND('',#2168,.F.);
#2168 = EDGE_LOOP('',(#2169,#2192,#2193,#2216));
#2169 = ORIENTED_EDGE('',*,*,#2170,.F.);
#2170 = EDGE_CURVE('',#2051,#2171,#2173,.T.);
#2171 = VERTEX_POINT('',#2172);
#2172 = CARTESIAN_POINT('',(-122.5,-72.5,32.));
#2173 = SURFACE_CURVE('',#2174,(#2178,#2185),.PCURVE_S1.);
#2174 = LINE('',#2175,#2176);
#2175 = CARTESIAN_POINT('',(-192.5,-72.5,32.));
#2176 = VECTOR('',#2177,1.);
#2177 = DIRECTION('',(1.,0.,0.));
#2178 = PCURVE('',#2073,#2179);
#2179 = DEFINITIONAL_REPRESENTATION('',(#2180),#2184);
#2180 = LINE('',#2181,#2182);
#2181 = CARTESIAN_POINT('',(0.,0.));
#2182 = VECTOR('',#2183,1.);
#2183 = DIRECTION('',(0.,1.));
#2184 = ( GEOMETRIC_REPRESENTATION_CONTEXT(2)
PARAMETRIC_REPRESENTATION_CONTEXT() REPRESENTATION_CONTEXT('2D SPACE',''
  ) );
#2185 = PCURVE('',#2101,#2186);
#2186 = DEFINITIONAL_REPRESENTATION('',(#2187),#2191);
#2187 = LINE('',#2188,#2189);
#2188 = CARTESIAN_POINT('',(0.,0.));
#2189 = VECTOR('',#2190,1.);
#2190 = DIRECTION('',(1.,0.));
#2191 = ( GEOMETRIC_REPRESENTATION_CONTEXT(2)
PARAMETRIC_REPRESENTATION_CONTEXT() REPRESENTATION_CONTEXT('2D SPACE',''
  ) );
#2192 = ORIENTED_EDGE('',*,*,#2050,.T.);
#2193 = ORIENTED_EDGE('',*,*,#2194,.T.);
#2194 = EDGE_CURVE('',#2053,#2195,#2197,.T.);
#2195 = VERTEX_POINT('',#2196);
#2196 = CARTESIAN_POINT('',(-122.5,-72.5,38.));
#2197 = SURFACE_CURVE('',#2198,(#2202,#2209),.PCURVE_S1.);
#2198 = LINE('',#2199,#2200);
#2199 = CARTESIAN_POINT('',(-192.5,-72.5,38.));
#2200 = VECTOR('',#2201,1.);
#2201 = DIRECTION('',(1.,0.,0.));
#2202 = PCURVE('',#2073,#2203);
#2203 = DEFINITIONAL_REPRESENTATION('',(#2204),#2208);
#2204 = LINE('',#2205,#2206);
#2205 = CARTESIAN_POINT('',(6.,0.));
#2206 = VECTOR('',#2207,1.);
#2207 = DIRECTION('',(0.,1.));
#2208 = ( GEOMETRIC_REPRESENTATION_CONTEXT(2)
PARAMETRIC_REPRESENTATION_CONTEXT() REPRESENTATION_CONTEXT('2D SPACE',''
  ) );
#2209 = PCURVE('',#2155,#2210);
#2210 = DEFINITIONAL_REPRESENTATION('',(#2211),#2215);
#2211 = LINE('',#2212,#2213);
#2212 = CARTESIAN_POINT('',(0.,0.));
#2213 = VECTOR('',#2214,1.);
#2214 = DIRECTION('',(1.,0.));
#2215 = ( GEOMETRIC_REPRESENTATION_CONTEXT(2)
PARAMETRIC_REPRESENTATION_CONTEXT() REPRESENTATION_CONTEXT('2D SPACE',''
  ) );
#2216 = ORIENTED_EDGE('',*,*,#2217,.F.);
#2217 = EDGE_CURVE('',#2171,#2195,#2218,.T.);
#2218 = SURFACE_CURVE('',#2219,(#2223,#2230),.PCURVE_S1.);
#2219 = LINE('',#2220,#2221);
#2220 = CARTESIAN_POINT('',(-122.5,-72.5,32.));
#2221 = VECTOR('',#2222,1.);
#2222 = DIRECTION('',(0.,0.,1.));
#2223 = PCURVE('',#2073,#2224);
#2224 = DEFINITIONAL_REPRESENTATION('',(#2225),#2229);
#2225 = LINE('',#2226,#2227);
#2226 = CARTESIAN_POINT('',(0.,70.));
#2227 = VECTOR('',#2228,1.);
#2228 = DIRECTION('',(1.,0.));
#2229 = ( GEOMETRIC_REPRESENTATION_CONTEXT(2)
PARAMETRIC_REPRESENTATION_CONTEXT() REPRESENTATION_CONTEXT('2D SPACE',''
  ) );
#2230 = PCURVE('',#2231,#2236);
#2231 = PLANE('',#2232);
#2232 = AXIS2_PLACEMENT_3D('',#2233,#2234,#2235);
#2233 = CARTESIAN_POINT('',(-122.5,-72.5,32.));
#2234 = DIRECTION('',(1.,0.,0.));
#2235 = DIRECTION('',(0.,0.,1.));
#2236 = DEFINITIONAL_REPRESENTATION('',(#2237),#2241);
#2237 = LINE('',#2238,#2239);
#2238 = CARTESIAN_POINT('',(0.,0.));
#2239 = VECTOR('',#2240,1.);
#2240 = DIRECTION('',(1.,0.));
#2241 = ( GEOMETRIC_REPRESENTATION_CONTEXT(2)
PARAMETRIC_REPRESENTATION_CONTEXT() REPRESENTATION_CONTEXT('2D SPACE',''
  ) );
#2242 = ADVANCED_FACE('',(#2243,#2291,#2326),#2155,.T.);
#2243 = FACE_BOUND('',#2244,.T.);
#2244 = EDGE_LOOP('',(#2245,#2246,#2247,#2270));
#2245 = ORIENTED_EDGE('',*,*,#2141,.F.);
#2246 = ORIENTED_EDGE('',*,*,#2194,.T.);
#2247 = ORIENTED_EDGE('',*,*,#2248,.T.);
#2248 = EDGE_CURVE('',#2195,#2249,#2251,.T.);
#2249 = VERTEX_POINT('',#2250);
#2250 = CARTESIAN_POINT('',(-122.5,-47.5,38.));
#2251 = SURFACE_CURVE('',#2252,(#2256,#2263),.PCURVE_S1.);
#2252 = LINE('',#2253,#2254);
#2253 = CARTESIAN_POINT('',(-122.5,-72.5,38.));
#2254 = VECTOR('',#2255,1.);
#2255 = DIRECTION('',(0.,1.,0.));
#2256 = PCURVE('',#2155,#2257);
#2257 = DEFINITIONAL_REPRESENTATION('',(#2258),#2262);
#2258 = LINE('',#2259,#2260);
#2259 = CARTESIAN_POINT('',(70.,0.));
#2260 = VECTOR('',#2261,1.);
#2261 = DIRECTION('',(0.,1.));
#2262 = ( GEOMETRIC_REPRESENTATION_CONTEXT(2)
PARAMETRIC_REPRESENTATION_CONTEXT() REPRESENTATION_CONTEXT('2D SPACE',''
  ) );
#2263 = PCURVE('',#2231,#2264);
#2264 = DEFINITIONAL_REPRESENTATION('',(#2265),#2269);
#2265 = LINE('',#2266,#2267);
#2266 = CARTESIAN_POINT('',(6.,0.));
#2267 = VECTOR('',#2268,1.);
#2268 = DIRECTION('',(0.,-1.));
#2269 = ( GEOMETRIC_REPRESENTATION_CONTEXT(2)
PARAMETRIC_REPRESENTATION_CONTEXT() REPRESENTATION_CONTEXT('2D SPACE',''
  ) );
#2270 = ORIENTED_EDGE('',*,*,#2271,.F.);
#2271 = EDGE_CURVE('',#2114,#2249,#2272,.T.);
#2272 = SURFACE_CURVE('',#2273,(#2277,#2284),.PCURVE_S1.);
#2273 = LINE('',#2274,#2275);
#2274 = CARTESIAN_POINT('',(-192.5,-47.5,38.));
#2275 = VECTOR('',#2276,1.);
#2276 = DIRECTION('',(1.,0.,0.));
#2277 = PCURVE('',#2155,#2278);
#2278 = DEFINITIONAL_REPRESENTATION('',(#2279),#2283);
#2279 = LINE('',#2280,#2281);
#2280 = CARTESIAN_POINT('',(0.,25.));
#2281 = VECTOR('',#2282,1.);
#2282 = DIRECTION('',(1.,0.));
#2283 = ( GEOMETRIC_REPRESENTATION_CONTEXT(2)
PARAMETRIC_REPRESENTATION_CONTEXT() REPRESENTATION_CONTEXT('2D SPACE',''
  ) );
#2284 = PCURVE('',#2129,#2285);
#2285 = DEFINITIONAL_REPRESENTATION('',(#2286),#2290);
#2286 = LINE('',#2287,#2288);
#2287 = CARTESIAN_POINT('',(6.,0.));
#2288 = VECTOR('',#2289,1.);
#2289 = DIRECTION('',(0.,1.));
#2290 = ( GEOMETRIC_REPRESENTATION_CONTEXT(2)
PARAMETRIC_REPRESENTATION_CONTEXT() REPRESENTATION_CONTEXT('2D SPACE',''
  ) );
#2291 = FACE_BOUND('',#2292,.T.);
#2292 = EDGE_LOOP('',(#2293));
#2293 = ORIENTED_EDGE('',*,*,#2294,.T.);
#2294 = EDGE_CURVE('',#2295,#2295,#2297,.T.);
#2295 = VERTEX_POINT('',#2296);
#2296 = CARTESIAN_POINT('',(-190.1,-60.,38.));
#2297 = SURFACE_CURVE('',#2298,(#2303,#2314),.PCURVE_S1.);
#2298 = CIRCLE('',#2299,5.1);
#2299 = AXIS2_PLACEMENT_3D('',#2300,#2301,#2302);
#2300 = CARTESIAN_POINT('',(-185.,-60.,38.));
#2301 = DIRECTION('',(0.,0.,-1.));
#2302 = DIRECTION('',(-1.,0.,0.));
#2303 = PCURVE('',#2155,#2304);
#2304 = DEFINITIONAL_REPRESENTATION('',(#2305),#2313);
#2305 = ( BOUNDED_CURVE() B_SPLINE_CURVE(2,(#2306,#2307,#2308,#2309,
#2310,#2311,#2312),.UNSPECIFIED.,.T.,.F.) B_SPLINE_CURVE_WITH_KNOTS((1,2
    ,2,2,2,1),(-2.094395102393,0.,2.094395102393,4.188790204786,
6.28318530718,8.377580409573),.UNSPECIFIED.) CURVE()
GEOMETRIC_REPRESENTATION_ITEM() RATIONAL_B_SPLINE_CURVE((1.,0.5,1.,0.5,
1.,0.5,1.)) REPRESENTATION_ITEM('') );
#2306 = CARTESIAN_POINT('',(2.4,12.5));
#2307 = CARTESIAN_POINT('',(2.4,21.333459118601));
#2308 = CARTESIAN_POINT('',(10.05,16.916729559301));
#2309 = CARTESIAN_POINT('',(17.7,12.5));
#2310 = CARTESIAN_POINT('',(10.05,8.083270440699));
#2311 = CARTESIAN_POINT('',(2.4,3.666540881399));
#2312 = CARTESIAN_POINT('',(2.4,12.5));
#2313 = ( GEOMETRIC_REPRESENTATION_CONTEXT(2)
PARAMETRIC_REPRESENTATION_CONTEXT() REPRESENTATION_CONTEXT('2D SPACE',''
  ) );
#2314 = PCURVE('',#2315,#2320);
#2315 = CYLINDRICAL_SURFACE('',#2316,5.1);
#2316 = AXIS2_PLACEMENT_3D('',#2317,#2318,#2319);
#2317 = CARTESIAN_POINT('',(-185.,-60.,38.));
#2318 = DIRECTION('',(0.,0.,-1.));
#2319 = DIRECTION('',(-1.,0.,0.));
#2320 = DEFINITIONAL_REPRESENTATION('',(#2321),#2325);
#2321 = LINE('',#2322,#2323);
#2322 = CARTESIAN_POINT('',(0.,0.));
#2323 = VECTOR('',#2324,1.);
#2324 = DIRECTION('',(1.,0.));
#2325 = ( GEOMETRIC_REPRESENTATION_CONTEXT(2)
PARAMETRIC_REPRESENTATION_CONTEXT() REPRESENTATION_CONTEXT('2D SPACE',''
  ) );
#2326 = FACE_BOUND('',#2327,.T.);
#2327 = EDGE_LOOP('',(#2328));
#2328 = ORIENTED_EDGE('',*,*,#2329,.T.);
#2329 = EDGE_CURVE('',#2330,#2330,#2332,.T.);
#2330 = VERTEX_POINT('',#2331);
#2331 = CARTESIAN_POINT('',(-135.1,-60.,38.));
#2332 = SURFACE_CURVE('',#2333,(#2338,#2349),.PCURVE_S1.);
#2333 = CIRCLE('',#2334,5.1);
#2334 = AXIS2_PLACEMENT_3D('',#2335,#2336,#2337);
#2335 = CARTESIAN_POINT('',(-130.,-60.,38.));
#2336 = DIRECTION('',(0.,0.,-1.));
#2337 = DIRECTION('',(-1.,0.,0.));
#2338 = PCURVE('',#2155,#2339);
#2339 = DEFINITIONAL_REPRESENTATION('',(#2340),#2348);
#2340 = ( BOUNDED_CURVE() B_SPLINE_CURVE(2,(#2341,#2342,#2343,#2344,
#2345,#2346,#2347),.UNSPECIFIED.,.T.,.F.) B_SPLINE_CURVE_WITH_KNOTS((1,2
    ,2,2,2,1),(-2.094395102393,0.,2.094395102393,4.188790204786,
6.28318530718,8.377580409573),.UNSPECIFIED.) CURVE()
GEOMETRIC_REPRESENTATION_ITEM() RATIONAL_B_SPLINE_CURVE((1.,0.5,1.,0.5,
1.,0.5,1.)) REPRESENTATION_ITEM('') );
#2341 = CARTESIAN_POINT('',(57.4,12.5));
#2342 = CARTESIAN_POINT('',(57.4,21.333459118601));
#2343 = CARTESIAN_POINT('',(65.05,16.916729559301));
#2344 = CARTESIAN_POINT('',(72.7,12.5));
#2345 = CARTESIAN_POINT('',(65.05,8.083270440699));
#2346 = CARTESIAN_POINT('',(57.4,3.666540881399));
#2347 = CARTESIAN_POINT('',(57.4,12.5));
#2348 = ( GEOMETRIC_REPRESENTATION_CONTEXT(2)
PARAMETRIC_REPRESENTATION_CONTEXT() REPRESENTATION_CONTEXT('2D SPACE',''
  ) );
#2349 = PCURVE('',#2350,#2355);
#2350 = CYLINDRICAL_SURFACE('',#2351,5.1);
#2351 = AXIS2_PLACEMENT_3D('',#2352,#2353,#2354);
#2352 = CARTESIAN_POINT('',(-130.,-60.,38.));
#2353 = DIRECTION('',(0.,0.,-1.));
#2354 = DIRECTION('',(-1.,0.,0.));
#2355 = DEFINITIONAL_REPRESENTATION('',(#2356),#2360);
#2356 = LINE('',#2357,#2358);
#2357 = CARTESIAN_POINT('',(0.,0.));
#2358 = VECTOR('',#2359,1.);
#2359 = DIRECTION('',(1.,0.));
#2360 = ( GEOMETRIC_REPRESENTATION_CONTEXT(2)
PARAMETRIC_REPRESENTATION_CONTEXT() REPRESENTATION_CONTEXT('2D SPACE',''
  ) );
#2361 = ADVANCED_FACE('',(#2362),#2129,.T.);
#2362 = FACE_BOUND('',#2363,.T.);
#2363 = EDGE_LOOP('',(#2364,#2387,#2388,#2389));
#2364 = ORIENTED_EDGE('',*,*,#2365,.F.);
#2365 = EDGE_CURVE('',#2086,#2366,#2368,.T.);
#2366 = VERTEX_POINT('',#2367);
#2367 = CARTESIAN_POINT('',(-122.5,-47.5,32.));
#2368 = SURFACE_CURVE('',#2369,(#2373,#2380),.PCURVE_S1.);
#2369 = LINE('',#2370,#2371);
#2370 = CARTESIAN_POINT('',(-192.5,-47.5,32.));
#2371 = VECTOR('',#2372,1.);
#2372 = DIRECTION('',(1.,0.,0.));
#2373 = PCURVE('',#2129,#2374);
#2374 = DEFINITIONAL_REPRESENTATION('',(#2375),#2379);
#2375 = LINE('',#2376,#2377);
#2376 = CARTESIAN_POINT('',(0.,0.));
#2377 = VECTOR('',#2378,1.);
#2378 = DIRECTION('',(0.,1.));
#2379 = ( GEOMETRIC_REPRESENTATION_CONTEXT(2)
PARAMETRIC_REPRESENTATION_CONTEXT() REPRESENTATION_CONTEXT('2D SPACE',''
  ) );
#2380 = PCURVE('',#2101,#2381);
#2381 = DEFINITIONAL_REPRESENTATION('',(#2382),#2386);
#2382 = LINE('',#2383,#2384);
#2383 = CARTESIAN_POINT('',(0.,25.));
#2384 = VECTOR('',#2385,1.);
#2385 = DIRECTION('',(1.,0.));
#2386 = ( GEOMETRIC_REPRESENTATION_CONTEXT(2)
PARAMETRIC_REPRESENTATION_CONTEXT() REPRESENTATION_CONTEXT('2D SPACE',''
  ) );
#2387 = ORIENTED_EDGE('',*,*,#2113,.T.);
#2388 = ORIENTED_EDGE('',*,*,#2271,.T.);
#2389 = ORIENTED_EDGE('',*,*,#2390,.F.);
#2390 = EDGE_CURVE('',#2366,#2249,#2391,.T.);
#2391 = SURFACE_CURVE('',#2392,(#2396,#2403),.PCURVE_S1.);
#2392 = LINE('',#2393,#2394);
#2393 = CARTESIAN_POINT('',(-122.5,-47.5,32.));
#2394 = VECTOR('',#2395,1.);
#2395 = DIRECTION('',(0.,0.,1.));
#2396 = PCURVE('',#2129,#2397);
#2397 = DEFINITIONAL_REPRESENTATION('',(#2398),#2402);
#2398 = LINE('',#2399,#2400);
#2399 = CARTESIAN_POINT('',(0.,70.));
#2400 = VECTOR('',#2401,1.);
#2401 = DIRECTION('',(1.,0.));
#2402 = ( GEOMETRIC_REPRESENTATION_CONTEXT(2)
PARAMETRIC_REPRESENTATION_CONTEXT() REPRESENTATION_CONTEXT('2D SPACE',''
  ) );
#2403 = PCURVE('',#2231,#2404);
#2404 = DEFINITIONAL_REPRESENTATION('',(#2405),#2409);
#2405 = LINE('',#2406,#2407);
#2406 = CARTESIAN_POINT('',(0.,-25.));
#2407 = VECTOR('',#2408,1.);
#2408 = DIRECTION('',(1.,0.));
#2409 = ( GEOMETRIC_REPRESENTATION_CONTEXT(2)
PARAMETRIC_REPRESENTATION_CONTEXT() REPRESENTATION_CONTEXT('2D SPACE',''
  ) );
#2410 = ADVANCED_FACE('',(#2411,#2437,#2467),#2101,.F.);
#2411 = FACE_BOUND('',#2412,.F.);
#2412 = EDGE_LOOP('',(#2413,#2414,#2415,#2436));
#2413 = ORIENTED_EDGE('',*,*,#2085,.F.);
#2414 = ORIENTED_EDGE('',*,*,#2170,.T.);
#2415 = ORIENTED_EDGE('',*,*,#2416,.T.);
#2416 = EDGE_CURVE('',#2171,#2366,#2417,.T.);
#2417 = SURFACE_CURVE('',#2418,(#2422,#2429),.PCURVE_S1.);
#2418 = LINE('',#2419,#2420);
#2419 = CARTESIAN_POINT('',(-122.5,-72.5,32.));
#2420 = VECTOR('',#2421,1.);
#2421 = DIRECTION('',(0.,1.,0.));
#2422 = PCURVE('',#2101,#2423);
#2423 = DEFINITIONAL_REPRESENTATION('',(#2424),#2428);
#2424 = LINE('',#2425,#2426);
#2425 = CARTESIAN_POINT('',(70.,0.));
#2426 = VECTOR('',#2427,1.);
#2427 = DIRECTION('',(0.,1.));
#2428 = ( GEOMETRIC_REPRESENTATION_CONTEXT(2)
PARAMETRIC_REPRESENTATION_CONTEXT() REPRESENTATION_CONTEXT('2D SPACE',''
  ) );
#2429 = PCURVE('',#2231,#2430);
#2430 = DEFINITIONAL_REPRESENTATION('',(#2431),#2435);
#2431 = LINE('',#2432,#2433);
#2432 = CARTESIAN_POINT('',(0.,0.));
#2433 = VECTOR('',#2434,1.);
#2434 = DIRECTION('',(0.,-1.));
#2435 = ( GEOMETRIC_REPRESENTATION_CONTEXT(2)
PARAMETRIC_REPRESENTATION_CONTEXT() REPRESENTATION_CONTEXT('2D SPACE',''
  ) );
#2436 = ORIENTED_EDGE('',*,*,#2365,.F.);
#2437 = FACE_BOUND('',#2438,.F.);
#2438 = EDGE_LOOP('',(#2439));
#2439 = ORIENTED_EDGE('',*,*,#2440,.T.);
#2440 = EDGE_CURVE('',#2441,#2441,#2443,.T.);
#2441 = VERTEX_POINT('',#2442);
#2442 = CARTESIAN_POINT('',(-190.1,-60.,32.));
#2443 = SURFACE_CURVE('',#2444,(#2449,#2460),.PCURVE_S1.);
#2444 = CIRCLE('',#2445,5.1);
#2445 = AXIS2_PLACEMENT_3D('',#2446,#2447,#2448);
#2446 = CARTESIAN_POINT('',(-185.,-60.,32.));
#2447 = DIRECTION('',(0.,0.,-1.));
#2448 = DIRECTION('',(-1.,0.,0.));
#2449 = PCURVE('',#2101,#2450);
#2450 = DEFINITIONAL_REPRESENTATION('',(#2451),#2459);
#2451 = ( BOUNDED_CURVE() B_SPLINE_CURVE(2,(#2452,#2453,#2454,#2455,
#2456,#2457,#2458),.UNSPECIFIED.,.T.,.F.) B_SPLINE_CURVE_WITH_KNOTS((1,2
    ,2,2,2,1),(-2.094395102393,0.,2.094395102393,4.188790204786,
6.28318530718,8.377580409573),.UNSPECIFIED.) CURVE()
GEOMETRIC_REPRESENTATION_ITEM() RATIONAL_B_SPLINE_CURVE((1.,0.5,1.,0.5,
1.,0.5,1.)) REPRESENTATION_ITEM('') );
#2452 = CARTESIAN_POINT('',(2.4,12.5));
#2453 = CARTESIAN_POINT('',(2.4,21.333459118601));
#2454 = CARTESIAN_POINT('',(10.05,16.916729559301));
#2455 = CARTESIAN_POINT('',(17.7,12.5));
#2456 = CARTESIAN_POINT('',(10.05,8.083270440699));
#2457 = CARTESIAN_POINT('',(2.4,3.666540881399));
#2458 = CARTESIAN_POINT('',(2.4,12.5));
#2459 = ( GEOMETRIC_REPRESENTATION_CONTEXT(2)
PARAMETRIC_REPRESENTATION_CONTEXT() REPRESENTATION_CONTEXT('2D SPACE',''
  ) );
#2460 = PCURVE('',#2315,#2461);
#2461 = DEFINITIONAL_REPRESENTATION('',(#2462),#2466);
#2462 = LINE('',#2463,#2464);
#2463 = CARTESIAN_POINT('',(0.,6.));
#2464 = VECTOR('',#2465,1.);
#2465 = DIRECTION('',(1.,0.));
#2466 = ( GEOMETRIC_REPRESENTATION_CONTEXT(2)
PARAMETRIC_REPRESENTATION_CONTEXT() REPRESENTATION_CONTEXT('2D SPACE',''
  ) );
#2467 = FACE_BOUND('',#2468,.F.);
#2468 = EDGE_LOOP('',(#2469));
#2469 = ORIENTED_EDGE('',*,*,#2470,.T.);
#2470 = EDGE_CURVE('',#2471,#2471,#2473,.T.);
#2471 = VERTEX_POINT('',#2472);
#2472 = CARTESIAN_POINT('',(-135.1,-60.,32.));
#2473 = SURFACE_CURVE('',#2474,(#2479,#2490),.PCURVE_S1.);
#2474 = CIRCLE('',#2475,5.1);
#2475 = AXIS2_PLACEMENT_3D('',#2476,#2477,#2478);
#2476 = CARTESIAN_POINT('',(-130.,-60.,32.));
#2477 = DIRECTION('',(0.,0.,-1.));
#2478 = DIRECTION('',(-1.,0.,0.));
#2479 = PCURVE('',#2101,#2480);
#2480 = DEFINITIONAL_REPRESENTATION('',(#2481),#2489);
#2481 = ( BOUNDED_CURVE() B_SPLINE_CURVE(2,(#2482,#2483,#2484,#2485,
#2486,#2487,#2488),.UNSPECIFIED.,.T.,.F.) B_SPLINE_CURVE_WITH_KNOTS((1,2
    ,2,2,2,1),(-2.094395102393,0.,2.094395102393,4.188790204786,
6.28318530718,8.377580409573),.UNSPECIFIED.) CURVE()
GEOMETRIC_REPRESENTATION_ITEM() RATIONAL_B_SPLINE_CURVE((1.,0.5,1.,0.5,
1.,0.5,1.)) REPRESENTATION_ITEM('') );
#2482 = CARTESIAN_POINT('',(57.4,12.5));
#2483 = CARTESIAN_POINT('',(57.4,21.333459118601));
#2484 = CARTESIAN_POINT('',(65.05,16.916729559301));
#2485 = CARTESIAN_POINT('',(72.7,12.5));
#2486 = CARTESIAN_POINT('',(65.05,8.083270440699));
#2487 = CARTESIAN_POINT('',(57.4,3.666540881399));
#2488 = CARTESIAN_POINT('',(57.4,12.5));
#2489 = ( GEOMETRIC_REPRESENTATION_CONTEXT(2)
PARAMETRIC_REPRESENTATION_CONTEXT() REPRESENTATION_CONTEXT('2D SPACE',''
  ) );
#2490 = PCURVE('',#2350,#2491);
#2491 = DEFINITIONAL_REPRESENTATION('',(#2492),#2496);
#2492 = LINE('',#2493,#2494);
#2493 = CARTESIAN_POINT('',(0.,6.));
#2494 = VECTOR('',#2495,1.);
#2495 = DIRECTION('',(1.,0.));
#2496 = ( GEOMETRIC_REPRESENTATION_CONTEXT(2)
PARAMETRIC_REPRESENTATION_CONTEXT() REPRESENTATION_CONTEXT('2D SPACE',''
  ) );
#2497 = ADVANCED_FACE('',(#2498),#2231,.T.);
#2498 = FACE_BOUND('',#2499,.T.);
#2499 = EDGE_LOOP('',(#2500,#2501,#2502,#2503));
#2500 = ORIENTED_EDGE('',*,*,#2217,.F.);
#2501 = ORIENTED_EDGE('',*,*,#2416,.T.);
#2502 = ORIENTED_EDGE('',*,*,#2390,.T.);
#2503 = ORIENTED_EDGE('',*,*,#2248,.F.);
#2504 = ADVANCED_FACE('',(#2505),#2315,.F.);
#2505 = FACE_BOUND('',#2506,.F.);
#2506 = EDGE_LOOP('',(#2507,#2508,#2529,#2530));
#2507 = ORIENTED_EDGE('',*,*,#2440,.F.);
#2508 = ORIENTED_EDGE('',*,*,#2509,.F.);
#2509 = EDGE_CURVE('',#2295,#2441,#2510,.T.);
#2510 = SEAM_CURVE('',#2511,(#2515,#2522),.PCURVE_S1.);
#2511 = LINE('',#2512,#2513);
#2512 = CARTESIAN_POINT('',(-190.1,-60.,38.));
#2513 = VECTOR('',#2514,1.);
#2514 = DIRECTION('',(0.,0.,-1.));
#2515 = PCURVE('',#2315,#2516);
#2516 = DEFINITIONAL_REPRESENTATION('',(#2517),#2521);
#2517 = LINE('',#2518,#2519);
#2518 = CARTESIAN_POINT('',(6.28318530718,-0.));
#2519 = VECTOR('',#2520,1.);
#2520 = DIRECTION('',(0.,1.));
#2521 = ( GEOMETRIC_REPRESENTATION_CONTEXT(2)
PARAMETRIC_REPRESENTATION_CONTEXT() REPRESENTATION_CONTEXT('2D SPACE',''
  ) );
#2522 = PCURVE('',#2315,#2523);
#2523 = DEFINITIONAL_REPRESENTATION('',(#2524),#2528);
#2524 = LINE('',#2525,#2526);
#2525 = CARTESIAN_POINT('',(0.,-0.));
#2526 = VECTOR('',#2527,1.);
#2527 = DIRECTION('',(0.,1.));
#2528 = ( GEOMETRIC_REPRESENTATION_CONTEXT(2)
PARAMETRIC_REPRESENTATION_CONTEXT() REPRESENTATION_CONTEXT('2D SPACE',''
  ) );
#2529 = ORIENTED_EDGE('',*,*,#2294,.T.);
#2530 = ORIENTED_EDGE('',*,*,#2509,.T.);
#2531 = ADVANCED_FACE('',(#2532),#2350,.F.);
#2532 = FACE_BOUND('',#2533,.F.);
#2533 = EDGE_LOOP('',(#2534,#2535,#2556,#2557));
#2534 = ORIENTED_EDGE('',*,*,#2470,.F.);
#2535 = ORIENTED_EDGE('',*,*,#2536,.F.);
#2536 = EDGE_CURVE('',#2330,#2471,#2537,.T.);
#2537 = SEAM_CURVE('',#2538,(#2542,#2549),.PCURVE_S1.);
#2538 = LINE('',#2539,#2540);
#2539 = CARTESIAN_POINT('',(-135.1,-60.,38.));
#2540 = VECTOR('',#2541,1.);
#2541 = DIRECTION('',(0.,0.,-1.));
#2542 = PCURVE('',#2350,#2543);
#2543 = DEFINITIONAL_REPRESENTATION('',(#2544),#2548);
#2544 = LINE('',#2545,#2546);
#2545 = CARTESIAN_POINT('',(6.28318530718,-0.));
#2546 = VECTOR('',#2547,1.);
#2547 = DIRECTION('',(0.,1.));
#2548 = ( GEOMETRIC_REPRESENTATION_CONTEXT(2)
PARAMETRIC_REPRESENTATION_CONTEXT() REPRESENTATION_CONTEXT('2D SPACE',''
  ) );
#2549 = PCURVE('',#2350,#2550);
#2550 = DEFINITIONAL_REPRESENTATION('',(#2551),#2555);
#2551 = LINE('',#2552,#2553);
#2552 = CARTESIAN_POINT('',(0.,-0.));
#2553 = VECTOR('',#2554,1.);
#2554 = DIRECTION('',(0.,1.));
#2555 = ( GEOMETRIC_REPRESENTATION_CONTEXT(2)
PARAMETRIC_REPRESENTATION_CONTEXT() REPRESENTATION_CONTEXT('2D SPACE',''
  ) );
#2556 = ORIENTED_EDGE('',*,*,#2329,.T.);
#2557 = ORIENTED_EDGE('',*,*,#2536,.T.);
#2558 = ( GEOMETRIC_REPRESENTATION_CONTEXT(3)
GLOBAL_UNCERTAINTY_ASSIGNED_CONTEXT((#2562))
GLOBAL_UNIT_ASSIGNED_CONTEXT((#2559,#2560,#2561)) REPRESENTATION_CONTEXT
('Context #1','3D Context with UNIT and UNCERTAINTY') );
#2559 = ( LENGTH_UNIT() NAMED_UNIT(*) SI_UNIT(.MILLI.,.METRE.) );
#2560 = ( NAMED_UNIT(*) PLANE_ANGLE_UNIT() SI_UNIT($,.RADIAN.) );
#2561 = ( NAMED_UNIT(*) SI_UNIT($,.STERADIAN.) SOLID_ANGLE_UNIT() );
#2562 = UNCERTAINTY_MEASURE_WITH_UNIT(LENGTH_MEASURE(1.E-07),#2559,
  'distance_accuracy_value','confusion accuracy');
#2563 = CONTEXT_DEPENDENT_SHAPE_REPRESENTATION(#2564,#2566);
#2564 = ( REPRESENTATION_RELATIONSHIP('','',#2043,#10)
REPRESENTATION_RELATIONSHIP_WITH_TRANSFORMATION(#2565)
SHAPE_REPRESENTATION_RELATIONSHIP() );
#2565 = ITEM_DEFINED_TRANSFORMATION('','',#11,#27);
#2566 = PRODUCT_DEFINITION_SHAPE('Placement','Placement of an item',
  #2567);
#2567 = NEXT_ASSEMBLY_USAGE_OCCURRENCE('4','','',#5,#2038,$);
#2568 = PRODUCT_RELATED_PRODUCT_CATEGORY('part',$,(#2040));
#2569 = SHAPE_DEFINITION_REPRESENTATION(#2570,#2576);
#2570 = PRODUCT_DEFINITION_SHAPE('','',#2571);
#2571 = PRODUCT_DEFINITION('design','',#2572,#2575);
#2572 = PRODUCT_DEFINITION_FORMATION('','',#2573);
#2573 = PRODUCT('Open CASCADE STEP translator 7.8 20.5',
  'Open CASCADE STEP translator 7.8 20.5','',(#2574));
#2574 = PRODUCT_CONTEXT('',#2,'mechanical');
#2575 = PRODUCT_DEFINITION_CONTEXT('part definition',#2,'design');
#2576 = ADVANCED_BREP_SHAPE_REPRESENTATION('',(#11,#2577),#3091);
#2577 = MANIFOLD_SOLID_BREP('',#2578);
#2578 = CLOSED_SHELL('',(#2579,#2699,#2775,#2894,#2943,#3030,#3037,#3064
    ));
#2579 = ADVANCED_FACE('',(#2580),#2594,.F.);
#2580 = FACE_BOUND('',#2581,.F.);
#2581 = EDGE_LOOP('',(#2582,#2617,#2645,#2673));
#2582 = ORIENTED_EDGE('',*,*,#2583,.F.);
#2583 = EDGE_CURVE('',#2584,#2586,#2588,.T.);
#2584 = VERTEX_POINT('',#2585);
#2585 = CARTESIAN_POINT('',(-192.5,27.5,32.));
#2586 = VERTEX_POINT('',#2587);
#2587 = CARTESIAN_POINT('',(-192.5,27.5,38.));
#2588 = SURFACE_CURVE('',#2589,(#2593,#2605),.PCURVE_S1.);
#2589 = LINE('',#2590,#2591);
#2590 = CARTESIAN_POINT('',(-192.5,27.5,32.));
#2591 = VECTOR('',#2592,1.);
#2592 = DIRECTION('',(0.,0.,1.));
#2593 = PCURVE('',#2594,#2599);
#2594 = PLANE('',#2595);
#2595 = AXIS2_PLACEMENT_3D('',#2596,#2597,#2598);
#2596 = CARTESIAN_POINT('',(-192.5,27.5,32.));
#2597 = DIRECTION('',(1.,0.,0.));
#2598 = DIRECTION('',(0.,0.,1.));
#2599 = DEFINITIONAL_REPRESENTATION('',(#2600),#2604);
#2600 = LINE('',#2601,#2602);
#2601 = CARTESIAN_POINT('',(0.,0.));
#2602 = VECTOR('',#2603,1.);
#2603 = DIRECTION('',(1.,0.));
#2604 = ( GEOMETRIC_REPRESENTATION_CONTEXT(2)
PARAMETRIC_REPRESENTATION_CONTEXT() REPRESENTATION_CONTEXT('2D SPACE',''
  ) );
#2605 = PCURVE('',#2606,#2611);
#2606 = PLANE('',#2607);
#2607 = AXIS2_PLACEMENT_3D('',#2608,#2609,#2610);
#2608 = CARTESIAN_POINT('',(-192.5,27.5,32.));
#2609 = DIRECTION('',(0.,1.,0.));
#2610 = DIRECTION('',(0.,0.,1.));
#2611 = DEFINITIONAL_REPRESENTATION('',(#2612),#2616);
#2612 = LINE('',#2613,#2614);
#2613 = CARTESIAN_POINT('',(0.,0.));
#2614 = VECTOR('',#2615,1.);
#2615 = DIRECTION('',(1.,0.));
#2616 = ( GEOMETRIC_REPRESENTATION_CONTEXT(2)
PARAMETRIC_REPRESENTATION_CONTEXT() REPRESENTATION_CONTEXT('2D SPACE',''
  ) );
#2617 = ORIENTED_EDGE('',*,*,#2618,.T.);
#2618 = EDGE_CURVE('',#2584,#2619,#2621,.T.);
#2619 = VERTEX_POINT('',#2620);
#2620 = CARTESIAN_POINT('',(-192.5,52.5,32.));
#2621 = SURFACE_CURVE('',#2622,(#2626,#2633),.PCURVE_S1.);
#2622 = LINE('',#2623,#2624);
#2623 = CARTESIAN_POINT('',(-192.5,27.5,32.));
#2624 = VECTOR('',#2625,1.);
#2625 = DIRECTION('',(0.,1.,0.));
#2626 = PCURVE('',#2594,#2627);
#2627 = DEFINITIONAL_REPRESENTATION('',(#2628),#2632);
#2628 = LINE('',#2629,#2630);
#2629 = CARTESIAN_POINT('',(0.,0.));
#2630 = VECTOR('',#2631,1.);
#2631 = DIRECTION('',(0.,-1.));
#2632 = ( GEOMETRIC_REPRESENTATION_CONTEXT(2)
PARAMETRIC_REPRESENTATION_CONTEXT() REPRESENTATION_CONTEXT('2D SPACE',''
  ) );
#2633 = PCURVE('',#2634,#2639);
#2634 = PLANE('',#2635);
#2635 = AXIS2_PLACEMENT_3D('',#2636,#2637,#2638);
#2636 = CARTESIAN_POINT('',(-192.5,27.5,32.));
#2637 = DIRECTION('',(0.,0.,1.));
#2638 = DIRECTION('',(1.,0.,0.));
#2639 = DEFINITIONAL_REPRESENTATION('',(#2640),#2644);
#2640 = LINE('',#2641,#2642);
#2641 = CARTESIAN_POINT('',(0.,0.));
#2642 = VECTOR('',#2643,1.);
#2643 = DIRECTION('',(0.,1.));
#2644 = ( GEOMETRIC_REPRESENTATION_CONTEXT(2)
PARAMETRIC_REPRESENTATION_CONTEXT() REPRESENTATION_CONTEXT('2D SPACE',''
  ) );
#2645 = ORIENTED_EDGE('',*,*,#2646,.T.);
#2646 = EDGE_CURVE('',#2619,#2647,#2649,.T.);
#2647 = VERTEX_POINT('',#2648);
#2648 = CARTESIAN_POINT('',(-192.5,52.5,38.));
#2649 = SURFACE_CURVE('',#2650,(#2654,#2661),.PCURVE_S1.);
#2650 = LINE('',#2651,#2652);
#2651 = CARTESIAN_POINT('',(-192.5,52.5,32.));
#2652 = VECTOR('',#2653,1.);
#2653 = DIRECTION('',(0.,0.,1.));
#2654 = PCURVE('',#2594,#2655);
#2655 = DEFINITIONAL_REPRESENTATION('',(#2656),#2660);
#2656 = LINE('',#2657,#2658);
#2657 = CARTESIAN_POINT('',(0.,-25.));
#2658 = VECTOR('',#2659,1.);
#2659 = DIRECTION('',(1.,0.));
#2660 = ( GEOMETRIC_REPRESENTATION_CONTEXT(2)
PARAMETRIC_REPRESENTATION_CONTEXT() REPRESENTATION_CONTEXT('2D SPACE',''
  ) );
#2661 = PCURVE('',#2662,#2667);
#2662 = PLANE('',#2663);
#2663 = AXIS2_PLACEMENT_3D('',#2664,#2665,#2666);
#2664 = CARTESIAN_POINT('',(-192.5,52.5,32.));
#2665 = DIRECTION('',(0.,1.,0.));
#2666 = DIRECTION('',(0.,0.,1.));
#2667 = DEFINITIONAL_REPRESENTATION('',(#2668),#2672);
#2668 = LINE('',#2669,#2670);
#2669 = CARTESIAN_POINT('',(0.,0.));
#2670 = VECTOR('',#2671,1.);
#2671 = DIRECTION('',(1.,0.));
#2672 = ( GEOMETRIC_REPRESENTATION_CONTEXT(2)
PARAMETRIC_REPRESENTATION_CONTEXT() REPRESENTATION_CONTEXT('2D SPACE',''
  ) );
#2673 = ORIENTED_EDGE('',*,*,#2674,.F.);
#2674 = EDGE_CURVE('',#2586,#2647,#2675,.T.);
#2675 = SURFACE_CURVE('',#2676,(#2680,#2687),.PCURVE_S1.);
#2676 = LINE('',#2677,#2678);
#2677 = CARTESIAN_POINT('',(-192.5,27.5,38.));
#2678 = VECTOR('',#2679,1.);
#2679 = DIRECTION('',(0.,1.,0.));
#2680 = PCURVE('',#2594,#2681);
#2681 = DEFINITIONAL_REPRESENTATION('',(#2682),#2686);
#2682 = LINE('',#2683,#2684);
#2683 = CARTESIAN_POINT('',(6.,0.));
#2684 = VECTOR('',#2685,1.);
#2685 = DIRECTION('',(0.,-1.));
#2686 = ( GEOMETRIC_REPRESENTATION_CONTEXT(2)
PARAMETRIC_REPRESENTATION_CONTEXT() REPRESENTATION_CONTEXT('2D SPACE',''
  ) );
#2687 = PCURVE('',#2688,#2693);
#2688 = PLANE('',#2689);
#2689 = AXIS2_PLACEMENT_3D('',#2690,#2691,#2692);
#2690 = CARTESIAN_POINT('',(-192.5,27.5,38.));
#2691 = DIRECTION('',(0.,0.,1.));
#2692 = DIRECTION('',(1.,0.,0.));
#2693 = DEFINITIONAL_REPRESENTATION('',(#2694),#2698);
#2694 = LINE('',#2695,#2696);
#2695 = CARTESIAN_POINT('',(0.,0.));
#2696 = VECTOR('',#2697,1.);
#2697 = DIRECTION('',(0.,1.));
#2698 = ( GEOMETRIC_REPRESENTATION_CONTEXT(2)
PARAMETRIC_REPRESENTATION_CONTEXT() REPRESENTATION_CONTEXT('2D SPACE',''
  ) );
#2699 = ADVANCED_FACE('',(#2700),#2606,.F.);
#2700 = FACE_BOUND('',#2701,.F.);
#2701 = EDGE_LOOP('',(#2702,#2725,#2726,#2749));
#2702 = ORIENTED_EDGE('',*,*,#2703,.F.);
#2703 = EDGE_CURVE('',#2584,#2704,#2706,.T.);
#2704 = VERTEX_POINT('',#2705);
#2705 = CARTESIAN_POINT('',(-122.5,27.5,32.));
#2706 = SURFACE_CURVE('',#2707,(#2711,#2718),.PCURVE_S1.);
#2707 = LINE('',#2708,#2709);
#2708 = CARTESIAN_POINT('',(-192.5,27.5,32.));
#2709 = VECTOR('',#2710,1.);
#2710 = DIRECTION('',(1.,0.,0.));
#2711 = PCURVE('',#2606,#2712);
#2712 = DEFINITIONAL_REPRESENTATION('',(#2713),#2717);
#2713 = LINE('',#2714,#2715);
#2714 = CARTESIAN_POINT('',(0.,0.));
#2715 = VECTOR('',#2716,1.);
#2716 = DIRECTION('',(0.,1.));
#2717 = ( GEOMETRIC_REPRESENTATION_CONTEXT(2)
PARAMETRIC_REPRESENTATION_CONTEXT() REPRESENTATION_CONTEXT('2D SPACE',''
  ) );
#2718 = PCURVE('',#2634,#2719);
#2719 = DEFINITIONAL_REPRESENTATION('',(#2720),#2724);
#2720 = LINE('',#2721,#2722);
#2721 = CARTESIAN_POINT('',(0.,0.));
#2722 = VECTOR('',#2723,1.);
#2723 = DIRECTION('',(1.,0.));
#2724 = ( GEOMETRIC_REPRESENTATION_CONTEXT(2)
PARAMETRIC_REPRESENTATION_CONTEXT() REPRESENTATION_CONTEXT('2D SPACE',''
  ) );
#2725 = ORIENTED_EDGE('',*,*,#2583,.T.);
#2726 = ORIENTED_EDGE('',*,*,#2727,.T.);
#2727 = EDGE_CURVE('',#2586,#2728,#2730,.T.);
#2728 = VERTEX_POINT('',#2729);
#2729 = CARTESIAN_POINT('',(-122.5,27.5,38.));
#2730 = SURFACE_CURVE('',#2731,(#2735,#2742),.PCURVE_S1.);
#2731 = LINE('',#2732,#2733);
#2732 = CARTESIAN_POINT('',(-192.5,27.5,38.));
#2733 = VECTOR('',#2734,1.);
#2734 = DIRECTION('',(1.,0.,0.));
#2735 = PCURVE('',#2606,#2736);
#2736 = DEFINITIONAL_REPRESENTATION('',(#2737),#2741);
#2737 = LINE('',#2738,#2739);
#2738 = CARTESIAN_POINT('',(6.,0.));
#2739 = VECTOR('',#2740,1.);
#2740 = DIRECTION('',(0.,1.));
#2741 = ( GEOMETRIC_REPRESENTATION_CONTEXT(2)
PARAMETRIC_REPRESENTATION_CONTEXT() REPRESENTATION_CONTEXT('2D SPACE',''
  ) );
#2742 = PCURVE('',#2688,#2743);
#2743 = DEFINITIONAL_REPRESENTATION('',(#2744),#2748);
#2744 = LINE('',#2745,#2746);
#2745 = CARTESIAN_POINT('',(0.,0.));
#2746 = VECTOR('',#2747,1.);
#2747 = DIRECTION('',(1.,0.));
#2748 = ( GEOMETRIC_REPRESENTATION_CONTEXT(2)
PARAMETRIC_REPRESENTATION_CONTEXT() REPRESENTATION_CONTEXT('2D SPACE',''
  ) );
#2749 = ORIENTED_EDGE('',*,*,#2750,.F.);
#2750 = EDGE_CURVE('',#2704,#2728,#2751,.T.);
#2751 = SURFACE_CURVE('',#2752,(#2756,#2763),.PCURVE_S1.);
#2752 = LINE('',#2753,#2754);
#2753 = CARTESIAN_POINT('',(-122.5,27.5,32.));
#2754 = VECTOR('',#2755,1.);
#2755 = DIRECTION('',(0.,0.,1.));
#2756 = PCURVE('',#2606,#2757);
#2757 = DEFINITIONAL_REPRESENTATION('',(#2758),#2762);
#2758 = LINE('',#2759,#2760);
#2759 = CARTESIAN_POINT('',(0.,70.));
#2760 = VECTOR('',#2761,1.);
#2761 = DIRECTION('',(1.,0.));
#2762 = ( GEOMETRIC_REPRESENTATION_CONTEXT(2)
PARAMETRIC_REPRESENTATION_CONTEXT() REPRESENTATION_CONTEXT('2D SPACE',''
  ) );
#2763 = PCURVE('',#2764,#2769);
#2764 = PLANE('',#2765);
#2765 = AXIS2_PLACEMENT_3D('',#2766,#2767,#2768);
#2766 = CARTESIAN_POINT('',(-122.5,27.5,32.));
#2767 = DIRECTION('',(1.,0.,0.));
#2768 = DIRECTION('',(0.,0.,1.));
#2769 = DEFINITIONAL_REPRESENTATION('',(#2770),#2774);
#2770 = LINE('',#2771,#2772);
#2771 = CARTESIAN_POINT('',(0.,0.));
#2772 = VECTOR('',#2773,1.);
#2773 = DIRECTION('',(1.,0.));
#2774 = ( GEOMETRIC_REPRESENTATION_CONTEXT(2)
PARAMETRIC_REPRESENTATION_CONTEXT() REPRESENTATION_CONTEXT('2D SPACE',''
  ) );
#2775 = ADVANCED_FACE('',(#2776,#2824,#2859),#2688,.T.);
#2776 = FACE_BOUND('',#2777,.T.);
#2777 = EDGE_LOOP('',(#2778,#2779,#2780,#2803));
#2778 = ORIENTED_EDGE('',*,*,#2674,.F.);
#2779 = ORIENTED_EDGE('',*,*,#2727,.T.);
#2780 = ORIENTED_EDGE('',*,*,#2781,.T.);
#2781 = EDGE_CURVE('',#2728,#2782,#2784,.T.);
#2782 = VERTEX_POINT('',#2783);
#2783 = CARTESIAN_POINT('',(-122.5,52.5,38.));
#2784 = SURFACE_CURVE('',#2785,(#2789,#2796),.PCURVE_S1.);
#2785 = LINE('',#2786,#2787);
#2786 = CARTESIAN_POINT('',(-122.5,27.5,38.));
#2787 = VECTOR('',#2788,1.);
#2788 = DIRECTION('',(0.,1.,0.));
#2789 = PCURVE('',#2688,#2790);
#2790 = DEFINITIONAL_REPRESENTATION('',(#2791),#2795);
#2791 = LINE('',#2792,#2793);
#2792 = CARTESIAN_POINT('',(70.,0.));
#2793 = VECTOR('',#2794,1.);
#2794 = DIRECTION('',(0.,1.));
#2795 = ( GEOMETRIC_REPRESENTATION_CONTEXT(2)
PARAMETRIC_REPRESENTATION_CONTEXT() REPRESENTATION_CONTEXT('2D SPACE',''
  ) );
#2796 = PCURVE('',#2764,#2797);
#2797 = DEFINITIONAL_REPRESENTATION('',(#2798),#2802);
#2798 = LINE('',#2799,#2800);
#2799 = CARTESIAN_POINT('',(6.,0.));
#2800 = VECTOR('',#2801,1.);
#2801 = DIRECTION('',(0.,-1.));
#2802 = ( GEOMETRIC_REPRESENTATION_CONTEXT(2)
PARAMETRIC_REPRESENTATION_CONTEXT() REPRESENTATION_CONTEXT('2D SPACE',''
  ) );
#2803 = ORIENTED_EDGE('',*,*,#2804,.F.);
#2804 = EDGE_CURVE('',#2647,#2782,#2805,.T.);
#2805 = SURFACE_CURVE('',#2806,(#2810,#2817),.PCURVE_S1.);
#2806 = LINE('',#2807,#2808);
#2807 = CARTESIAN_POINT('',(-192.5,52.5,38.));
#2808 = VECTOR('',#2809,1.);
#2809 = DIRECTION('',(1.,0.,0.));
#2810 = PCURVE('',#2688,#2811);
#2811 = DEFINITIONAL_REPRESENTATION('',(#2812),#2816);
#2812 = LINE('',#2813,#2814);
#2813 = CARTESIAN_POINT('',(0.,25.));
#2814 = VECTOR('',#2815,1.);
#2815 = DIRECTION('',(1.,0.));
#2816 = ( GEOMETRIC_REPRESENTATION_CONTEXT(2)
PARAMETRIC_REPRESENTATION_CONTEXT() REPRESENTATION_CONTEXT('2D SPACE',''
  ) );
#2817 = PCURVE('',#2662,#2818);
#2818 = DEFINITIONAL_REPRESENTATION('',(#2819),#2823);
#2819 = LINE('',#2820,#2821);
#2820 = CARTESIAN_POINT('',(6.,0.));
#2821 = VECTOR('',#2822,1.);
#2822 = DIRECTION('',(0.,1.));
#2823 = ( GEOMETRIC_REPRESENTATION_CONTEXT(2)
PARAMETRIC_REPRESENTATION_CONTEXT() REPRESENTATION_CONTEXT('2D SPACE',''
  ) );
#2824 = FACE_BOUND('',#2825,.T.);
#2825 = EDGE_LOOP('',(#2826));
#2826 = ORIENTED_EDGE('',*,*,#2827,.T.);
#2827 = EDGE_CURVE('',#2828,#2828,#2830,.T.);
#2828 = VERTEX_POINT('',#2829);
#2829 = CARTESIAN_POINT('',(-190.1,40.,38.));
#2830 = SURFACE_CURVE('',#2831,(#2836,#2847),.PCURVE_S1.);
#2831 = CIRCLE('',#2832,5.1);
#2832 = AXIS2_PLACEMENT_3D('',#2833,#2834,#2835);
#2833 = CARTESIAN_POINT('',(-185.,40.,38.));
#2834 = DIRECTION('',(0.,0.,-1.));
#2835 = DIRECTION('',(-1.,0.,0.));
#2836 = PCURVE('',#2688,#2837);
#2837 = DEFINITIONAL_REPRESENTATION('',(#2838),#2846);
#2838 = ( BOUNDED_CURVE() B_SPLINE_CURVE(2,(#2839,#2840,#2841,#2842,
#2843,#2844,#2845),.UNSPECIFIED.,.T.,.F.) B_SPLINE_CURVE_WITH_KNOTS((1,2
    ,2,2,2,1),(-2.094395102393,0.,2.094395102393,4.188790204786,
6.28318530718,8.377580409573),.UNSPECIFIED.) CURVE()
GEOMETRIC_REPRESENTATION_ITEM() RATIONAL_B_SPLINE_CURVE((1.,0.5,1.,0.5,
1.,0.5,1.)) REPRESENTATION_ITEM('') );
#2839 = CARTESIAN_POINT('',(2.4,12.5));
#2840 = CARTESIAN_POINT('',(2.4,21.333459118601));
#2841 = CARTESIAN_POINT('',(10.05,16.916729559301));
#2842 = CARTESIAN_POINT('',(17.7,12.5));
#2843 = CARTESIAN_POINT('',(10.05,8.083270440699));
#2844 = CARTESIAN_POINT('',(2.4,3.666540881399));
#2845 = CARTESIAN_POINT('',(2.4,12.5));
#2846 = ( GEOMETRIC_REPRESENTATION_CONTEXT(2)
PARAMETRIC_REPRESENTATION_CONTEXT() REPRESENTATION_CONTEXT('2D SPACE',''
  ) );
#2847 = PCURVE('',#2848,#2853);
#2848 = CYLINDRICAL_SURFACE('',#2849,5.1);
#2849 = AXIS2_PLACEMENT_3D('',#2850,#2851,#2852);
#2850 = CARTESIAN_POINT('',(-185.,40.,38.));
#2851 = DIRECTION('',(0.,0.,-1.));
#2852 = DIRECTION('',(-1.,0.,0.));
#2853 = DEFINITIONAL_REPRESENTATION('',(#2854),#2858);
#2854 = LINE('',#2855,#2856);
#2855 = CARTESIAN_POINT('',(0.,0.));
#2856 = VECTOR('',#2857,1.);
#2857 = DIRECTION('',(1.,0.));
#2858 = ( GEOMETRIC_REPRESENTATION_CONTEXT(2)
PARAMETRIC_REPRESENTATION_CONTEXT() REPRESENTATION_CONTEXT('2D SPACE',''
  ) );
#2859 = FACE_BOUND('',#2860,.T.);
#2860 = EDGE_LOOP('',(#2861));
#2861 = ORIENTED_EDGE('',*,*,#2862,.T.);
#2862 = EDGE_CURVE('',#2863,#2863,#2865,.T.);
#2863 = VERTEX_POINT('',#2864);
#2864 = CARTESIAN_POINT('',(-135.1,40.,38.));
#2865 = SURFACE_CURVE('',#2866,(#2871,#2882),.PCURVE_S1.);
#2866 = CIRCLE('',#2867,5.1);
#2867 = AXIS2_PLACEMENT_3D('',#2868,#2869,#2870);
#2868 = CARTESIAN_POINT('',(-130.,40.,38.));
#2869 = DIRECTION('',(0.,0.,-1.));
#2870 = DIRECTION('',(-1.,0.,0.));
#2871 = PCURVE('',#2688,#2872);
#2872 = DEFINITIONAL_REPRESENTATION('',(#2873),#2881);
#2873 = ( BOUNDED_CURVE() B_SPLINE_CURVE(2,(#2874,#2875,#2876,#2877,
#2878,#2879,#2880),.UNSPECIFIED.,.T.,.F.) B_SPLINE_CURVE_WITH_KNOTS((1,2
    ,2,2,2,1),(-2.094395102393,0.,2.094395102393,4.188790204786,
6.28318530718,8.377580409573),.UNSPECIFIED.) CURVE()
GEOMETRIC_REPRESENTATION_ITEM() RATIONAL_B_SPLINE_CURVE((1.,0.5,1.,0.5,
1.,0.5,1.)) REPRESENTATION_ITEM('') );
#2874 = CARTESIAN_POINT('',(57.4,12.5));
#2875 = CARTESIAN_POINT('',(57.4,21.333459118601));
#2876 = CARTESIAN_POINT('',(65.05,16.916729559301));
#2877 = CARTESIAN_POINT('',(72.7,12.5));
#2878 = CARTESIAN_POINT('',(65.05,8.083270440699));
#2879 = CARTESIAN_POINT('',(57.4,3.666540881399));
#2880 = CARTESIAN_POINT('',(57.4,12.5));
#2881 = ( GEOMETRIC_REPRESENTATION_CONTEXT(2)
PARAMETRIC_REPRESENTATION_CONTEXT() REPRESENTATION_CONTEXT('2D SPACE',''
  ) );
#2882 = PCURVE('',#2883,#2888);
#2883 = CYLINDRICAL_SURFACE('',#2884,5.1);
#2884 = AXIS2_PLACEMENT_3D('',#2885,#2886,#2887);
#2885 = CARTESIAN_POINT('',(-130.,40.,38.));
#2886 = DIRECTION('',(0.,0.,-1.));
#2887 = DIRECTION('',(-1.,0.,0.));
#2888 = DEFINITIONAL_REPRESENTATION('',(#2889),#2893);
#2889 = LINE('',#2890,#2891);
#2890 = CARTESIAN_POINT('',(0.,0.));
#2891 = VECTOR('',#2892,1.);
#2892 = DIRECTION('',(1.,0.));
#2893 = ( GEOMETRIC_REPRESENTATION_CONTEXT(2)
PARAMETRIC_REPRESENTATION_CONTEXT() REPRESENTATION_CONTEXT('2D SPACE',''
  ) );
#2894 = ADVANCED_FACE('',(#2895),#2662,.T.);
#2895 = FACE_BOUND('',#2896,.T.);
#2896 = EDGE_LOOP('',(#2897,#2920,#2921,#2922));
#2897 = ORIENTED_EDGE('',*,*,#2898,.F.);
#2898 = EDGE_CURVE('',#2619,#2899,#2901,.T.);
#2899 = VERTEX_POINT('',#2900);
#2900 = CARTESIAN_POINT('',(-122.5,52.5,32.));
#2901 = SURFACE_CURVE('',#2902,(#2906,#2913),.PCURVE_S1.);
#2902 = LINE('',#2903,#2904);
#2903 = CARTESIAN_POINT('',(-192.5,52.5,32.));
#2904 = VECTOR('',#2905,1.);
#2905 = DIRECTION('',(1.,0.,0.));
#2906 = PCURVE('',#2662,#2907);
#2907 = DEFINITIONAL_REPRESENTATION('',(#2908),#2912);
#2908 = LINE('',#2909,#2910);
#2909 = CARTESIAN_POINT('',(0.,0.));
#2910 = VECTOR('',#2911,1.);
#2911 = DIRECTION('',(0.,1.));
#2912 = ( GEOMETRIC_REPRESENTATION_CONTEXT(2)
PARAMETRIC_REPRESENTATION_CONTEXT() REPRESENTATION_CONTEXT('2D SPACE',''
  ) );
#2913 = PCURVE('',#2634,#2914);
#2914 = DEFINITIONAL_REPRESENTATION('',(#2915),#2919);
#2915 = LINE('',#2916,#2917);
#2916 = CARTESIAN_POINT('',(0.,25.));
#2917 = VECTOR('',#2918,1.);
#2918 = DIRECTION('',(1.,0.));
#2919 = ( GEOMETRIC_REPRESENTATION_CONTEXT(2)
PARAMETRIC_REPRESENTATION_CONTEXT() REPRESENTATION_CONTEXT('2D SPACE',''
  ) );
#2920 = ORIENTED_EDGE('',*,*,#2646,.T.);
#2921 = ORIENTED_EDGE('',*,*,#2804,.T.);
#2922 = ORIENTED_EDGE('',*,*,#2923,.F.);
#2923 = EDGE_CURVE('',#2899,#2782,#2924,.T.);
#2924 = SURFACE_CURVE('',#2925,(#2929,#2936),.PCURVE_S1.);
#2925 = LINE('',#2926,#2927);
#2926 = CARTESIAN_POINT('',(-122.5,52.5,32.));
#2927 = VECTOR('',#2928,1.);
#2928 = DIRECTION('',(0.,0.,1.));
#2929 = PCURVE('',#2662,#2930);
#2930 = DEFINITIONAL_REPRESENTATION('',(#2931),#2935);
#2931 = LINE('',#2932,#2933);
#2932 = CARTESIAN_POINT('',(0.,70.));
#2933 = VECTOR('',#2934,1.);
#2934 = DIRECTION('',(1.,0.));
#2935 = ( GEOMETRIC_REPRESENTATION_CONTEXT(2)
PARAMETRIC_REPRESENTATION_CONTEXT() REPRESENTATION_CONTEXT('2D SPACE',''
  ) );
#2936 = PCURVE('',#2764,#2937);
#2937 = DEFINITIONAL_REPRESENTATION('',(#2938),#2942);
#2938 = LINE('',#2939,#2940);
#2939 = CARTESIAN_POINT('',(0.,-25.));
#2940 = VECTOR('',#2941,1.);
#2941 = DIRECTION('',(1.,0.));
#2942 = ( GEOMETRIC_REPRESENTATION_CONTEXT(2)
PARAMETRIC_REPRESENTATION_CONTEXT() REPRESENTATION_CONTEXT('2D SPACE',''
  ) );
#2943 = ADVANCED_FACE('',(#2944,#2970,#3000),#2634,.F.);
#2944 = FACE_BOUND('',#2945,.F.);
#2945 = EDGE_LOOP('',(#2946,#2947,#2948,#2969));
#2946 = ORIENTED_EDGE('',*,*,#2618,.F.);
#2947 = ORIENTED_EDGE('',*,*,#2703,.T.);
#2948 = ORIENTED_EDGE('',*,*,#2949,.T.);
#2949 = EDGE_CURVE('',#2704,#2899,#2950,.T.);
#2950 = SURFACE_CURVE('',#2951,(#2955,#2962),.PCURVE_S1.);
#2951 = LINE('',#2952,#2953);
#2952 = CARTESIAN_POINT('',(-122.5,27.5,32.));
#2953 = VECTOR('',#2954,1.);
#2954 = DIRECTION('',(0.,1.,0.));
#2955 = PCURVE('',#2634,#2956);
#2956 = DEFINITIONAL_REPRESENTATION('',(#2957),#2961);
#2957 = LINE('',#2958,#2959);
#2958 = CARTESIAN_POINT('',(70.,0.));
#2959 = VECTOR('',#2960,1.);
#2960 = DIRECTION('',(0.,1.));
#2961 = ( GEOMETRIC_REPRESENTATION_CONTEXT(2)
PARAMETRIC_REPRESENTATION_CONTEXT() REPRESENTATION_CONTEXT('2D SPACE',''
  ) );
#2962 = PCURVE('',#2764,#2963);
#2963 = DEFINITIONAL_REPRESENTATION('',(#2964),#2968);
#2964 = LINE('',#2965,#2966);
#2965 = CARTESIAN_POINT('',(0.,0.));
#2966 = VECTOR('',#2967,1.);
#2967 = DIRECTION('',(0.,-1.));
#2968 = ( GEOMETRIC_REPRESENTATION_CONTEXT(2)
PARAMETRIC_REPRESENTATION_CONTEXT() REPRESENTATION_CONTEXT('2D SPACE',''
  ) );
#2969 = ORIENTED_EDGE('',*,*,#2898,.F.);
#2970 = FACE_BOUND('',#2971,.F.);
#2971 = EDGE_LOOP('',(#2972));
#2972 = ORIENTED_EDGE('',*,*,#2973,.T.);
#2973 = EDGE_CURVE('',#2974,#2974,#2976,.T.);
#2974 = VERTEX_POINT('',#2975);
#2975 = CARTESIAN_POINT('',(-190.1,40.,32.));
#2976 = SURFACE_CURVE('',#2977,(#2982,#2993),.PCURVE_S1.);
#2977 = CIRCLE('',#2978,5.1);
#2978 = AXIS2_PLACEMENT_3D('',#2979,#2980,#2981);
#2979 = CARTESIAN_POINT('',(-185.,40.,32.));
#2980 = DIRECTION('',(0.,0.,-1.));
#2981 = DIRECTION('',(-1.,0.,0.));
#2982 = PCURVE('',#2634,#2983);
#2983 = DEFINITIONAL_REPRESENTATION('',(#2984),#2992);
#2984 = ( BOUNDED_CURVE() B_SPLINE_CURVE(2,(#2985,#2986,#2987,#2988,
#2989,#2990,#2991),.UNSPECIFIED.,.T.,.F.) B_SPLINE_CURVE_WITH_KNOTS((1,2
    ,2,2,2,1),(-2.094395102393,0.,2.094395102393,4.188790204786,
6.28318530718,8.377580409573),.UNSPECIFIED.) CURVE()
GEOMETRIC_REPRESENTATION_ITEM() RATIONAL_B_SPLINE_CURVE((1.,0.5,1.,0.5,
1.,0.5,1.)) REPRESENTATION_ITEM('') );
#2985 = CARTESIAN_POINT('',(2.4,12.5));
#2986 = CARTESIAN_POINT('',(2.4,21.333459118601));
#2987 = CARTESIAN_POINT('',(10.05,16.916729559301));
#2988 = CARTESIAN_POINT('',(17.7,12.5));
#2989 = CARTESIAN_POINT('',(10.05,8.083270440699));
#2990 = CARTESIAN_POINT('',(2.4,3.666540881399));
#2991 = CARTESIAN_POINT('',(2.4,12.5));
#2992 = ( GEOMETRIC_REPRESENTATION_CONTEXT(2)
PARAMETRIC_REPRESENTATION_CONTEXT() REPRESENTATION_CONTEXT('2D SPACE',''
  ) );
#2993 = PCURVE('',#2848,#2994);
#2994 = DEFINITIONAL_REPRESENTATION('',(#2995),#2999);
#2995 = LINE('',#2996,#2997);
#2996 = CARTESIAN_POINT('',(0.,6.));
#2997 = VECTOR('',#2998,1.);
#2998 = DIRECTION('',(1.,0.));
#2999 = ( GEOMETRIC_REPRESENTATION_CONTEXT(2)
PARAMETRIC_REPRESENTATION_CONTEXT() REPRESENTATION_CONTEXT('2D SPACE',''
  ) );
#3000 = FACE_BOUND('',#3001,.F.);
#3001 = EDGE_LOOP('',(#3002));
#3002 = ORIENTED_EDGE('',*,*,#3003,.T.);
#3003 = EDGE_CURVE('',#3004,#3004,#3006,.T.);
#3004 = VERTEX_POINT('',#3005);
#3005 = CARTESIAN_POINT('',(-135.1,40.,32.));
#3006 = SURFACE_CURVE('',#3007,(#3012,#3023),.PCURVE_S1.);
#3007 = CIRCLE('',#3008,5.1);
#3008 = AXIS2_PLACEMENT_3D('',#3009,#3010,#3011);
#3009 = CARTESIAN_POINT('',(-130.,40.,32.));
#3010 = DIRECTION('',(0.,0.,-1.));
#3011 = DIRECTION('',(-1.,0.,0.));
#3012 = PCURVE('',#2634,#3013);
#3013 = DEFINITIONAL_REPRESENTATION('',(#3014),#3022);
#3014 = ( BOUNDED_CURVE() B_SPLINE_CURVE(2,(#3015,#3016,#3017,#3018,
#3019,#3020,#3021),.UNSPECIFIED.,.T.,.F.) B_SPLINE_CURVE_WITH_KNOTS((1,2
    ,2,2,2,1),(-2.094395102393,0.,2.094395102393,4.188790204786,
6.28318530718,8.377580409573),.UNSPECIFIED.) CURVE()
GEOMETRIC_REPRESENTATION_ITEM() RATIONAL_B_SPLINE_CURVE((1.,0.5,1.,0.5,
1.,0.5,1.)) REPRESENTATION_ITEM('') );
#3015 = CARTESIAN_POINT('',(57.4,12.5));
#3016 = CARTESIAN_POINT('',(57.4,21.333459118601));
#3017 = CARTESIAN_POINT('',(65.05,16.916729559301));
#3018 = CARTESIAN_POINT('',(72.7,12.5));
#3019 = CARTESIAN_POINT('',(65.05,8.083270440699));
#3020 = CARTESIAN_POINT('',(57.4,3.666540881399));
#3021 = CARTESIAN_POINT('',(57.4,12.5));
#3022 = ( GEOMETRIC_REPRESENTATION_CONTEXT(2)
PARAMETRIC_REPRESENTATION_CONTEXT() REPRESENTATION_CONTEXT('2D SPACE',''
  ) );
#3023 = PCURVE('',#2883,#3024);
#3024 = DEFINITIONAL_REPRESENTATION('',(#3025),#3029);
#3025 = LINE('',#3026,#3027);
#3026 = CARTESIAN_POINT('',(0.,6.));
#3027 = VECTOR('',#3028,1.);
#3028 = DIRECTION('',(1.,0.));
#3029 = ( GEOMETRIC_REPRESENTATION_CONTEXT(2)
PARAMETRIC_REPRESENTATION_CONTEXT() REPRESENTATION_CONTEXT('2D SPACE',''
  ) );
#3030 = ADVANCED_FACE('',(#3031),#2764,.T.);
#3031 = FACE_BOUND('',#3032,.T.);
#3032 = EDGE_LOOP('',(#3033,#3034,#3035,#3036));
#3033 = ORIENTED_EDGE('',*,*,#2750,.F.);
#3034 = ORIENTED_EDGE('',*,*,#2949,.T.);
#3035 = ORIENTED_EDGE('',*,*,#2923,.T.);
#3036 = ORIENTED_EDGE('',*,*,#2781,.F.);
#3037 = ADVANCED_FACE('',(#3038),#2848,.F.);
#3038 = FACE_BOUND('',#3039,.F.);
#3039 = EDGE_LOOP('',(#3040,#3041,#3062,#3063));
#3040 = ORIENTED_EDGE('',*,*,#2973,.F.);
#3041 = ORIENTED_EDGE('',*,*,#3042,.F.);
#3042 = EDGE_CURVE('',#2828,#2974,#3043,.T.);
#3043 = SEAM_CURVE('',#3044,(#3048,#3055),.PCURVE_S1.);
#3044 = LINE('',#3045,#3046);
#3045 = CARTESIAN_POINT('',(-190.1,40.,38.));
#3046 = VECTOR('',#3047,1.);
#3047 = DIRECTION('',(0.,0.,-1.));
#3048 = PCURVE('',#2848,#3049);
#3049 = DEFINITIONAL_REPRESENTATION('',(#3050),#3054);
#3050 = LINE('',#3051,#3052);
#3051 = CARTESIAN_POINT('',(6.28318530718,-0.));
#3052 = VECTOR('',#3053,1.);
#3053 = DIRECTION('',(0.,1.));
#3054 = ( GEOMETRIC_REPRESENTATION_CONTEXT(2)
PARAMETRIC_REPRESENTATION_CONTEXT() REPRESENTATION_CONTEXT('2D SPACE',''
  ) );
#3055 = PCURVE('',#2848,#3056);
#3056 = DEFINITIONAL_REPRESENTATION('',(#3057),#3061);
#3057 = LINE('',#3058,#3059);
#3058 = CARTESIAN_POINT('',(0.,-0.));
#3059 = VECTOR('',#3060,1.);
#3060 = DIRECTION('',(0.,1.));
#3061 = ( GEOMETRIC_REPRESENTATION_CONTEXT(2)
PARAMETRIC_REPRESENTATION_CONTEXT() REPRESENTATION_CONTEXT('2D SPACE',''
  ) );
#3062 = ORIENTED_EDGE('',*,*,#2827,.T.);
#3063 = ORIENTED_EDGE('',*,*,#3042,.T.);
#3064 = ADVANCED_FACE('',(#3065),#2883,.F.);
#3065 = FACE_BOUND('',#3066,.F.);
#3066 = EDGE_LOOP('',(#3067,#3068,#3089,#3090));
#3067 = ORIENTED_EDGE('',*,*,#3003,.F.);
#3068 = ORIENTED_EDGE('',*,*,#3069,.F.);
#3069 = EDGE_CURVE('',#2863,#3004,#3070,.T.);
#3070 = SEAM_CURVE('',#3071,(#3075,#3082),.PCURVE_S1.);
#3071 = LINE('',#3072,#3073);
#3072 = CARTESIAN_POINT('',(-135.1,40.,38.));
#3073 = VECTOR('',#3074,1.);
#3074 = DIRECTION('',(0.,0.,-1.));
#3075 = PCURVE('',#2883,#3076);
#3076 = DEFINITIONAL_REPRESENTATION('',(#3077),#3081);
#3077 = LINE('',#3078,#3079);
#3078 = CARTESIAN_POINT('',(6.28318530718,-0.));
#3079 = VECTOR('',#3080,1.);
#3080 = DIRECTION('',(0.,1.));
#3081 = ( GEOMETRIC_REPRESENTATION_CONTEXT(2)
PARAMETRIC_REPRESENTATION_CONTEXT() REPRESENTATION_CONTEXT('2D SPACE',''
  ) );
#3082 = PCURVE('',#2883,#3083);
#3083 = DEFINITIONAL_REPRESENTATION('',(#3084),#3088);
#3084 = LINE('',#3085,#3086);
#3085 = CARTESIAN_POINT('',(0.,-0.));
#3086 = VECTOR('',#3087,1.);
#3087 = DIRECTION('',(0.,1.));
#3088 = ( GEOMETRIC_REPRESENTATION_CONTEXT(2)
PARAMETRIC_REPRESENTATION_CONTEXT() REPRESENTATION_CONTEXT('2D SPACE',''
  ) );
#3089 = ORIENTED_EDGE('',*,*,#2862,.T.);
#3090 = ORIENTED_EDGE('',*,*,#3069,.T.);
#3091 = ( GEOMETRIC_REPRESENTATION_CONTEXT(3)
GLOBAL_UNCERTAINTY_ASSIGNED_CONTEXT((#3095))
GLOBAL_UNIT_ASSIGNED_CONTEXT((#3092,#3093,#3094)) REPRESENTATION_CONTEXT
('Context #1','3D Context with UNIT and UNCERTAINTY') );
#3092 = ( LENGTH_UNIT() NAMED_UNIT(*) SI_UNIT(.MILLI.,.METRE.) );
#3093 = ( NAMED_UNIT(*) PLANE_ANGLE_UNIT() SI_UNIT($,.RADIAN.) );
#3094 = ( NAMED_UNIT(*) SI_UNIT($,.STERADIAN.) SOLID_ANGLE_UNIT() );
#3095 = UNCERTAINTY_MEASURE_WITH_UNIT(LENGTH_MEASURE(1.E-07),#3092,
  'distance_accuracy_value','confusion accuracy');
#3096 = CONTEXT_DEPENDENT_SHAPE_REPRESENTATION(#3097,#3099);
#3097 = ( REPRESENTATION_RELATIONSHIP('','',#2576,#10)
REPRESENTATION_RELATIONSHIP_WITH_TRANSFORMATION(#3098)
SHAPE_REPRESENTATION_RELATIONSHIP() );
#3098 = ITEM_DEFINED_TRANSFORMATION('','',#11,#31);
#3099 = PRODUCT_DEFINITION_SHAPE('Placement','Placement of an item',
  #3100);
#3100 = NEXT_ASSEMBLY_USAGE_OCCURRENCE('5','','',#5,#2571,$);
#3101 = PRODUCT_RELATED_PRODUCT_CATEGORY('part',$,(#2573));
#3102 = SHAPE_DEFINITION_REPRESENTATION(#3103,#3109);
#3103 = PRODUCT_DEFINITION_SHAPE('','',#3104);
#3104 = PRODUCT_DEFINITION('design','',#3105,#3108);
#3105 = PRODUCT_DEFINITION_FORMATION('','',#3106);
#3106 = PRODUCT('Open CASCADE STEP translator 7.8 20.6',
  'Open CASCADE STEP translator 7.8 20.6','',(#3107));
#3107 = PRODUCT_CONTEXT('',#2,'mechanical');
#3108 = PRODUCT_DEFINITION_CONTEXT('part definition',#2,'design');
#3109 = ADVANCED_BREP_SHAPE_REPRESENTATION('',(#11,#3110),#3808);
#3110 = MANIFOLD_SOLID_BREP('',#3111);
#3111 = CLOSED_SHELL('',(#3112,#3232,#3308,#3497,#3546,#3693,#3700,#3727
    ,#3754,#3781));
#3112 = ADVANCED_FACE('',(#3113),#3127,.F.);
#3113 = FACE_BOUND('',#3114,.F.);
#3114 = EDGE_LOOP('',(#3115,#3150,#3178,#3206));
#3115 = ORIENTED_EDGE('',*,*,#3116,.F.);
#3116 = EDGE_CURVE('',#3117,#3119,#3121,.T.);
#3117 = VERTEX_POINT('',#3118);
#3118 = CARTESIAN_POINT('',(-220.,-70.,31.));
#3119 = VERTEX_POINT('',#3120);
#3120 = CARTESIAN_POINT('',(-220.,-70.,39.));
#3121 = SURFACE_CURVE('',#3122,(#3126,#3138),.PCURVE_S1.);
#3122 = LINE('',#3123,#3124);
#3123 = CARTESIAN_POINT('',(-220.,-70.,31.));
#3124 = VECTOR('',#3125,1.);
#3125 = DIRECTION('',(0.,0.,1.));
#3126 = PCURVE('',#3127,#3132);
#3127 = PLANE('',#3128);
#3128 = AXIS2_PLACEMENT_3D('',#3129,#3130,#3131);
#3129 = CARTESIAN_POINT('',(-220.,-70.,31.));
#3130 = DIRECTION('',(1.,0.,0.));
#3131 = DIRECTION('',(0.,0.,1.));
#3132 = DEFINITIONAL_REPRESENTATION('',(#3133),#3137);
#3133 = LINE('',#3134,#3135);
#3134 = CARTESIAN_POINT('',(0.,0.));
#3135 = VECTOR('',#3136,1.);
#3136 = DIRECTION('',(1.,0.));
#3137 = ( GEOMETRIC_REPRESENTATION_CONTEXT(2)
PARAMETRIC_REPRESENTATION_CONTEXT() REPRESENTATION_CONTEXT('2D SPACE',''
  ) );
#3138 = PCURVE('',#3139,#3144);
#3139 = PLANE('',#3140);
#3140 = AXIS2_PLACEMENT_3D('',#3141,#3142,#3143);
#3141 = CARTESIAN_POINT('',(-220.,-70.,31.));
#3142 = DIRECTION('',(0.,1.,0.));
#3143 = DIRECTION('',(0.,0.,1.));
#3144 = DEFINITIONAL_REPRESENTATION('',(#3145),#3149);
#3145 = LINE('',#3146,#3147);
#3146 = CARTESIAN_POINT('',(0.,0.));
#3147 = VECTOR('',#3148,1.);
#3148 = DIRECTION('',(1.,0.));
#3149 = ( GEOMETRIC_REPRESENTATION_CONTEXT(2)
PARAMETRIC_REPRESENTATION_CONTEXT() REPRESENTATION_CONTEXT('2D SPACE',''
  ) );
#3150 = ORIENTED_EDGE('',*,*,#3151,.T.);
#3151 = EDGE_CURVE('',#3117,#3152,#3154,.T.);
#3152 = VERTEX_POINT('',#3153);
#3153 = CARTESIAN_POINT('',(-220.,50.,31.));
#3154 = SURFACE_CURVE('',#3155,(#3159,#3166),.PCURVE_S1.);
#3155 = LINE('',#3156,#3157);
#3156 = CARTESIAN_POINT('',(-220.,-70.,31.));
#3157 = VECTOR('',#3158,1.);
#3158 = DIRECTION('',(0.,1.,0.));
#3159 = PCURVE('',#3127,#3160);
#3160 = DEFINITIONAL_REPRESENTATION('',(#3161),#3165);
#3161 = LINE('',#3162,#3163);
#3162 = CARTESIAN_POINT('',(0.,0.));
#3163 = VECTOR('',#3164,1.);
#3164 = DIRECTION('',(0.,-1.));
#3165 = ( GEOMETRIC_REPRESENTATION_CONTEXT(2)
PARAMETRIC_REPRESENTATION_CONTEXT() REPRESENTATION_CONTEXT('2D SPACE',''
  ) );
#3166 = PCURVE('',#3167,#3172);
#3167 = PLANE('',#3168);
#3168 = AXIS2_PLACEMENT_3D('',#3169,#3170,#3171);
#3169 = CARTESIAN_POINT('',(-220.,-70.,31.));
#3170 = DIRECTION('',(0.,0.,1.));
#3171 = DIRECTION('',(1.,0.,0.));
#3172 = DEFINITIONAL_REPRESENTATION('',(#3173),#3177);
#3173 = LINE('',#3174,#3175);
#3174 = CARTESIAN_POINT('',(0.,0.));
#3175 = VECTOR('',#3176,1.);
#3176 = DIRECTION('',(0.,1.));
#3177 = ( GEOMETRIC_REPRESENTATION_CONTEXT(2)
PARAMETRIC_REPRESENTATION_CONTEXT() REPRESENTATION_CONTEXT('2D SPACE',''
  ) );
#3178 = ORIENTED_EDGE('',*,*,#3179,.T.);
#3179 = EDGE_CURVE('',#3152,#3180,#3182,.T.);
#3180 = VERTEX_POINT('',#3181);
#3181 = CARTESIAN_POINT('',(-220.,50.,39.));
#3182 = SURFACE_CURVE('',#3183,(#3187,#3194),.PCURVE_S1.);
#3183 = LINE('',#3184,#3185);
#3184 = CARTESIAN_POINT('',(-220.,50.,31.));
#3185 = VECTOR('',#3186,1.);
#3186 = DIRECTION('',(0.,0.,1.));
#3187 = PCURVE('',#3127,#3188);
#3188 = DEFINITIONAL_REPRESENTATION('',(#3189),#3193);
#3189 = LINE('',#3190,#3191);
#3190 = CARTESIAN_POINT('',(0.,-120.));
#3191 = VECTOR('',#3192,1.);
#3192 = DIRECTION('',(1.,0.));
#3193 = ( GEOMETRIC_REPRESENTATION_CONTEXT(2)
PARAMETRIC_REPRESENTATION_CONTEXT() REPRESENTATION_CONTEXT('2D SPACE',''
  ) );
#3194 = PCURVE('',#3195,#3200);
#3195 = PLANE('',#3196);
#3196 = AXIS2_PLACEMENT_3D('',#3197,#3198,#3199);
#3197 = CARTESIAN_POINT('',(-220.,50.,31.));
#3198 = DIRECTION('',(0.,1.,0.));
#3199 = DIRECTION('',(0.,0.,1.));
#3200 = DEFINITIONAL_REPRESENTATION('',(#3201),#3205);
#3201 = LINE('',#3202,#3203);
#3202 = CARTESIAN_POINT('',(0.,0.));
#3203 = VECTOR('',#3204,1.);
#3204 = DIRECTION('',(1.,0.));
#3205 = ( GEOMETRIC_REPRESENTATION_CONTEXT(2)
PARAMETRIC_REPRESENTATION_CONTEXT() REPRESENTATION_CONTEXT('2D SPACE',''
  ) );
#3206 = ORIENTED_EDGE('',*,*,#3207,.F.);
#3207 = EDGE_CURVE('',#3119,#3180,#3208,.T.);
#3208 = SURFACE_CURVE('',#3209,(#3213,#3220),.PCURVE_S1.);
#3209 = LINE('',#3210,#3211);
#3210 = CARTESIAN_POINT('',(-220.,-70.,39.));
#3211 = VECTOR('',#3212,1.);
#3212 = DIRECTION('',(0.,1.,0.));
#3213 = PCURVE('',#3127,#3214);
#3214 = DEFINITIONAL_REPRESENTATION('',(#3215),#3219);
#3215 = LINE('',#3216,#3217);
#3216 = CARTESIAN_POINT('',(8.,0.));
#3217 = VECTOR('',#3218,1.);
#3218 = DIRECTION('',(0.,-1.));
#3219 = ( GEOMETRIC_REPRESENTATION_CONTEXT(2)
PARAMETRIC_REPRESENTATION_CONTEXT() REPRESENTATION_CONTEXT('2D SPACE',''
  ) );
#3220 = PCURVE('',#3221,#3226);
#3221 = PLANE('',#3222);
#3222 = AXIS2_PLACEMENT_3D('',#3223,#3224,#3225);
#3223 = CARTESIAN_POINT('',(-220.,-70.,39.));
#3224 = DIRECTION('',(0.,0.,1.));
#3225 = DIRECTION('',(1.,0.,0.));
#3226 = DEFINITIONAL_REPRESENTATION('',(#3227),#3231);
#3227 = LINE('',#3228,#3229);
#3228 = CARTESIAN_POINT('',(0.,0.));
#3229 = VECTOR('',#3230,1.);
#3230 = DIRECTION('',(0.,1.));
#3231 = ( GEOMETRIC_REPRESENTATION_CONTEXT(2)
PARAMETRIC_REPRESENTATION_CONTEXT() REPRESENTATION_CONTEXT('2D SPACE',''
  ) );
#3232 = ADVANCED_FACE('',(#3233),#3139,.F.);
#3233 = FACE_BOUND('',#3234,.F.);
#3234 = EDGE_LOOP('',(#3235,#3258,#3259,#3282));
#3235 = ORIENTED_EDGE('',*,*,#3236,.F.);
#3236 = EDGE_CURVE('',#3117,#3237,#3239,.T.);
#3237 = VERTEX_POINT('',#3238);
#3238 = CARTESIAN_POINT('',(-150.,-70.,31.));
#3239 = SURFACE_CURVE('',#3240,(#3244,#3251),.PCURVE_S1.);
#3240 = LINE('',#3241,#3242);
#3241 = CARTESIAN_POINT('',(-220.,-70.,31.));
#3242 = VECTOR('',#3243,1.);
#3243 = DIRECTION('',(1.,0.,0.));
#3244 = PCURVE('',#3139,#3245);
#3245 = DEFINITIONAL_REPRESENTATION('',(#3246),#3250);
#3246 = LINE('',#3247,#3248);
#3247 = CARTESIAN_POINT('',(0.,0.));
#3248 = VECTOR('',#3249,1.);
#3249 = DIRECTION('',(0.,1.));
#3250 = ( GEOMETRIC_REPRESENTATION_CONTEXT(2)
PARAMETRIC_REPRESENTATION_CONTEXT() REPRESENTATION_CONTEXT('2D SPACE',''
  ) );
#3251 = PCURVE('',#3167,#3252);
#3252 = DEFINITIONAL_REPRESENTATION('',(#3253),#3257);
#3253 = LINE('',#3254,#3255);
#3254 = CARTESIAN_POINT('',(0.,0.));
#3255 = VECTOR('',#3256,1.);
#3256 = DIRECTION('',(1.,0.));
#3257 = ( GEOMETRIC_REPRESENTATION_CONTEXT(2)
PARAMETRIC_REPRESENTATION_CONTEXT() REPRESENTATION_CONTEXT('2D SPACE',''
  ) );
#3258 = ORIENTED_EDGE('',*,*,#3116,.T.);
#3259 = ORIENTED_EDGE('',*,*,#3260,.T.);
#3260 = EDGE_CURVE('',#3119,#3261,#3263,.T.);
#3261 = VERTEX_POINT('',#3262);
#3262 = CARTESIAN_POINT('',(-150.,-70.,39.));
#3263 = SURFACE_CURVE('',#3264,(#3268,#3275),.PCURVE_S1.);
#3264 = LINE('',#3265,#3266);
#3265 = CARTESIAN_POINT('',(-220.,-70.,39.));
#3266 = VECTOR('',#3267,1.);
#3267 = DIRECTION('',(1.,0.,0.));
#3268 = PCURVE('',#3139,#3269);
#3269 = DEFINITIONAL_REPRESENTATION('',(#3270),#3274);
#3270 = LINE('',#3271,#3272);
#3271 = CARTESIAN_POINT('',(8.,0.));
#3272 = VECTOR('',#3273,1.);
#3273 = DIRECTION('',(0.,1.));
#3274 = ( GEOMETRIC_REPRESENTATION_CONTEXT(2)
PARAMETRIC_REPRESENTATION_CONTEXT() REPRESENTATION_CONTEXT('2D SPACE',''
  ) );
#3275 = PCURVE('',#3221,#3276);
#3276 = DEFINITIONAL_REPRESENTATION('',(#3277),#3281);
#3277 = LINE('',#3278,#3279);
#3278 = CARTESIAN_POINT('',(0.,0.));
#3279 = VECTOR('',#3280,1.);
#3280 = DIRECTION('',(1.,0.));
#3281 = ( GEOMETRIC_REPRESENTATION_CONTEXT(2)
PARAMETRIC_REPRESENTATION_CONTEXT() REPRESENTATION_CONTEXT('2D SPACE',''
  ) );
#3282 = ORIENTED_EDGE('',*,*,#3283,.F.);
#3283 = EDGE_CURVE('',#3237,#3261,#3284,.T.);
#3284 = SURFACE_CURVE('',#3285,(#3289,#3296),.PCURVE_S1.);
#3285 = LINE('',#3286,#3287);
#3286 = CARTESIAN_POINT('',(-150.,-70.,31.));
#3287 = VECTOR('',#3288,1.);
#3288 = DIRECTION('',(0.,0.,1.));
#3289 = PCURVE('',#3139,#3290);
#3290 = DEFINITIONAL_REPRESENTATION('',(#3291),#3295);
#3291 = LINE('',#3292,#3293);
#3292 = CARTESIAN_POINT('',(0.,70.));
#3293 = VECTOR('',#3294,1.);
#3294 = DIRECTION('',(1.,0.));
#3295 = ( GEOMETRIC_REPRESENTATION_CONTEXT(2)
PARAMETRIC_REPRESENTATION_CONTEXT() REPRESENTATION_CONTEXT('2D SPACE',''
  ) );
#3296 = PCURVE('',#3297,#3302);
#3297 = PLANE('',#3298);
#3298 = AXIS2_PLACEMENT_3D('',#3299,#3300,#3301);
#3299 = CARTESIAN_POINT('',(-150.,-70.,31.));
#3300 = DIRECTION('',(1.,0.,0.));
#3301 = DIRECTION('',(0.,0.,1.));
#3302 = DEFINITIONAL_REPRESENTATION('',(#3303),#3307);
#3303 = LINE('',#3304,#3305);
#3304 = CARTESIAN_POINT('',(0.,0.));
#3305 = VECTOR('',#3306,1.);
#3306 = DIRECTION('',(1.,0.));
#3307 = ( GEOMETRIC_REPRESENTATION_CONTEXT(2)
PARAMETRIC_REPRESENTATION_CONTEXT() REPRESENTATION_CONTEXT('2D SPACE',''
  ) );
#3308 = ADVANCED_FACE('',(#3309,#3357,#3392,#3427,#3462),#3221,.T.);
#3309 = FACE_BOUND('',#3310,.T.);
#3310 = EDGE_LOOP('',(#3311,#3312,#3313,#3336));
#3311 = ORIENTED_EDGE('',*,*,#3207,.F.);
#3312 = ORIENTED_EDGE('',*,*,#3260,.T.);
#3313 = ORIENTED_EDGE('',*,*,#3314,.T.);
#3314 = EDGE_CURVE('',#3261,#3315,#3317,.T.);
#3315 = VERTEX_POINT('',#3316);
#3316 = CARTESIAN_POINT('',(-150.,50.,39.));
#3317 = SURFACE_CURVE('',#3318,(#3322,#3329),.PCURVE_S1.);
#3318 = LINE('',#3319,#3320);
#3319 = CARTESIAN_POINT('',(-150.,-70.,39.));
#3320 = VECTOR('',#3321,1.);
#3321 = DIRECTION('',(0.,1.,0.));
#3322 = PCURVE('',#3221,#3323);
#3323 = DEFINITIONAL_REPRESENTATION('',(#3324),#3328);
#3324 = LINE('',#3325,#3326);
#3325 = CARTESIAN_POINT('',(70.,0.));
#3326 = VECTOR('',#3327,1.);
#3327 = DIRECTION('',(0.,1.));
#3328 = ( GEOMETRIC_REPRESENTATION_CONTEXT(2)
PARAMETRIC_REPRESENTATION_CONTEXT() REPRESENTATION_CONTEXT('2D SPACE',''
  ) );
#3329 = PCURVE('',#3297,#3330);
#3330 = DEFINITIONAL_REPRESENTATION('',(#3331),#3335);
#3331 = LINE('',#3332,#3333);
#3332 = CARTESIAN_POINT('',(8.,0.));
#3333 = VECTOR('',#3334,1.);
#3334 = DIRECTION('',(0.,-1.));
#3335 = ( GEOMETRIC_REPRESENTATION_CONTEXT(2)
PARAMETRIC_REPRESENTATION_CONTEXT() REPRESENTATION_CONTEXT('2D SPACE',''
  ) );
#3336 = ORIENTED_EDGE('',*,*,#3337,.F.);
#3337 = EDGE_CURVE('',#3180,#3315,#3338,.T.);
#3338 = SURFACE_CURVE('',#3339,(#3343,#3350),.PCURVE_S1.);
#3339 = LINE('',#3340,#3341);
#3340 = CARTESIAN_POINT('',(-220.,50.,39.));
#3341 = VECTOR('',#3342,1.);
#3342 = DIRECTION('',(1.,0.,0.));
#3343 = PCURVE('',#3221,#3344);
#3344 = DEFINITIONAL_REPRESENTATION('',(#3345),#3349);
#3345 = LINE('',#3346,#3347);
#3346 = CARTESIAN_POINT('',(0.,120.));
#3347 = VECTOR('',#3348,1.);
#3348 = DIRECTION('',(1.,0.));
#3349 = ( GEOMETRIC_REPRESENTATION_CONTEXT(2)
PARAMETRIC_REPRESENTATION_CONTEXT() REPRESENTATION_CONTEXT('2D SPACE',''
  ) );
#3350 = PCURVE('',#3195,#3351);
#3351 = DEFINITIONAL_REPRESENTATION('',(#3352),#3356);
#3352 = LINE('',#3353,#3354);
#3353 = CARTESIAN_POINT('',(8.,0.));
#3354 = VECTOR('',#3355,1.);
#3355 = DIRECTION('',(0.,1.));
#3356 = ( GEOMETRIC_REPRESENTATION_CONTEXT(2)
PARAMETRIC_REPRESENTATION_CONTEXT() REPRESENTATION_CONTEXT('2D SPACE',''
  ) );
#3357 = FACE_BOUND('',#3358,.T.);
#3358 = EDGE_LOOP('',(#3359));
#3359 = ORIENTED_EDGE('',*,*,#3360,.T.);
#3360 = EDGE_CURVE('',#3361,#3361,#3363,.T.);
#3361 = VERTEX_POINT('',#3362);
#3362 = CARTESIAN_POINT('',(-208.3,-40.,39.));
#3363 = SURFACE_CURVE('',#3364,(#3369,#3380),.PCURVE_S1.);
#3364 = CIRCLE('',#3365,3.3);
#3365 = AXIS2_PLACEMENT_3D('',#3366,#3367,#3368);
#3366 = CARTESIAN_POINT('',(-205.,-40.,39.));
#3367 = DIRECTION('',(0.,0.,-1.));
#3368 = DIRECTION('',(-1.,0.,0.));
#3369 = PCURVE('',#3221,#3370);
#3370 = DEFINITIONAL_REPRESENTATION('',(#3371),#3379);
#3371 = ( BOUNDED_CURVE() B_SPLINE_CURVE(2,(#3372,#3373,#3374,#3375,
#3376,#3377,#3378),.UNSPECIFIED.,.T.,.F.) B_SPLINE_CURVE_WITH_KNOTS((1,2
    ,2,2,2,1),(-2.094395102393,0.,2.094395102393,4.188790204786,
6.28318530718,8.377580409573),.UNSPECIFIED.) CURVE()
GEOMETRIC_REPRESENTATION_ITEM() RATIONAL_B_SPLINE_CURVE((1.,0.5,1.,0.5,
1.,0.5,1.)) REPRESENTATION_ITEM('') );
#3372 = CARTESIAN_POINT('',(11.7,30.));
#3373 = CARTESIAN_POINT('',(11.7,35.715767664977));
#3374 = CARTESIAN_POINT('',(16.65,32.857883832489));
#3375 = CARTESIAN_POINT('',(21.6,30.));
#3376 = CARTESIAN_POINT('',(16.65,27.142116167511));
#3377 = CARTESIAN_POINT('',(11.7,24.284232335023));
#3378 = CARTESIAN_POINT('',(11.7,30.));
#3379 = ( GEOMETRIC_REPRESENTATION_CONTEXT(2)
PARAMETRIC_REPRESENTATION_CONTEXT() REPRESENTATION_CONTEXT('2D SPACE',''
  ) );
#3380 = PCURVE('',#3381,#3386);
#3381 = CYLINDRICAL_SURFACE('',#3382,3.3);
#3382 = AXIS2_PLACEMENT_3D('',#3383,#3384,#3385);
#3383 = CARTESIAN_POINT('',(-205.,-40.,39.));
#3384 = DIRECTION('',(0.,0.,-1.));
#3385 = DIRECTION('',(-1.,0.,0.));
#3386 = DEFINITIONAL_REPRESENTATION('',(#3387),#3391);
#3387 = LINE('',#3388,#3389);
#3388 = CARTESIAN_POINT('',(0.,0.));
#3389 = VECTOR('',#3390,1.);
#3390 = DIRECTION('',(1.,0.));
#3391 = ( GEOMETRIC_REPRESENTATION_CONTEXT(2)
PARAMETRIC_REPRESENTATION_CONTEXT() REPRESENTATION_CONTEXT('2D SPACE',''
  ) );
#3392 = FACE_BOUND('',#3393,.T.);
#3393 = EDGE_LOOP('',(#3394));
#3394 = ORIENTED_EDGE('',*,*,#3395,.T.);
#3395 = EDGE_CURVE('',#3396,#3396,#3398,.T.);
#3396 = VERTEX_POINT('',#3397);
#3397 = CARTESIAN_POINT('',(-190.1,-60.,39.));
#3398 = SURFACE_CURVE('',#3399,(#3404,#3415),.PCURVE_S1.);
#3399 = CIRCLE('',#3400,5.1);
#3400 = AXIS2_PLACEMENT_3D('',#3401,#3402,#3403);
#3401 = CARTESIAN_POINT('',(-185.,-60.,39.));
#3402 = DIRECTION('',(0.,0.,-1.));
#3403 = DIRECTION('',(-1.,0.,0.));
#3404 = PCURVE('',#3221,#3405);
#3405 = DEFINITIONAL_REPRESENTATION('',(#3406),#3414);
#3406 = ( BOUNDED_CURVE() B_SPLINE_CURVE(2,(#3407,#3408,#3409,#3410,
#3411,#3412,#3413),.UNSPECIFIED.,.T.,.F.) B_SPLINE_CURVE_WITH_KNOTS((1,2
    ,2,2,2,1),(-2.094395102393,0.,2.094395102393,4.188790204786,
6.28318530718,8.377580409573),.UNSPECIFIED.) CURVE()
GEOMETRIC_REPRESENTATION_ITEM() RATIONAL_B_SPLINE_CURVE((1.,0.5,1.,0.5,
1.,0.5,1.)) REPRESENTATION_ITEM('') );
#3407 = CARTESIAN_POINT('',(29.9,10.));
#3408 = CARTESIAN_POINT('',(29.9,18.833459118601));
#3409 = CARTESIAN_POINT('',(37.55,14.416729559301));
#3410 = CARTESIAN_POINT('',(45.2,10.));
#3411 = CARTESIAN_POINT('',(37.55,5.583270440699));
#3412 = CARTESIAN_POINT('',(29.9,1.166540881399));
#3413 = CARTESIAN_POINT('',(29.9,10.));
#3414 = ( GEOMETRIC_REPRESENTATION_CONTEXT(2)
PARAMETRIC_REPRESENTATION_CONTEXT() REPRESENTATION_CONTEXT('2D SPACE',''
  ) );
#3415 = PCURVE('',#3416,#3421);
#3416 = CYLINDRICAL_SURFACE('',#3417,5.1);
#3417 = AXIS2_PLACEMENT_3D('',#3418,#3419,#3420);
#3418 = CARTESIAN_POINT('',(-185.,-60.,39.));
#3419 = DIRECTION('',(0.,0.,-1.));
#3420 = DIRECTION('',(-1.,0.,0.));
#3421 = DEFINITIONAL_REPRESENTATION('',(#3422),#3426);
#3422 = LINE('',#3423,#3424);
#3423 = CARTESIAN_POINT('',(0.,0.));
#3424 = VECTOR('',#3425,1.);
#3425 = DIRECTION('',(1.,0.));
#3426 = ( GEOMETRIC_REPRESENTATION_CONTEXT(2)
PARAMETRIC_REPRESENTATION_CONTEXT() REPRESENTATION_CONTEXT('2D SPACE',''
  ) );
#3427 = FACE_BOUND('',#3428,.T.);
#3428 = EDGE_LOOP('',(#3429));
#3429 = ORIENTED_EDGE('',*,*,#3430,.T.);
#3430 = EDGE_CURVE('',#3431,#3431,#3433,.T.);
#3431 = VERTEX_POINT('',#3432);
#3432 = CARTESIAN_POINT('',(-208.3,20.,39.));
#3433 = SURFACE_CURVE('',#3434,(#3439,#3450),.PCURVE_S1.);
#3434 = CIRCLE('',#3435,3.3);
#3435 = AXIS2_PLACEMENT_3D('',#3436,#3437,#3438);
#3436 = CARTESIAN_POINT('',(-205.,20.,39.));
#3437 = DIRECTION('',(0.,0.,-1.));
#3438 = DIRECTION('',(-1.,0.,0.));
#3439 = PCURVE('',#3221,#3440);
#3440 = DEFINITIONAL_REPRESENTATION('',(#3441),#3449);
#3441 = ( BOUNDED_CURVE() B_SPLINE_CURVE(2,(#3442,#3443,#3444,#3445,
#3446,#3447,#3448),.UNSPECIFIED.,.T.,.F.) B_SPLINE_CURVE_WITH_KNOTS((1,2
    ,2,2,2,1),(-2.094395102393,0.,2.094395102393,4.188790204786,
6.28318530718,8.377580409573),.UNSPECIFIED.) CURVE()
GEOMETRIC_REPRESENTATION_ITEM() RATIONAL_B_SPLINE_CURVE((1.,0.5,1.,0.5,
1.,0.5,1.)) REPRESENTATION_ITEM('') );
#3442 = CARTESIAN_POINT('',(11.7,90.));
#3443 = CARTESIAN_POINT('',(11.7,95.715767664977));
#3444 = CARTESIAN_POINT('',(16.65,92.857883832489));
#3445 = CARTESIAN_POINT('',(21.6,90.));
#3446 = CARTESIAN_POINT('',(16.65,87.142116167511));
#3447 = CARTESIAN_POINT('',(11.7,84.284232335023));
#3448 = CARTESIAN_POINT('',(11.7,90.));
#3449 = ( GEOMETRIC_REPRESENTATION_CONTEXT(2)
PARAMETRIC_REPRESENTATION_CONTEXT() REPRESENTATION_CONTEXT('2D SPACE',''
  ) );
#3450 = PCURVE('',#3451,#3456);
#3451 = CYLINDRICAL_SURFACE('',#3452,3.3);
#3452 = AXIS2_PLACEMENT_3D('',#3453,#3454,#3455);
#3453 = CARTESIAN_POINT('',(-205.,20.,39.));
#3454 = DIRECTION('',(0.,0.,-1.));
#3455 = DIRECTION('',(-1.,0.,0.));
#3456 = DEFINITIONAL_REPRESENTATION('',(#3457),#3461);
#3457 = LINE('',#3458,#3459);
#3458 = CARTESIAN_POINT('',(0.,0.));
#3459 = VECTOR('',#3460,1.);
#3460 = DIRECTION('',(1.,0.));
#3461 = ( GEOMETRIC_REPRESENTATION_CONTEXT(2)
PARAMETRIC_REPRESENTATION_CONTEXT() REPRESENTATION_CONTEXT('2D SPACE',''
  ) );
#3462 = FACE_BOUND('',#3463,.T.);
#3463 = EDGE_LOOP('',(#3464));
#3464 = ORIENTED_EDGE('',*,*,#3465,.T.);
#3465 = EDGE_CURVE('',#3466,#3466,#3468,.T.);
#3466 = VERTEX_POINT('',#3467);
#3467 = CARTESIAN_POINT('',(-190.1,40.,39.));
#3468 = SURFACE_CURVE('',#3469,(#3474,#3485),.PCURVE_S1.);
#3469 = CIRCLE('',#3470,5.1);
#3470 = AXIS2_PLACEMENT_3D('',#3471,#3472,#3473);
#3471 = CARTESIAN_POINT('',(-185.,40.,39.));
#3472 = DIRECTION('',(0.,0.,-1.));
#3473 = DIRECTION('',(-1.,0.,0.));
#3474 = PCURVE('',#3221,#3475);
#3475 = DEFINITIONAL_REPRESENTATION('',(#3476),#3484);
#3476 = ( BOUNDED_CURVE() B_SPLINE_CURVE(2,(#3477,#3478,#3479,#3480,
#3481,#3482,#3483),.UNSPECIFIED.,.T.,.F.) B_SPLINE_CURVE_WITH_KNOTS((1,2
    ,2,2,2,1),(-2.094395102393,0.,2.094395102393,4.188790204786,
6.28318530718,8.377580409573),.UNSPECIFIED.) CURVE()
GEOMETRIC_REPRESENTATION_ITEM() RATIONAL_B_SPLINE_CURVE((1.,0.5,1.,0.5,
1.,0.5,1.)) REPRESENTATION_ITEM('') );
#3477 = CARTESIAN_POINT('',(29.9,110.));
#3478 = CARTESIAN_POINT('',(29.9,118.8334591186));
#3479 = CARTESIAN_POINT('',(37.55,114.4167295593));
#3480 = CARTESIAN_POINT('',(45.2,110.));
#3481 = CARTESIAN_POINT('',(37.55,105.58327044069));
#3482 = CARTESIAN_POINT('',(29.9,101.16654088139));
#3483 = CARTESIAN_POINT('',(29.9,110.));
#3484 = ( GEOMETRIC_REPRESENTATION_CONTEXT(2)
PARAMETRIC_REPRESENTATION_CONTEXT() REPRESENTATION_CONTEXT('2D SPACE',''
  ) );
#3485 = PCURVE('',#3486,#3491);
#3486 = CYLINDRICAL_SURFACE('',#3487,5.1);
#3487 = AXIS2_PLACEMENT_3D('',#3488,#3489,#3490);
#3488 = CARTESIAN_POINT('',(-185.,40.,39.));
#3489 = DIRECTION('',(0.,0.,-1.));
#3490 = DIRECTION('',(-1.,0.,0.));
#3491 = DEFINITIONAL_REPRESENTATION('',(#3492),#3496);
#3492 = LINE('',#3493,#3494);
#3493 = CARTESIAN_POINT('',(0.,0.));
#3494 = VECTOR('',#3495,1.);
#3495 = DIRECTION('',(1.,0.));
#3496 = ( GEOMETRIC_REPRESENTATION_CONTEXT(2)
PARAMETRIC_REPRESENTATION_CONTEXT() REPRESENTATION_CONTEXT('2D SPACE',''
  ) );
#3497 = ADVANCED_FACE('',(#3498),#3195,.T.);
#3498 = FACE_BOUND('',#3499,.T.);
#3499 = EDGE_LOOP('',(#3500,#3523,#3524,#3525));
#3500 = ORIENTED_EDGE('',*,*,#3501,.F.);
#3501 = EDGE_CURVE('',#3152,#3502,#3504,.T.);
#3502 = VERTEX_POINT('',#3503);
#3503 = CARTESIAN_POINT('',(-150.,50.,31.));
#3504 = SURFACE_CURVE('',#3505,(#3509,#3516),.PCURVE_S1.);
#3505 = LINE('',#3506,#3507);
#3506 = CARTESIAN_POINT('',(-220.,50.,31.));
#3507 = VECTOR('',#3508,1.);
#3508 = DIRECTION('',(1.,0.,0.));
#3509 = PCURVE('',#3195,#3510);
#3510 = DEFINITIONAL_REPRESENTATION('',(#3511),#3515);
#3511 = LINE('',#3512,#3513);
#3512 = CARTESIAN_POINT('',(0.,0.));
#3513 = VECTOR('',#3514,1.);
#3514 = DIRECTION('',(0.,1.));
#3515 = ( GEOMETRIC_REPRESENTATION_CONTEXT(2)
PARAMETRIC_REPRESENTATION_CONTEXT() REPRESENTATION_CONTEXT('2D SPACE',''
  ) );
#3516 = PCURVE('',#3167,#3517);
#3517 = DEFINITIONAL_REPRESENTATION('',(#3518),#3522);
#3518 = LINE('',#3519,#3520);
#3519 = CARTESIAN_POINT('',(0.,120.));
#3520 = VECTOR('',#3521,1.);
#3521 = DIRECTION('',(1.,0.));
#3522 = ( GEOMETRIC_REPRESENTATION_CONTEXT(2)
PARAMETRIC_REPRESENTATION_CONTEXT() REPRESENTATION_CONTEXT('2D SPACE',''
  ) );
#3523 = ORIENTED_EDGE('',*,*,#3179,.T.);
#3524 = ORIENTED_EDGE('',*,*,#3337,.T.);
#3525 = ORIENTED_EDGE('',*,*,#3526,.F.);
#3526 = EDGE_CURVE('',#3502,#3315,#3527,.T.);
#3527 = SURFACE_CURVE('',#3528,(#3532,#3539),.PCURVE_S1.);
#3528 = LINE('',#3529,#3530);
#3529 = CARTESIAN_POINT('',(-150.,50.,31.));
#3530 = VECTOR('',#3531,1.);
#3531 = DIRECTION('',(0.,0.,1.));
#3532 = PCURVE('',#3195,#3533);
#3533 = DEFINITIONAL_REPRESENTATION('',(#3534),#3538);
#3534 = LINE('',#3535,#3536);
#3535 = CARTESIAN_POINT('',(0.,70.));
#3536 = VECTOR('',#3537,1.);
#3537 = DIRECTION('',(1.,0.));
#3538 = ( GEOMETRIC_REPRESENTATION_CONTEXT(2)
PARAMETRIC_REPRESENTATION_CONTEXT() REPRESENTATION_CONTEXT('2D SPACE',''
  ) );
#3539 = PCURVE('',#3297,#3540);
#3540 = DEFINITIONAL_REPRESENTATION('',(#3541),#3545);
#3541 = LINE('',#3542,#3543);
#3542 = CARTESIAN_POINT('',(0.,-120.));
#3543 = VECTOR('',#3544,1.);
#3544 = DIRECTION('',(1.,0.));
#3545 = ( GEOMETRIC_REPRESENTATION_CONTEXT(2)
PARAMETRIC_REPRESENTATION_CONTEXT() REPRESENTATION_CONTEXT('2D SPACE',''
  ) );
#3546 = ADVANCED_FACE('',(#3547,#3573,#3603,#3633,#3663),#3167,.F.);
#3547 = FACE_BOUND('',#3548,.F.);
#3548 = EDGE_LOOP('',(#3549,#3550,#3551,#3572));
#3549 = ORIENTED_EDGE('',*,*,#3151,.F.);
#3550 = ORIENTED_EDGE('',*,*,#3236,.T.);
#3551 = ORIENTED_EDGE('',*,*,#3552,.T.);
#3552 = EDGE_CURVE('',#3237,#3502,#3553,.T.);
#3553 = SURFACE_CURVE('',#3554,(#3558,#3565),.PCURVE_S1.);
#3554 = LINE('',#3555,#3556);
#3555 = CARTESIAN_POINT('',(-150.,-70.,31.));
#3556 = VECTOR('',#3557,1.);
#3557 = DIRECTION('',(0.,1.,0.));
#3558 = PCURVE('',#3167,#3559);
#3559 = DEFINITIONAL_REPRESENTATION('',(#3560),#3564);
#3560 = LINE('',#3561,#3562);
#3561 = CARTESIAN_POINT('',(70.,0.));
#3562 = VECTOR('',#3563,1.);
#3563 = DIRECTION('',(0.,1.));
#3564 = ( GEOMETRIC_REPRESENTATION_CONTEXT(2)
PARAMETRIC_REPRESENTATION_CONTEXT() REPRESENTATION_CONTEXT('2D SPACE',''
  ) );
#3565 = PCURVE('',#3297,#3566);
#3566 = DEFINITIONAL_REPRESENTATION('',(#3567),#3571);
#3567 = LINE('',#3568,#3569);
#3568 = CARTESIAN_POINT('',(0.,0.));
#3569 = VECTOR('',#3570,1.);
#3570 = DIRECTION('',(0.,-1.));
#3571 = ( GEOMETRIC_REPRESENTATION_CONTEXT(2)
PARAMETRIC_REPRESENTATION_CONTEXT() REPRESENTATION_CONTEXT('2D SPACE',''
  ) );
#3572 = ORIENTED_EDGE('',*,*,#3501,.F.);
#3573 = FACE_BOUND('',#3574,.F.);
#3574 = EDGE_LOOP('',(#3575));
#3575 = ORIENTED_EDGE('',*,*,#3576,.T.);
#3576 = EDGE_CURVE('',#3577,#3577,#3579,.T.);
#3577 = VERTEX_POINT('',#3578);
#3578 = CARTESIAN_POINT('',(-208.3,-40.,31.));
#3579 = SURFACE_CURVE('',#3580,(#3585,#3596),.PCURVE_S1.);
#3580 = CIRCLE('',#3581,3.3);
#3581 = AXIS2_PLACEMENT_3D('',#3582,#3583,#3584);
#3582 = CARTESIAN_POINT('',(-205.,-40.,31.));
#3583 = DIRECTION('',(0.,0.,-1.));
#3584 = DIRECTION('',(-1.,0.,0.));
#3585 = PCURVE('',#3167,#3586);
#3586 = DEFINITIONAL_REPRESENTATION('',(#3587),#3595);
#3587 = ( BOUNDED_CURVE() B_SPLINE_CURVE(2,(#3588,#3589,#3590,#3591,
#3592,#3593,#3594),.UNSPECIFIED.,.T.,.F.) B_SPLINE_CURVE_WITH_KNOTS((1,2
    ,2,2,2,1),(-2.094395102393,0.,2.094395102393,4.188790204786,
6.28318530718,8.377580409573),.UNSPECIFIED.) CURVE()
GEOMETRIC_REPRESENTATION_ITEM() RATIONAL_B_SPLINE_CURVE((1.,0.5,1.,0.5,
1.,0.5,1.)) REPRESENTATION_ITEM('') );
#3588 = CARTESIAN_POINT('',(11.7,30.));
#3589 = CARTESIAN_POINT('',(11.7,35.715767664977));
#3590 = CARTESIAN_POINT('',(16.65,32.857883832489));
#3591 = CARTESIAN_POINT('',(21.6,30.));
#3592 = CARTESIAN_POINT('',(16.65,27.142116167511));
#3593 = CARTESIAN_POINT('',(11.7,24.284232335023));
#3594 = CARTESIAN_POINT('',(11.7,30.));
#3595 = ( GEOMETRIC_REPRESENTATION_CONTEXT(2)
PARAMETRIC_REPRESENTATION_CONTEXT() REPRESENTATION_CONTEXT('2D SPACE',''
  ) );
#3596 = PCURVE('',#3381,#3597);
#3597 = DEFINITIONAL_REPRESENTATION('',(#3598),#3602);
#3598 = LINE('',#3599,#3600);
#3599 = CARTESIAN_POINT('',(0.,8.));
#3600 = VECTOR('',#3601,1.);
#3601 = DIRECTION('',(1.,0.));
#3602 = ( GEOMETRIC_REPRESENTATION_CONTEXT(2)
PARAMETRIC_REPRESENTATION_CONTEXT() REPRESENTATION_CONTEXT('2D SPACE',''
  ) );
#3603 = FACE_BOUND('',#3604,.F.);
#3604 = EDGE_LOOP('',(#3605));
#3605 = ORIENTED_EDGE('',*,*,#3606,.T.);
#3606 = EDGE_CURVE('',#3607,#3607,#3609,.T.);
#3607 = VERTEX_POINT('',#3608);
#3608 = CARTESIAN_POINT('',(-190.1,-60.,31.));
#3609 = SURFACE_CURVE('',#3610,(#3615,#3626),.PCURVE_S1.);
#3610 = CIRCLE('',#3611,5.1);
#3611 = AXIS2_PLACEMENT_3D('',#3612,#3613,#3614);
#3612 = CARTESIAN_POINT('',(-185.,-60.,31.));
#3613 = DIRECTION('',(0.,0.,-1.));
#3614 = DIRECTION('',(-1.,0.,0.));
#3615 = PCURVE('',#3167,#3616);
#3616 = DEFINITIONAL_REPRESENTATION('',(#3617),#3625);
#3617 = ( BOUNDED_CURVE() B_SPLINE_CURVE(2,(#3618,#3619,#3620,#3621,
#3622,#3623,#3624),.UNSPECIFIED.,.T.,.F.) B_SPLINE_CURVE_WITH_KNOTS((1,2
    ,2,2,2,1),(-2.094395102393,0.,2.094395102393,4.188790204786,
6.28318530718,8.377580409573),.UNSPECIFIED.) CURVE()
GEOMETRIC_REPRESENTATION_ITEM() RATIONAL_B_SPLINE_CURVE((1.,0.5,1.,0.5,
1.,0.5,1.)) REPRESENTATION_ITEM('') );
#3618 = CARTESIAN_POINT('',(29.9,10.));
#3619 = CARTESIAN_POINT('',(29.9,18.833459118601));
#3620 = CARTESIAN_POINT('',(37.55,14.416729559301));
#3621 = CARTESIAN_POINT('',(45.2,10.));
#3622 = CARTESIAN_POINT('',(37.55,5.583270440699));
#3623 = CARTESIAN_POINT('',(29.9,1.166540881399));
#3624 = CARTESIAN_POINT('',(29.9,10.));
#3625 = ( GEOMETRIC_REPRESENTATION_CONTEXT(2)
PARAMETRIC_REPRESENTATION_CONTEXT() REPRESENTATION_CONTEXT('2D SPACE',''
  ) );
#3626 = PCURVE('',#3416,#3627);
#3627 = DEFINITIONAL_REPRESENTATION('',(#3628),#3632);
#3628 = LINE('',#3629,#3630);
#3629 = CARTESIAN_POINT('',(0.,8.));
#3630 = VECTOR('',#3631,1.);
#3631 = DIRECTION('',(1.,0.));
#3632 = ( GEOMETRIC_REPRESENTATION_CONTEXT(2)
PARAMETRIC_REPRESENTATION_CONTEXT() REPRESENTATION_CONTEXT('2D SPACE',''
  ) );
#3633 = FACE_BOUND('',#3634,.F.);
#3634 = EDGE_LOOP('',(#3635));
#3635 = ORIENTED_EDGE('',*,*,#3636,.T.);
#3636 = EDGE_CURVE('',#3637,#3637,#3639,.T.);
#3637 = VERTEX_POINT('',#3638);
#3638 = CARTESIAN_POINT('',(-208.3,20.,31.));
#3639 = SURFACE_CURVE('',#3640,(#3645,#3656),.PCURVE_S1.);
#3640 = CIRCLE('',#3641,3.3);
#3641 = AXIS2_PLACEMENT_3D('',#3642,#3643,#3644);
#3642 = CARTESIAN_POINT('',(-205.,20.,31.));
#3643 = DIRECTION('',(0.,0.,-1.));
#3644 = DIRECTION('',(-1.,0.,0.));
#3645 = PCURVE('',#3167,#3646);
#3646 = DEFINITIONAL_REPRESENTATION('',(#3647),#3655);
#3647 = ( BOUNDED_CURVE() B_SPLINE_CURVE(2,(#3648,#3649,#3650,#3651,
#3652,#3653,#3654),.UNSPECIFIED.,.T.,.F.) B_SPLINE_CURVE_WITH_KNOTS((1,2
    ,2,2,2,1),(-2.094395102393,0.,2.094395102393,4.188790204786,
6.28318530718,8.377580409573),.UNSPECIFIED.) CURVE()
GEOMETRIC_REPRESENTATION_ITEM() RATIONAL_B_SPLINE_CURVE((1.,0.5,1.,0.5,
1.,0.5,1.)) REPRESENTATION_ITEM('') );
#3648 = CARTESIAN_POINT('',(11.7,90.));
#3649 = CARTESIAN_POINT('',(11.7,95.715767664977));
#3650 = CARTESIAN_POINT('',(16.65,92.857883832489));
#3651 = CARTESIAN_POINT('',(21.6,90.));
#3652 = CARTESIAN_POINT('',(16.65,87.142116167511));
#3653 = CARTESIAN_POINT('',(11.7,84.284232335023));
#3654 = CARTESIAN_POINT('',(11.7,90.));
#3655 = ( GEOMETRIC_REPRESENTATION_CONTEXT(2)
PARAMETRIC_REPRESENTATION_CONTEXT() REPRESENTATION_CONTEXT('2D SPACE',''
  ) );
#3656 = PCURVE('',#3451,#3657);
#3657 = DEFINITIONAL_REPRESENTATION('',(#3658),#3662);
#3658 = LINE('',#3659,#3660);
#3659 = CARTESIAN_POINT('',(0.,8.));
#3660 = VECTOR('',#3661,1.);
#3661 = DIRECTION('',(1.,0.));
#3662 = ( GEOMETRIC_REPRESENTATION_CONTEXT(2)
PARAMETRIC_REPRESENTATION_CONTEXT() REPRESENTATION_CONTEXT('2D SPACE',''
  ) );
#3663 = FACE_BOUND('',#3664,.F.);
#3664 = EDGE_LOOP('',(#3665));
#3665 = ORIENTED_EDGE('',*,*,#3666,.T.);
#3666 = EDGE_CURVE('',#3667,#3667,#3669,.T.);
#3667 = VERTEX_POINT('',#3668);
#3668 = CARTESIAN_POINT('',(-190.1,40.,31.));
#3669 = SURFACE_CURVE('',#3670,(#3675,#3686),.PCURVE_S1.);
#3670 = CIRCLE('',#3671,5.1);
#3671 = AXIS2_PLACEMENT_3D('',#3672,#3673,#3674);
#3672 = CARTESIAN_POINT('',(-185.,40.,31.));
#3673 = DIRECTION('',(0.,0.,-1.));
#3674 = DIRECTION('',(-1.,0.,0.));
#3675 = PCURVE('',#3167,#3676);
#3676 = DEFINITIONAL_REPRESENTATION('',(#3677),#3685);
#3677 = ( BOUNDED_CURVE() B_SPLINE_CURVE(2,(#3678,#3679,#3680,#3681,
#3682,#3683,#3684),.UNSPECIFIED.,.T.,.F.) B_SPLINE_CURVE_WITH_KNOTS((1,2
    ,2,2,2,1),(-2.094395102393,0.,2.094395102393,4.188790204786,
6.28318530718,8.377580409573),.UNSPECIFIED.) CURVE()
GEOMETRIC_REPRESENTATION_ITEM() RATIONAL_B_SPLINE_CURVE((1.,0.5,1.,0.5,
1.,0.5,1.)) REPRESENTATION_ITEM('') );
#3678 = CARTESIAN_POINT('',(29.9,110.));
#3679 = CARTESIAN_POINT('',(29.9,118.8334591186));
#3680 = CARTESIAN_POINT('',(37.55,114.4167295593));
#3681 = CARTESIAN_POINT('',(45.2,110.));
#3682 = CARTESIAN_POINT('',(37.55,105.58327044069));
#3683 = CARTESIAN_POINT('',(29.9,101.16654088139));
#3684 = CARTESIAN_POINT('',(29.9,110.));
#3685 = ( GEOMETRIC_REPRESENTATION_CONTEXT(2)
PARAMETRIC_REPRESENTATION_CONTEXT() REPRESENTATION_CONTEXT('2D SPACE',''
  ) );
#3686 = PCURVE('',#3486,#3687);
#3687 = DEFINITIONAL_REPRESENTATION('',(#3688),#3692);
#3688 = LINE('',#3689,#3690);
#3689 = CARTESIAN_POINT('',(0.,8.));
#3690 = VECTOR('',#3691,1.);
#3691 = DIRECTION('',(1.,0.));
#3692 = ( GEOMETRIC_REPRESENTATION_CONTEXT(2)
PARAMETRIC_REPRESENTATION_CONTEXT() REPRESENTATION_CONTEXT('2D SPACE',''
  ) );
#3693 = ADVANCED_FACE('',(#3694),#3297,.T.);
#3694 = FACE_BOUND('',#3695,.T.);
#3695 = EDGE_LOOP('',(#3696,#3697,#3698,#3699));
#3696 = ORIENTED_EDGE('',*,*,#3283,.F.);
#3697 = ORIENTED_EDGE('',*,*,#3552,.T.);
#3698 = ORIENTED_EDGE('',*,*,#3526,.T.);
#3699 = ORIENTED_EDGE('',*,*,#3314,.F.);
#3700 = ADVANCED_FACE('',(#3701),#3381,.F.);
#3701 = FACE_BOUND('',#3702,.F.);
#3702 = EDGE_LOOP('',(#3703,#3704,#3725,#3726));
#3703 = ORIENTED_EDGE('',*,*,#3576,.F.);
#3704 = ORIENTED_EDGE('',*,*,#3705,.F.);
#3705 = EDGE_CURVE('',#3361,#3577,#3706,.T.);
#3706 = SEAM_CURVE('',#3707,(#3711,#3718),.PCURVE_S1.);
#3707 = LINE('',#3708,#3709);
#3708 = CARTESIAN_POINT('',(-208.3,-40.,39.));
#3709 = VECTOR('',#3710,1.);
#3710 = DIRECTION('',(0.,0.,-1.));
#3711 = PCURVE('',#3381,#3712);
#3712 = DEFINITIONAL_REPRESENTATION('',(#3713),#3717);
#3713 = LINE('',#3714,#3715);
#3714 = CARTESIAN_POINT('',(6.28318530718,-0.));
#3715 = VECTOR('',#3716,1.);
#3716 = DIRECTION('',(0.,1.));
#3717 = ( GEOMETRIC_REPRESENTATION_CONTEXT(2)
PARAMETRIC_REPRESENTATION_CONTEXT() REPRESENTATION_CONTEXT('2D SPACE',''
  ) );
#3718 = PCURVE('',#3381,#3719);
#3719 = DEFINITIONAL_REPRESENTATION('',(#3720),#3724);
#3720 = LINE('',#3721,#3722);
#3721 = CARTESIAN_POINT('',(0.,-0.));
#3722 = VECTOR('',#3723,1.);
#3723 = DIRECTION('',(0.,1.));
#3724 = ( GEOMETRIC_REPRESENTATION_CONTEXT(2)
PARAMETRIC_REPRESENTATION_CONTEXT() REPRESENTATION_CONTEXT('2D SPACE',''
  ) );
#3725 = ORIENTED_EDGE('',*,*,#3360,.T.);
#3726 = ORIENTED_EDGE('',*,*,#3705,.T.);
#3727 = ADVANCED_FACE('',(#3728),#3416,.F.);
#3728 = FACE_BOUND('',#3729,.F.);
#3729 = EDGE_LOOP('',(#3730,#3731,#3752,#3753));
#3730 = ORIENTED_EDGE('',*,*,#3606,.F.);
#3731 = ORIENTED_EDGE('',*,*,#3732,.F.);
#3732 = EDGE_CURVE('',#3396,#3607,#3733,.T.);
#3733 = SEAM_CURVE('',#3734,(#3738,#3745),.PCURVE_S1.);
#3734 = LINE('',#3735,#3736);
#3735 = CARTESIAN_POINT('',(-190.1,-60.,39.));
#3736 = VECTOR('',#3737,1.);
#3737 = DIRECTION('',(0.,0.,-1.));
#3738 = PCURVE('',#3416,#3739);
#3739 = DEFINITIONAL_REPRESENTATION('',(#3740),#3744);
#3740 = LINE('',#3741,#3742);
#3741 = CARTESIAN_POINT('',(6.28318530718,-0.));
#3742 = VECTOR('',#3743,1.);
#3743 = DIRECTION('',(0.,1.));
#3744 = ( GEOMETRIC_REPRESENTATION_CONTEXT(2)
PARAMETRIC_REPRESENTATION_CONTEXT() REPRESENTATION_CONTEXT('2D SPACE',''
  ) );
#3745 = PCURVE('',#3416,#3746);
#3746 = DEFINITIONAL_REPRESENTATION('',(#3747),#3751);
#3747 = LINE('',#3748,#3749);
#3748 = CARTESIAN_POINT('',(0.,-0.));
#3749 = VECTOR('',#3750,1.);
#3750 = DIRECTION('',(0.,1.));
#3751 = ( GEOMETRIC_REPRESENTATION_CONTEXT(2)
PARAMETRIC_REPRESENTATION_CONTEXT() REPRESENTATION_CONTEXT('2D SPACE',''
  ) );
#3752 = ORIENTED_EDGE('',*,*,#3395,.T.);
#3753 = ORIENTED_EDGE('',*,*,#3732,.T.);
#3754 = ADVANCED_FACE('',(#3755),#3451,.F.);
#3755 = FACE_BOUND('',#3756,.F.);
#3756 = EDGE_LOOP('',(#3757,#3758,#3779,#3780));
#3757 = ORIENTED_EDGE('',*,*,#3636,.F.);
#3758 = ORIENTED_EDGE('',*,*,#3759,.F.);
#3759 = EDGE_CURVE('',#3431,#3637,#3760,.T.);
#3760 = SEAM_CURVE('',#3761,(#3765,#3772),.PCURVE_S1.);
#3761 = LINE('',#3762,#3763);
#3762 = CARTESIAN_POINT('',(-208.3,20.,39.));
#3763 = VECTOR('',#3764,1.);
#3764 = DIRECTION('',(0.,0.,-1.));
#3765 = PCURVE('',#3451,#3766);
#3766 = DEFINITIONAL_REPRESENTATION('',(#3767),#3771);
#3767 = LINE('',#3768,#3769);
#3768 = CARTESIAN_POINT('',(6.28318530718,-0.));
#3769 = VECTOR('',#3770,1.);
#3770 = DIRECTION('',(0.,1.));
#3771 = ( GEOMETRIC_REPRESENTATION_CONTEXT(2)
PARAMETRIC_REPRESENTATION_CONTEXT() REPRESENTATION_CONTEXT('2D SPACE',''
  ) );
#3772 = PCURVE('',#3451,#3773);
#3773 = DEFINITIONAL_REPRESENTATION('',(#3774),#3778);
#3774 = LINE('',#3775,#3776);
#3775 = CARTESIAN_POINT('',(0.,-0.));
#3776 = VECTOR('',#3777,1.);
#3777 = DIRECTION('',(0.,1.));
#3778 = ( GEOMETRIC_REPRESENTATION_CONTEXT(2)
PARAMETRIC_REPRESENTATION_CONTEXT() REPRESENTATION_CONTEXT('2D SPACE',''
  ) );
#3779 = ORIENTED_EDGE('',*,*,#3430,.T.);
#3780 = ORIENTED_EDGE('',*,*,#3759,.T.);
#3781 = ADVANCED_FACE('',(#3782),#3486,.F.);
#3782 = FACE_BOUND('',#3783,.F.);
#3783 = EDGE_LOOP('',(#3784,#3785,#3806,#3807));
#3784 = ORIENTED_EDGE('',*,*,#3666,.F.);
#3785 = ORIENTED_EDGE('',*,*,#3786,.F.);
#3786 = EDGE_CURVE('',#3466,#3667,#3787,.T.);
#3787 = SEAM_CURVE('',#3788,(#3792,#3799),.PCURVE_S1.);
#3788 = LINE('',#3789,#3790);
#3789 = CARTESIAN_POINT('',(-190.1,40.,39.));
#3790 = VECTOR('',#3791,1.);
#3791 = DIRECTION('',(0.,0.,-1.));
#3792 = PCURVE('',#3486,#3793);
#3793 = DEFINITIONAL_REPRESENTATION('',(#3794),#3798);
#3794 = LINE('',#3795,#3796);
#3795 = CARTESIAN_POINT('',(6.28318530718,-0.));
#3796 = VECTOR('',#3797,1.);
#3797 = DIRECTION('',(0.,1.));
#3798 = ( GEOMETRIC_REPRESENTATION_CONTEXT(2)
PARAMETRIC_REPRESENTATION_CONTEXT() REPRESENTATION_CONTEXT('2D SPACE',''
  ) );
#3799 = PCURVE('',#3486,#3800);
#3800 = DEFINITIONAL_REPRESENTATION('',(#3801),#3805);
#3801 = LINE('',#3802,#3803);
#3802 = CARTESIAN_POINT('',(0.,-0.));
#3803 = VECTOR('',#3804,1.);
#3804 = DIRECTION('',(0.,1.));
#3805 = ( GEOMETRIC_REPRESENTATION_CONTEXT(2)
PARAMETRIC_REPRESENTATION_CONTEXT() REPRESENTATION_CONTEXT('2D SPACE',''
  ) );
#3806 = ORIENTED_EDGE('',*,*,#3465,.T.);
#3807 = ORIENTED_EDGE('',*,*,#3786,.T.);
#3808 = ( GEOMETRIC_REPRESENTATION_CONTEXT(3)
GLOBAL_UNCERTAINTY_ASSIGNED_CONTEXT((#3812))
GLOBAL_UNIT_ASSIGNED_CONTEXT((#3809,#3810,#3811)) REPRESENTATION_CONTEXT
('Context #1','3D Context with UNIT and UNCERTAINTY') );
#3809 = ( LENGTH_UNIT() NAMED_UNIT(*) SI_UNIT(.MILLI.,.METRE.) );
#3810 = ( NAMED_UNIT(*) PLANE_ANGLE_UNIT() SI_UNIT($,.RADIAN.) );
#3811 = ( NAMED_UNIT(*) SI_UNIT($,.STERADIAN.) SOLID_ANGLE_UNIT() );
#3812 = UNCERTAINTY_MEASURE_WITH_UNIT(LENGTH_MEASURE(1.E-07),#3809,
  'distance_accuracy_value','confusion accuracy');
#3813 = CONTEXT_DEPENDENT_SHAPE_REPRESENTATION(#3814,#3816);
#3814 = ( REPRESENTATION_RELATIONSHIP('','',#3109,#10)
REPRESENTATION_RELATIONSHIP_WITH_TRANSFORMATION(#3815)
SHAPE_REPRESENTATION_RELATIONSHIP() );
#3815 = ITEM_DEFINED_TRANSFORMATION('','',#11,#35);
#3816 = PRODUCT_DEFINITION_SHAPE('Placement','Placement of an item',
  #3817);
#3817 = NEXT_ASSEMBLY_USAGE_OCCURRENCE('6','','',#5,#3104,$);
#3818 = PRODUCT_RELATED_PRODUCT_CATEGORY('part',$,(#3106));
#3819 = SHAPE_DEFINITION_REPRESENTATION(#3820,#3826);
#3820 = PRODUCT_DEFINITION_SHAPE('','',#3821);
#3821 = PRODUCT_DEFINITION('design','',#3822,#3825);
#3822 = PRODUCT_DEFINITION_FORMATION('','',#3823);
#3823 = PRODUCT('Open CASCADE STEP translator 7.8 20.7',
  'Open CASCADE STEP translator 7.8 20.7','',(#3824));
#3824 = PRODUCT_CONTEXT('',#2,'mechanical');
#3825 = PRODUCT_DEFINITION_CONTEXT('part definition',#2,'design');
#3826 = ADVANCED_BREP_SHAPE_REPRESENTATION('',(#11,#3827),#3980);
#3827 = MANIFOLD_SOLID_BREP('',#3828);
#3828 = CLOSED_SHELL('',(#3829,#3917,#3972,#3976));
#3829 = ADVANCED_FACE('',(#3830),#3844,.T.);
#3830 = FACE_BOUND('',#3831,.F.);
#3831 = EDGE_LOOP('',(#3832,#3862,#3889,#3890));
#3832 = ORIENTED_EDGE('',*,*,#3833,.T.);
#3833 = EDGE_CURVE('',#3834,#3836,#3838,.T.);
#3834 = VERTEX_POINT('',#3835);
#3835 = CARTESIAN_POINT('',(-125.,-60.,35.));
#3836 = VERTEX_POINT('',#3837);
#3837 = CARTESIAN_POINT('',(-125.,-60.,45.));
#3838 = SEAM_CURVE('',#3839,(#3843,#3855),.PCURVE_S1.);
#3839 = LINE('',#3840,#3841);
#3840 = CARTESIAN_POINT('',(-125.,-60.,35.));
#3841 = VECTOR('',#3842,1.);
#3842 = DIRECTION('',(0.,0.,1.));
#3843 = PCURVE('',#3844,#3849);
#3844 = CYLINDRICAL_SURFACE('',#3845,5.);
#3845 = AXIS2_PLACEMENT_3D('',#3846,#3847,#3848);
#3846 = CARTESIAN_POINT('',(-130.,-60.,35.));
#3847 = DIRECTION('',(-0.,-0.,-1.));
#3848 = DIRECTION('',(1.,0.,0.));
#3849 = DEFINITIONAL_REPRESENTATION('',(#3850),#3854);
#3850 = LINE('',#3851,#3852);
#3851 = CARTESIAN_POINT('',(-0.,0.));
#3852 = VECTOR('',#3853,1.);
#3853 = DIRECTION('',(-0.,-1.));
#3854 = ( GEOMETRIC_REPRESENTATION_CONTEXT(2)
PARAMETRIC_REPRESENTATION_CONTEXT() REPRESENTATION_CONTEXT('2D SPACE',''
  ) );
#3855 = PCURVE('',#3844,#3856);
#3856 = DEFINITIONAL_REPRESENTATION('',(#3857),#3861);
#3857 = LINE('',#3858,#3859);
#3858 = CARTESIAN_POINT('',(-6.28318530718,0.));
#3859 = VECTOR('',#3860,1.);
#3860 = DIRECTION('',(-0.,-1.));
#3861 = ( GEOMETRIC_REPRESENTATION_CONTEXT(2)
PARAMETRIC_REPRESENTATION_CONTEXT() REPRESENTATION_CONTEXT('2D SPACE',''
  ) );
#3862 = ORIENTED_EDGE('',*,*,#3863,.T.);
#3863 = EDGE_CURVE('',#3836,#3836,#3864,.T.);
#3864 = SURFACE_CURVE('',#3865,(#3870,#3877),.PCURVE_S1.);
#3865 = CIRCLE('',#3866,5.);
#3866 = AXIS2_PLACEMENT_3D('',#3867,#3868,#3869);
#3867 = CARTESIAN_POINT('',(-130.,-60.,45.));
#3868 = DIRECTION('',(0.,0.,1.));
#3869 = DIRECTION('',(1.,0.,0.));
#3870 = PCURVE('',#3844,#3871);
#3871 = DEFINITIONAL_REPRESENTATION('',(#3872),#3876);
#3872 = LINE('',#3873,#3874);
#3873 = CARTESIAN_POINT('',(-0.,-10.));
#3874 = VECTOR('',#3875,1.);
#3875 = DIRECTION('',(-1.,0.));
#3876 = ( GEOMETRIC_REPRESENTATION_CONTEXT(2)
PARAMETRIC_REPRESENTATION_CONTEXT() REPRESENTATION_CONTEXT('2D SPACE',''
  ) );
#3877 = PCURVE('',#3878,#3883);
#3878 = PLANE('',#3879);
#3879 = AXIS2_PLACEMENT_3D('',#3880,#3881,#3882);
#3880 = CARTESIAN_POINT('',(-130.,-60.,45.));
#3881 = DIRECTION('',(0.,0.,1.));
#3882 = DIRECTION('',(1.,0.,-0.));
#3883 = DEFINITIONAL_REPRESENTATION('',(#3884),#3888);
#3884 = CIRCLE('',#3885,5.);
#3885 = AXIS2_PLACEMENT_2D('',#3886,#3887);
#3886 = CARTESIAN_POINT('',(0.,0.));
#3887 = DIRECTION('',(1.,0.));
#3888 = ( GEOMETRIC_REPRESENTATION_CONTEXT(2)
PARAMETRIC_REPRESENTATION_CONTEXT() REPRESENTATION_CONTEXT('2D SPACE',''
  ) );
#3889 = ORIENTED_EDGE('',*,*,#3833,.F.);
#3890 = ORIENTED_EDGE('',*,*,#3891,.F.);
#3891 = EDGE_CURVE('',#3834,#3834,#3892,.T.);
#3892 = SURFACE_CURVE('',#3893,(#3898,#3905),.PCURVE_S1.);
#3893 = CIRCLE('',#3894,5.);
#3894 = AXIS2_PLACEMENT_3D('',#3895,#3896,#3897);
#3895 = CARTESIAN_POINT('',(-130.,-60.,35.));
#3896 = DIRECTION('',(0.,0.,1.));
#3897 = DIRECTION('',(1.,0.,0.));
#3898 = PCURVE('',#3844,#3899);
#3899 = DEFINITIONAL_REPRESENTATION('',(#3900),#3904);
#3900 = LINE('',#3901,#3902);
#3901 = CARTESIAN_POINT('',(-0.,0.));
#3902 = VECTOR('',#3903,1.);
#3903 = DIRECTION('',(-1.,0.));
#3904 = ( GEOMETRIC_REPRESENTATION_CONTEXT(2)
PARAMETRIC_REPRESENTATION_CONTEXT() REPRESENTATION_CONTEXT('2D SPACE',''
  ) );
#3905 = PCURVE('',#3906,#3911);
#3906 = CYLINDRICAL_SURFACE('',#3907,5.);
#3907 = AXIS2_PLACEMENT_3D('',#3908,#3909,#3910);
#3908 = CARTESIAN_POINT('',(-130.,-60.,35.));
#3909 = DIRECTION('',(0.,0.,1.));
#3910 = DIRECTION('',(1.,0.,0.));
#3911 = DEFINITIONAL_REPRESENTATION('',(#3912),#3916);
#3912 = LINE('',#3913,#3914);
#3913 = CARTESIAN_POINT('',(0.,0.));
#3914 = VECTOR('',#3915,1.);
#3915 = DIRECTION('',(1.,0.));
#3916 = ( GEOMETRIC_REPRESENTATION_CONTEXT(2)
PARAMETRIC_REPRESENTATION_CONTEXT() REPRESENTATION_CONTEXT('2D SPACE',''
  ) );
#3917 = ADVANCED_FACE('',(#3918),#3906,.T.);
#3918 = FACE_BOUND('',#3919,.T.);
#3919 = EDGE_LOOP('',(#3920,#3943,#3970,#3971));
#3920 = ORIENTED_EDGE('',*,*,#3921,.T.);
#3921 = EDGE_CURVE('',#3834,#3922,#3924,.T.);
#3922 = VERTEX_POINT('',#3923);
#3923 = CARTESIAN_POINT('',(-125.,-60.,25.));
#3924 = SEAM_CURVE('',#3925,(#3929,#3936),.PCURVE_S1.);
#3925 = LINE('',#3926,#3927);
#3926 = CARTESIAN_POINT('',(-125.,-60.,35.));
#3927 = VECTOR('',#3928,1.);
#3928 = DIRECTION('',(-0.,-0.,-1.));
#3929 = PCURVE('',#3906,#3930);
#3930 = DEFINITIONAL_REPRESENTATION('',(#3931),#3935);
#3931 = LINE('',#3932,#3933);
#3932 = CARTESIAN_POINT('',(0.,0.));
#3933 = VECTOR('',#3934,1.);
#3934 = DIRECTION('',(0.,-1.));
#3935 = ( GEOMETRIC_REPRESENTATION_CONTEXT(2)
PARAMETRIC_REPRESENTATION_CONTEXT() REPRESENTATION_CONTEXT('2D SPACE',''
  ) );
#3936 = PCURVE('',#3906,#3937);
#3937 = DEFINITIONAL_REPRESENTATION('',(#3938),#3942);
#3938 = LINE('',#3939,#3940);
#3939 = CARTESIAN_POINT('',(6.28318530718,0.));
#3940 = VECTOR('',#3941,1.);
#3941 = DIRECTION('',(0.,-1.));
#3942 = ( GEOMETRIC_REPRESENTATION_CONTEXT(2)
PARAMETRIC_REPRESENTATION_CONTEXT() REPRESENTATION_CONTEXT('2D SPACE',''
  ) );
#3943 = ORIENTED_EDGE('',*,*,#3944,.T.);
#3944 = EDGE_CURVE('',#3922,#3922,#3945,.T.);
#3945 = SURFACE_CURVE('',#3946,(#3951,#3958),.PCURVE_S1.);
#3946 = CIRCLE('',#3947,5.);
#3947 = AXIS2_PLACEMENT_3D('',#3948,#3949,#3950);
#3948 = CARTESIAN_POINT('',(-130.,-60.,25.));
#3949 = DIRECTION('',(0.,0.,1.));
#3950 = DIRECTION('',(1.,0.,0.));
#3951 = PCURVE('',#3906,#3952);
#3952 = DEFINITIONAL_REPRESENTATION('',(#3953),#3957);
#3953 = LINE('',#3954,#3955);
#3954 = CARTESIAN_POINT('',(0.,-10.));
#3955 = VECTOR('',#3956,1.);
#3956 = DIRECTION('',(1.,0.));
#3957 = ( GEOMETRIC_REPRESENTATION_CONTEXT(2)
PARAMETRIC_REPRESENTATION_CONTEXT() REPRESENTATION_CONTEXT('2D SPACE',''
  ) );
#3958 = PCURVE('',#3959,#3964);
#3959 = PLANE('',#3960);
#3960 = AXIS2_PLACEMENT_3D('',#3961,#3962,#3963);
#3961 = CARTESIAN_POINT('',(-130.,-60.,25.));
#3962 = DIRECTION('',(0.,0.,1.));
#3963 = DIRECTION('',(1.,0.,-0.));
#3964 = DEFINITIONAL_REPRESENTATION('',(#3965),#3969);
#3965 = CIRCLE('',#3966,5.);
#3966 = AXIS2_PLACEMENT_2D('',#3967,#3968);
#3967 = CARTESIAN_POINT('',(0.,0.));
#3968 = DIRECTION('',(1.,0.));
#3969 = ( GEOMETRIC_REPRESENTATION_CONTEXT(2)
PARAMETRIC_REPRESENTATION_CONTEXT() REPRESENTATION_CONTEXT('2D SPACE',''
  ) );
#3970 = ORIENTED_EDGE('',*,*,#3921,.F.);
#3971 = ORIENTED_EDGE('',*,*,#3891,.F.);
#3972 = ADVANCED_FACE('',(#3973),#3878,.T.);
#3973 = FACE_BOUND('',#3974,.T.);
#3974 = EDGE_LOOP('',(#3975));
#3975 = ORIENTED_EDGE('',*,*,#3863,.T.);
#3976 = ADVANCED_FACE('',(#3977),#3959,.F.);
#3977 = FACE_BOUND('',#3978,.F.);
#3978 = EDGE_LOOP('',(#3979));
#3979 = ORIENTED_EDGE('',*,*,#3944,.T.);
#3980 = ( GEOMETRIC_REPRESENTATION_CONTEXT(3)
GLOBAL_UNCERTAINTY_ASSIGNED_CONTEXT((#3984))
GLOBAL_UNIT_ASSIGNED_CONTEXT((#3981,#3982,#3983)) REPRESENTATION_CONTEXT
('Context #1','3D Context with UNIT and UNCERTAINTY') );
#3981 = ( LENGTH_UNIT() NAMED_UNIT(*) SI_UNIT(.MILLI.,.METRE.) );
#3982 = ( NAMED_UNIT(*) PLANE_ANGLE_UNIT() SI_UNIT($,.RADIAN.) );
#3983 = ( NAMED_UNIT(*) SI_UNIT($,.STERADIAN.) SOLID_ANGLE_UNIT() );
#3984 = UNCERTAINTY_MEASURE_WITH_UNIT(LENGTH_MEASURE(1.E-07),#3981,
  'distance_accuracy_value','confusion accuracy');
#3985 = CONTEXT_DEPENDENT_SHAPE_REPRESENTATION(#3986,#3988);
#3986 = ( REPRESENTATION_RELATIONSHIP('','',#3826,#10)
REPRESENTATION_RELATIONSHIP_WITH_TRANSFORMATION(#3987)
SHAPE_REPRESENTATION_RELATIONSHIP() );
#3987 = ITEM_DEFINED_TRANSFORMATION('','',#11,#39);
#3988 = PRODUCT_DEFINITION_SHAPE('Placement','Placement of an item',
  #3989);
#3989 = NEXT_ASSEMBLY_USAGE_OCCURRENCE('7','','',#5,#3821,$);
#3990 = PRODUCT_RELATED_PRODUCT_CATEGORY('part',$,(#3823));
#3991 = SHAPE_DEFINITION_REPRESENTATION(#3992,#3998);
#3992 = PRODUCT_DEFINITION_SHAPE('','',#3993);
#3993 = PRODUCT_DEFINITION('design','',#3994,#3997);
#3994 = PRODUCT_DEFINITION_FORMATION('','',#3995);
#3995 = PRODUCT('Open CASCADE STEP translator 7.8 20.8',
  'Open CASCADE STEP translator 7.8 20.8','',(#3996));
#3996 = PRODUCT_CONTEXT('',#2,'mechanical');
#3997 = PRODUCT_DEFINITION_CONTEXT('part definition',#2,'design');
#3998 = ADVANCED_BREP_SHAPE_REPRESENTATION('',(#11,#3999),#4152);
#3999 = MANIFOLD_SOLID_BREP('',#4000);
#4000 = CLOSED_SHELL('',(#4001,#4089,#4144,#4148));
#4001 = ADVANCED_FACE('',(#4002),#4016,.T.);
#4002 = FACE_BOUND('',#4003,.F.);
#4003 = EDGE_LOOP('',(#4004,#4034,#4061,#4062));
#4004 = ORIENTED_EDGE('',*,*,#4005,.T.);
#4005 = EDGE_CURVE('',#4006,#4008,#4010,.T.);
#4006 = VERTEX_POINT('',#4007);
#4007 = CARTESIAN_POINT('',(-125.,40.,35.));
#4008 = VERTEX_POINT('',#4009);
#4009 = CARTESIAN_POINT('',(-125.,40.,45.));
#4010 = SEAM_CURVE('',#4011,(#4015,#4027),.PCURVE_S1.);
#4011 = LINE('',#4012,#4013);
#4012 = CARTESIAN_POINT('',(-125.,40.,35.));
#4013 = VECTOR('',#4014,1.);
#4014 = DIRECTION('',(0.,0.,1.));
#4015 = PCURVE('',#4016,#4021);
#4016 = CYLINDRICAL_SURFACE('',#4017,5.);
#4017 = AXIS2_PLACEMENT_3D('',#4018,#4019,#4020);
#4018 = CARTESIAN_POINT('',(-130.,40.,35.));
#4019 = DIRECTION('',(-0.,-0.,-1.));
#4020 = DIRECTION('',(1.,0.,0.));
#4021 = DEFINITIONAL_REPRESENTATION('',(#4022),#4026);
#4022 = LINE('',#4023,#4024);
#4023 = CARTESIAN_POINT('',(-0.,0.));
#4024 = VECTOR('',#4025,1.);
#4025 = DIRECTION('',(-0.,-1.));
#4026 = ( GEOMETRIC_REPRESENTATION_CONTEXT(2)
PARAMETRIC_REPRESENTATION_CONTEXT() REPRESENTATION_CONTEXT('2D SPACE',''
  ) );
#4027 = PCURVE('',#4016,#4028);
#4028 = DEFINITIONAL_REPRESENTATION('',(#4029),#4033);
#4029 = LINE('',#4030,#4031);
#4030 = CARTESIAN_POINT('',(-6.28318530718,0.));
#4031 = VECTOR('',#4032,1.);
#4032 = DIRECTION('',(-0.,-1.));
#4033 = ( GEOMETRIC_REPRESENTATION_CONTEXT(2)
PARAMETRIC_REPRESENTATION_CONTEXT() REPRESENTATION_CONTEXT('2D SPACE',''
  ) );
#4034 = ORIENTED_EDGE('',*,*,#4035,.T.);
#4035 = EDGE_CURVE('',#4008,#4008,#4036,.T.);
#4036 = SURFACE_CURVE('',#4037,(#4042,#4049),.PCURVE_S1.);
#4037 = CIRCLE('',#4038,5.);
#4038 = AXIS2_PLACEMENT_3D('',#4039,#4040,#4041);
#4039 = CARTESIAN_POINT('',(-130.,40.,45.));
#4040 = DIRECTION('',(0.,0.,1.));
#4041 = DIRECTION('',(1.,0.,0.));
#4042 = PCURVE('',#4016,#4043);
#4043 = DEFINITIONAL_REPRESENTATION('',(#4044),#4048);
#4044 = LINE('',#4045,#4046);
#4045 = CARTESIAN_POINT('',(-0.,-10.));
#4046 = VECTOR('',#4047,1.);
#4047 = DIRECTION('',(-1.,0.));
#4048 = ( GEOMETRIC_REPRESENTATION_CONTEXT(2)
PARAMETRIC_REPRESENTATION_CONTEXT() REPRESENTATION_CONTEXT('2D SPACE',''
  ) );
#4049 = PCURVE('',#4050,#4055);
#4050 = PLANE('',#4051);
#4051 = AXIS2_PLACEMENT_3D('',#4052,#4053,#4054);
#4052 = CARTESIAN_POINT('',(-130.,40.,45.));
#4053 = DIRECTION('',(0.,0.,1.));
#4054 = DIRECTION('',(1.,0.,-0.));
#4055 = DEFINITIONAL_REPRESENTATION('',(#4056),#4060);
#4056 = CIRCLE('',#4057,5.);
#4057 = AXIS2_PLACEMENT_2D('',#4058,#4059);
#4058 = CARTESIAN_POINT('',(0.,0.));
#4059 = DIRECTION('',(1.,0.));
#4060 = ( GEOMETRIC_REPRESENTATION_CONTEXT(2)
PARAMETRIC_REPRESENTATION_CONTEXT() REPRESENTATION_CONTEXT('2D SPACE',''
  ) );
#4061 = ORIENTED_EDGE('',*,*,#4005,.F.);
#4062 = ORIENTED_EDGE('',*,*,#4063,.F.);
#4063 = EDGE_CURVE('',#4006,#4006,#4064,.T.);
#4064 = SURFACE_CURVE('',#4065,(#4070,#4077),.PCURVE_S1.);
#4065 = CIRCLE('',#4066,5.);
#4066 = AXIS2_PLACEMENT_3D('',#4067,#4068,#4069);
#4067 = CARTESIAN_POINT('',(-130.,40.,35.));
#4068 = DIRECTION('',(0.,0.,1.));
#4069 = DIRECTION('',(1.,0.,0.));
#4070 = PCURVE('',#4016,#4071);
#4071 = DEFINITIONAL_REPRESENTATION('',(#4072),#4076);
#4072 = LINE('',#4073,#4074);
#4073 = CARTESIAN_POINT('',(-0.,0.));
#4074 = VECTOR('',#4075,1.);
#4075 = DIRECTION('',(-1.,0.));
#4076 = ( GEOMETRIC_REPRESENTATION_CONTEXT(2)
PARAMETRIC_REPRESENTATION_CONTEXT() REPRESENTATION_CONTEXT('2D SPACE',''
  ) );
#4077 = PCURVE('',#4078,#4083);
#4078 = CYLINDRICAL_SURFACE('',#4079,5.);
#4079 = AXIS2_PLACEMENT_3D('',#4080,#4081,#4082);
#4080 = CARTESIAN_POINT('',(-130.,40.,35.));
#4081 = DIRECTION('',(0.,0.,1.));
#4082 = DIRECTION('',(1.,0.,0.));
#4083 = DEFINITIONAL_REPRESENTATION('',(#4084),#4088);
#4084 = LINE('',#4085,#4086);
#4085 = CARTESIAN_POINT('',(0.,0.));
#4086 = VECTOR('',#4087,1.);
#4087 = DIRECTION('',(1.,0.));
#4088 = ( GEOMETRIC_REPRESENTATION_CONTEXT(2)
PARAMETRIC_REPRESENTATION_CONTEXT() REPRESENTATION_CONTEXT('2D SPACE',''
  ) );
#4089 = ADVANCED_FACE('',(#4090),#4078,.T.);
#4090 = FACE_BOUND('',#4091,.T.);
#4091 = EDGE_LOOP('',(#4092,#4115,#4142,#4143));
#4092 = ORIENTED_EDGE('',*,*,#4093,.T.);
#4093 = EDGE_CURVE('',#4006,#4094,#4096,.T.);
#4094 = VERTEX_POINT('',#4095);
#4095 = CARTESIAN_POINT('',(-125.,40.,25.));
#4096 = SEAM_CURVE('',#4097,(#4101,#4108),.PCURVE_S1.);
#4097 = LINE('',#4098,#4099);
#4098 = CARTESIAN_POINT('',(-125.,40.,35.));
#4099 = VECTOR('',#4100,1.);
#4100 = DIRECTION('',(-0.,-0.,-1.));
#4101 = PCURVE('',#4078,#4102);
#4102 = DEFINITIONAL_REPRESENTATION('',(#4103),#4107);
#4103 = LINE('',#4104,#4105);
#4104 = CARTESIAN_POINT('',(0.,0.));
#4105 = VECTOR('',#4106,1.);
#4106 = DIRECTION('',(0.,-1.));
#4107 = ( GEOMETRIC_REPRESENTATION_CONTEXT(2)
PARAMETRIC_REPRESENTATION_CONTEXT() REPRESENTATION_CONTEXT('2D SPACE',''
  ) );
#4108 = PCURVE('',#4078,#4109);
#4109 = DEFINITIONAL_REPRESENTATION('',(#4110),#4114);
#4110 = LINE('',#4111,#4112);
#4111 = CARTESIAN_POINT('',(6.28318530718,0.));
#4112 = VECTOR('',#4113,1.);
#4113 = DIRECTION('',(0.,-1.));
#4114 = ( GEOMETRIC_REPRESENTATION_CONTEXT(2)
PARAMETRIC_REPRESENTATION_CONTEXT() REPRESENTATION_CONTEXT('2D SPACE',''
  ) );
#4115 = ORIENTED_EDGE('',*,*,#4116,.T.);
#4116 = EDGE_CURVE('',#4094,#4094,#4117,.T.);
#4117 = SURFACE_CURVE('',#4118,(#4123,#4130),.PCURVE_S1.);
#4118 = CIRCLE('',#4119,5.);
#4119 = AXIS2_PLACEMENT_3D('',#4120,#4121,#4122);
#4120 = CARTESIAN_POINT('',(-130.,40.,25.));
#4121 = DIRECTION('',(0.,0.,1.));
#4122 = DIRECTION('',(1.,0.,0.));
#4123 = PCURVE('',#4078,#4124);
#4124 = DEFINITIONAL_REPRESENTATION('',(#4125),#4129);
#4125 = LINE('',#4126,#4127);
#4126 = CARTESIAN_POINT('',(0.,-10.));
#4127 = VECTOR('',#4128,1.);
#4128 = DIRECTION('',(1.,0.));
#4129 = ( GEOMETRIC_REPRESENTATION_CONTEXT(2)
PARAMETRIC_REPRESENTATION_CONTEXT() REPRESENTATION_CONTEXT('2D SPACE',''
  ) );
#4130 = PCURVE('',#4131,#4136);
#4131 = PLANE('',#4132);
#4132 = AXIS2_PLACEMENT_3D('',#4133,#4134,#4135);
#4133 = CARTESIAN_POINT('',(-130.,40.,25.));
#4134 = DIRECTION('',(0.,0.,1.));
#4135 = DIRECTION('',(1.,0.,-0.));
#4136 = DEFINITIONAL_REPRESENTATION('',(#4137),#4141);
#4137 = CIRCLE('',#4138,5.);
#4138 = AXIS2_PLACEMENT_2D('',#4139,#4140);
#4139 = CARTESIAN_POINT('',(0.,0.));
#4140 = DIRECTION('',(1.,0.));
#4141 = ( GEOMETRIC_REPRESENTATION_CONTEXT(2)
PARAMETRIC_REPRESENTATION_CONTEXT() REPRESENTATION_CONTEXT('2D SPACE',''
  ) );
#4142 = ORIENTED_EDGE('',*,*,#4093,.F.);
#4143 = ORIENTED_EDGE('',*,*,#4063,.F.);
#4144 = ADVANCED_FACE('',(#4145),#4050,.T.);
#4145 = FACE_BOUND('',#4146,.T.);
#4146 = EDGE_LOOP('',(#4147));
#4147 = ORIENTED_EDGE('',*,*,#4035,.T.);
#4148 = ADVANCED_FACE('',(#4149),#4131,.F.);
#4149 = FACE_BOUND('',#4150,.F.);
#4150 = EDGE_LOOP('',(#4151));
#4151 = ORIENTED_EDGE('',*,*,#4116,.T.);
#4152 = ( GEOMETRIC_REPRESENTATION_CONTEXT(3)
GLOBAL_UNCERTAINTY_ASSIGNED_CONTEXT((#4156))
GLOBAL_UNIT_ASSIGNED_CONTEXT((#4153,#4154,#4155)) REPRESENTATION_CONTEXT
('Context #1','3D Context with UNIT and UNCERTAINTY') );
#4153 = ( LENGTH_UNIT() NAMED_UNIT(*) SI_UNIT(.MILLI.,.METRE.) );
#4154 = ( NAMED_UNIT(*) PLANE_ANGLE_UNIT() SI_UNIT($,.RADIAN.) );
#4155 = ( NAMED_UNIT(*) SI_UNIT($,.STERADIAN.) SOLID_ANGLE_UNIT() );
#4156 = UNCERTAINTY_MEASURE_WITH_UNIT(LENGTH_MEASURE(1.E-07),#4153,
  'distance_accuracy_value','confusion accuracy');
#4157 = CONTEXT_DEPENDENT_SHAPE_REPRESENTATION(#4158,#4160);
#4158 = ( REPRESENTATION_RELATIONSHIP('','',#3998,#10)
REPRESENTATION_RELATIONSHIP_WITH_TRANSFORMATION(#4159)
SHAPE_REPRESENTATION_RELATIONSHIP() );
#4159 = ITEM_DEFINED_TRANSFORMATION('','',#11,#43);
#4160 = PRODUCT_DEFINITION_SHAPE('Placement','Placement of an item',
  #4161);
#4161 = NEXT_ASSEMBLY_USAGE_OCCURRENCE('8','','',#5,#3993,$);
#4162 = PRODUCT_RELATED_PRODUCT_CATEGORY('part',$,(#3995));
#4163 = SHAPE_DEFINITION_REPRESENTATION(#4164,#4170);
#4164 = PRODUCT_DEFINITION_SHAPE('','',#4165);
#4165 = PRODUCT_DEFINITION('design','',#4166,#4169);
#4166 = PRODUCT_DEFINITION_FORMATION('','',#4167);
#4167 = PRODUCT('Open CASCADE STEP translator 7.8 20.9',
  'Open CASCADE STEP translator 7.8 20.9','',(#4168));
#4168 = PRODUCT_CONTEXT('',#2,'mechanical');
#4169 = PRODUCT_DEFINITION_CONTEXT('part definition',#2,'design');
#4170 = ADVANCED_BREP_SHAPE_REPRESENTATION('',(#11,#4171),#4324);
#4171 = MANIFOLD_SOLID_BREP('',#4172);
#4172 = CLOSED_SHELL('',(#4173,#4261,#4316,#4320));
#4173 = ADVANCED_FACE('',(#4174),#4188,.T.);
#4174 = FACE_BOUND('',#4175,.F.);
#4175 = EDGE_LOOP('',(#4176,#4206,#4233,#4234));
#4176 = ORIENTED_EDGE('',*,*,#4177,.T.);
#4177 = EDGE_CURVE('',#4178,#4180,#4182,.T.);
#4178 = VERTEX_POINT('',#4179);
#4179 = CARTESIAN_POINT('',(-180.,-60.,35.));
#4180 = VERTEX_POINT('',#4181);
#4181 = CARTESIAN_POINT('',(-180.,-60.,45.));
#4182 = SEAM_CURVE('',#4183,(#4187,#4199),.PCURVE_S1.);
#4183 = LINE('',#4184,#4185);
#4184 = CARTESIAN_POINT('',(-180.,-60.,35.));
#4185 = VECTOR('',#4186,1.);
#4186 = DIRECTION('',(0.,0.,1.));
#4187 = PCURVE('',#4188,#4193);
#4188 = CYLINDRICAL_SURFACE('',#4189,5.);
#4189 = AXIS2_PLACEMENT_3D('',#4190,#4191,#4192);
#4190 = CARTESIAN_POINT('',(-185.,-60.,35.));
#4191 = DIRECTION('',(-0.,-0.,-1.));
#4192 = DIRECTION('',(1.,0.,0.));
#4193 = DEFINITIONAL_REPRESENTATION('',(#4194),#4198);
#4194 = LINE('',#4195,#4196);
#4195 = CARTESIAN_POINT('',(-0.,0.));
#4196 = VECTOR('',#4197,1.);
#4197 = DIRECTION('',(-0.,-1.));
#4198 = ( GEOMETRIC_REPRESENTATION_CONTEXT(2)
PARAMETRIC_REPRESENTATION_CONTEXT() REPRESENTATION_CONTEXT('2D SPACE',''
  ) );
#4199 = PCURVE('',#4188,#4200);
#4200 = DEFINITIONAL_REPRESENTATION('',(#4201),#4205);
#4201 = LINE('',#4202,#4203);
#4202 = CARTESIAN_POINT('',(-6.28318530718,0.));
#4203 = VECTOR('',#4204,1.);
#4204 = DIRECTION('',(-0.,-1.));
#4205 = ( GEOMETRIC_REPRESENTATION_CONTEXT(2)
PARAMETRIC_REPRESENTATION_CONTEXT() REPRESENTATION_CONTEXT('2D SPACE',''
  ) );
#4206 = ORIENTED_EDGE('',*,*,#4207,.T.);
#4207 = EDGE_CURVE('',#4180,#4180,#4208,.T.);
#4208 = SURFACE_CURVE('',#4209,(#4214,#4221),.PCURVE_S1.);
#4209 = CIRCLE('',#4210,5.);
#4210 = AXIS2_PLACEMENT_3D('',#4211,#4212,#4213);
#4211 = CARTESIAN_POINT('',(-185.,-60.,45.));
#4212 = DIRECTION('',(0.,0.,1.));
#4213 = DIRECTION('',(1.,0.,0.));
#4214 = PCURVE('',#4188,#4215);
#4215 = DEFINITIONAL_REPRESENTATION('',(#4216),#4220);
#4216 = LINE('',#4217,#4218);
#4217 = CARTESIAN_POINT('',(-0.,-10.));
#4218 = VECTOR('',#4219,1.);
#4219 = DIRECTION('',(-1.,0.));
#4220 = ( GEOMETRIC_REPRESENTATION_CONTEXT(2)
PARAMETRIC_REPRESENTATION_CONTEXT() REPRESENTATION_CONTEXT('2D SPACE',''
  ) );
#4221 = PCURVE('',#4222,#4227);
#4222 = PLANE('',#4223);
#4223 = AXIS2_PLACEMENT_3D('',#4224,#4225,#4226);
#4224 = CARTESIAN_POINT('',(-185.,-60.,45.));
#4225 = DIRECTION('',(0.,0.,1.));
#4226 = DIRECTION('',(1.,0.,-0.));
#4227 = DEFINITIONAL_REPRESENTATION('',(#4228),#4232);
#4228 = CIRCLE('',#4229,5.);
#4229 = AXIS2_PLACEMENT_2D('',#4230,#4231);
#4230 = CARTESIAN_POINT('',(0.,0.));
#4231 = DIRECTION('',(1.,0.));
#4232 = ( GEOMETRIC_REPRESENTATION_CONTEXT(2)
PARAMETRIC_REPRESENTATION_CONTEXT() REPRESENTATION_CONTEXT('2D SPACE',''
  ) );
#4233 = ORIENTED_EDGE('',*,*,#4177,.F.);
#4234 = ORIENTED_EDGE('',*,*,#4235,.F.);
#4235 = EDGE_CURVE('',#4178,#4178,#4236,.T.);
#4236 = SURFACE_CURVE('',#4237,(#4242,#4249),.PCURVE_S1.);
#4237 = CIRCLE('',#4238,5.);
#4238 = AXIS2_PLACEMENT_3D('',#4239,#4240,#4241);
#4239 = CARTESIAN_POINT('',(-185.,-60.,35.));
#4240 = DIRECTION('',(0.,0.,1.));
#4241 = DIRECTION('',(1.,0.,0.));
#4242 = PCURVE('',#4188,#4243);
#4243 = DEFINITIONAL_REPRESENTATION('',(#4244),#4248);
#4244 = LINE('',#4245,#4246);
#4245 = CARTESIAN_POINT('',(-0.,0.));
#4246 = VECTOR('',#4247,1.);
#4247 = DIRECTION('',(-1.,0.));
#4248 = ( GEOMETRIC_REPRESENTATION_CONTEXT(2)
PARAMETRIC_REPRESENTATION_CONTEXT() REPRESENTATION_CONTEXT('2D SPACE',''
  ) );
#4249 = PCURVE('',#4250,#4255);
#4250 = CYLINDRICAL_SURFACE('',#4251,5.);
#4251 = AXIS2_PLACEMENT_3D('',#4252,#4253,#4254);
#4252 = CARTESIAN_POINT('',(-185.,-60.,35.));
#4253 = DIRECTION('',(0.,0.,1.));
#4254 = DIRECTION('',(1.,0.,0.));
#4255 = DEFINITIONAL_REPRESENTATION('',(#4256),#4260);
#4256 = LINE('',#4257,#4258);
#4257 = CARTESIAN_POINT('',(0.,0.));
#4258 = VECTOR('',#4259,1.);
#4259 = DIRECTION('',(1.,0.));
#4260 = ( GEOMETRIC_REPRESENTATION_CONTEXT(2)
PARAMETRIC_REPRESENTATION_CONTEXT() REPRESENTATION_CONTEXT('2D SPACE',''
  ) );
#4261 = ADVANCED_FACE('',(#4262),#4250,.T.);
#4262 = FACE_BOUND('',#4263,.T.);
#4263 = EDGE_LOOP('',(#4264,#4287,#4314,#4315));
#4264 = ORIENTED_EDGE('',*,*,#4265,.T.);
#4265 = EDGE_CURVE('',#4178,#4266,#4268,.T.);
#4266 = VERTEX_POINT('',#4267);
#4267 = CARTESIAN_POINT('',(-180.,-60.,25.));
#4268 = SEAM_CURVE('',#4269,(#4273,#4280),.PCURVE_S1.);
#4269 = LINE('',#4270,#4271);
#4270 = CARTESIAN_POINT('',(-180.,-60.,35.));
#4271 = VECTOR('',#4272,1.);
#4272 = DIRECTION('',(-0.,-0.,-1.));
#4273 = PCURVE('',#4250,#4274);
#4274 = DEFINITIONAL_REPRESENTATION('',(#4275),#4279);
#4275 = LINE('',#4276,#4277);
#4276 = CARTESIAN_POINT('',(0.,0.));
#4277 = VECTOR('',#4278,1.);
#4278 = DIRECTION('',(0.,-1.));
#4279 = ( GEOMETRIC_REPRESENTATION_CONTEXT(2)
PARAMETRIC_REPRESENTATION_CONTEXT() REPRESENTATION_CONTEXT('2D SPACE',''
  ) );
#4280 = PCURVE('',#4250,#4281);
#4281 = DEFINITIONAL_REPRESENTATION('',(#4282),#4286);
#4282 = LINE('',#4283,#4284);
#4283 = CARTESIAN_POINT('',(6.28318530718,0.));
#4284 = VECTOR('',#4285,1.);
#4285 = DIRECTION('',(0.,-1.));
#4286 = ( GEOMETRIC_REPRESENTATION_CONTEXT(2)
PARAMETRIC_REPRESENTATION_CONTEXT() REPRESENTATION_CONTEXT('2D SPACE',''
  ) );
#4287 = ORIENTED_EDGE('',*,*,#4288,.T.);
#4288 = EDGE_CURVE('',#4266,#4266,#4289,.T.);
#4289 = SURFACE_CURVE('',#4290,(#4295,#4302),.PCURVE_S1.);
#4290 = CIRCLE('',#4291,5.);
#4291 = AXIS2_PLACEMENT_3D('',#4292,#4293,#4294);
#4292 = CARTESIAN_POINT('',(-185.,-60.,25.));
#4293 = DIRECTION('',(0.,0.,1.));
#4294 = DIRECTION('',(1.,0.,0.));
#4295 = PCURVE('',#4250,#4296);
#4296 = DEFINITIONAL_REPRESENTATION('',(#4297),#4301);
#4297 = LINE('',#4298,#4299);
#4298 = CARTESIAN_POINT('',(0.,-10.));
#4299 = VECTOR('',#4300,1.);
#4300 = DIRECTION('',(1.,0.));
#4301 = ( GEOMETRIC_REPRESENTATION_CONTEXT(2)
PARAMETRIC_REPRESENTATION_CONTEXT() REPRESENTATION_CONTEXT('2D SPACE',''
  ) );
#4302 = PCURVE('',#4303,#4308);
#4303 = PLANE('',#4304);
#4304 = AXIS2_PLACEMENT_3D('',#4305,#4306,#4307);
#4305 = CARTESIAN_POINT('',(-185.,-60.,25.));
#4306 = DIRECTION('',(0.,0.,1.));
#4307 = DIRECTION('',(1.,0.,-0.));
#4308 = DEFINITIONAL_REPRESENTATION('',(#4309),#4313);
#4309 = CIRCLE('',#4310,5.);
#4310 = AXIS2_PLACEMENT_2D('',#4311,#4312);
#4311 = CARTESIAN_POINT('',(0.,0.));
#4312 = DIRECTION('',(1.,0.));
#4313 = ( GEOMETRIC_REPRESENTATION_CONTEXT(2)
PARAMETRIC_REPRESENTATION_CONTEXT() REPRESENTATION_CONTEXT('2D SPACE',''
  ) );
#4314 = ORIENTED_EDGE('',*,*,#4265,.F.);
#4315 = ORIENTED_EDGE('',*,*,#4235,.F.);
#4316 = ADVANCED_FACE('',(#4317),#4222,.T.);
#4317 = FACE_BOUND('',#4318,.T.);
#4318 = EDGE_LOOP('',(#4319));
#4319 = ORIENTED_EDGE('',*,*,#4207,.T.);
#4320 = ADVANCED_FACE('',(#4321),#4303,.F.);
#4321 = FACE_BOUND('',#4322,.F.);
#4322 = EDGE_LOOP('',(#4323));
#4323 = ORIENTED_EDGE('',*,*,#4288,.T.);
#4324 = ( GEOMETRIC_REPRESENTATION_CONTEXT(3)
GLOBAL_UNCERTAINTY_ASSIGNED_CONTEXT((#4328))
GLOBAL_UNIT_ASSIGNED_CONTEXT((#4325,#4326,#4327)) REPRESENTATION_CONTEXT
('Context #1','3D Context with UNIT and UNCERTAINTY') );
#4325 = ( LENGTH_UNIT() NAMED_UNIT(*) SI_UNIT(.MILLI.,.METRE.) );
#4326 = ( NAMED_UNIT(*) PLANE_ANGLE_UNIT() SI_UNIT($,.RADIAN.) );
#4327 = ( NAMED_UNIT(*) SI_UNIT($,.STERADIAN.) SOLID_ANGLE_UNIT() );
#4328 = UNCERTAINTY_MEASURE_WITH_UNIT(LENGTH_MEASURE(1.E-07),#4325,
  'distance_accuracy_value','confusion accuracy');
#4329 = CONTEXT_DEPENDENT_SHAPE_REPRESENTATION(#4330,#4332);
#4330 = ( REPRESENTATION_RELATIONSHIP('','',#4170,#10)
REPRESENTATION_RELATIONSHIP_WITH_TRANSFORMATION(#4331)
SHAPE_REPRESENTATION_RELATIONSHIP() );
#4331 = ITEM_DEFINED_TRANSFORMATION('','',#11,#47);
#4332 = PRODUCT_DEFINITION_SHAPE('Placement','Placement of an item',
  #4333);
#4333 = NEXT_ASSEMBLY_USAGE_OCCURRENCE('9','','',#5,#4165,$);
#4334 = PRODUCT_RELATED_PRODUCT_CATEGORY('part',$,(#4167));
#4335 = SHAPE_DEFINITION_REPRESENTATION(#4336,#4342);
#4336 = PRODUCT_DEFINITION_SHAPE('','',#4337);
#4337 = PRODUCT_DEFINITION('design','',#4338,#4341);
#4338 = PRODUCT_DEFINITION_FORMATION('','',#4339);
#4339 = PRODUCT('Open CASCADE STEP translator 7.8 20.10',
  'Open CASCADE STEP translator 7.8 20.10','',(#4340));
#4340 = PRODUCT_CONTEXT('',#2,'mechanical');
#4341 = PRODUCT_DEFINITION_CONTEXT('part definition',#2,'design');
#4342 = ADVANCED_BREP_SHAPE_REPRESENTATION('',(#11,#4343),#4496);
#4343 = MANIFOLD_SOLID_BREP('',#4344);
#4344 = CLOSED_SHELL('',(#4345,#4433,#4488,#4492));
#4345 = ADVANCED_FACE('',(#4346),#4360,.T.);
#4346 = FACE_BOUND('',#4347,.F.);
#4347 = EDGE_LOOP('',(#4348,#4378,#4405,#4406));
#4348 = ORIENTED_EDGE('',*,*,#4349,.T.);
#4349 = EDGE_CURVE('',#4350,#4352,#4354,.T.);
#4350 = VERTEX_POINT('',#4351);
#4351 = CARTESIAN_POINT('',(-180.,40.,35.));
#4352 = VERTEX_POINT('',#4353);
#4353 = CARTESIAN_POINT('',(-180.,40.,45.));
#4354 = SEAM_CURVE('',#4355,(#4359,#4371),.PCURVE_S1.);
#4355 = LINE('',#4356,#4357);
#4356 = CARTESIAN_POINT('',(-180.,40.,35.));
#4357 = VECTOR('',#4358,1.);
#4358 = DIRECTION('',(0.,0.,1.));
#4359 = PCURVE('',#4360,#4365);
#4360 = CYLINDRICAL_SURFACE('',#4361,5.);
#4361 = AXIS2_PLACEMENT_3D('',#4362,#4363,#4364);
#4362 = CARTESIAN_POINT('',(-185.,40.,35.));
#4363 = DIRECTION('',(-0.,-0.,-1.));
#4364 = DIRECTION('',(1.,0.,0.));
#4365 = DEFINITIONAL_REPRESENTATION('',(#4366),#4370);
#4366 = LINE('',#4367,#4368);
#4367 = CARTESIAN_POINT('',(-0.,0.));
#4368 = VECTOR('',#4369,1.);
#4369 = DIRECTION('',(-0.,-1.));
#4370 = ( GEOMETRIC_REPRESENTATION_CONTEXT(2)
PARAMETRIC_REPRESENTATION_CONTEXT() REPRESENTATION_CONTEXT('2D SPACE',''
  ) );
#4371 = PCURVE('',#4360,#4372);
#4372 = DEFINITIONAL_REPRESENTATION('',(#4373),#4377);
#4373 = LINE('',#4374,#4375);
#4374 = CARTESIAN_POINT('',(-6.28318530718,0.));
#4375 = VECTOR('',#4376,1.);
#4376 = DIRECTION('',(-0.,-1.));
#4377 = ( GEOMETRIC_REPRESENTATION_CONTEXT(2)
PARAMETRIC_REPRESENTATION_CONTEXT() REPRESENTATION_CONTEXT('2D SPACE',''
  ) );
#4378 = ORIENTED_EDGE('',*,*,#4379,.T.);
#4379 = EDGE_CURVE('',#4352,#4352,#4380,.T.);
#4380 = SURFACE_CURVE('',#4381,(#4386,#4393),.PCURVE_S1.);
#4381 = CIRCLE('',#4382,5.);
#4382 = AXIS2_PLACEMENT_3D('',#4383,#4384,#4385);
#4383 = CARTESIAN_POINT('',(-185.,40.,45.));
#4384 = DIRECTION('',(0.,0.,1.));
#4385 = DIRECTION('',(1.,0.,0.));
#4386 = PCURVE('',#4360,#4387);
#4387 = DEFINITIONAL_REPRESENTATION('',(#4388),#4392);
#4388 = LINE('',#4389,#4390);
#4389 = CARTESIAN_POINT('',(-0.,-10.));
#4390 = VECTOR('',#4391,1.);
#4391 = DIRECTION('',(-1.,0.));
#4392 = ( GEOMETRIC_REPRESENTATION_CONTEXT(2)
PARAMETRIC_REPRESENTATION_CONTEXT() REPRESENTATION_CONTEXT('2D SPACE',''
  ) );
#4393 = PCURVE('',#4394,#4399);
#4394 = PLANE('',#4395);
#4395 = AXIS2_PLACEMENT_3D('',#4396,#4397,#4398);
#4396 = CARTESIAN_POINT('',(-185.,40.,45.));
#4397 = DIRECTION('',(0.,0.,1.));
#4398 = DIRECTION('',(1.,0.,-0.));
#4399 = DEFINITIONAL_REPRESENTATION('',(#4400),#4404);
#4400 = CIRCLE('',#4401,5.);
#4401 = AXIS2_PLACEMENT_2D('',#4402,#4403);
#4402 = CARTESIAN_POINT('',(0.,0.));
#4403 = DIRECTION('',(1.,0.));
#4404 = ( GEOMETRIC_REPRESENTATION_CONTEXT(2)
PARAMETRIC_REPRESENTATION_CONTEXT() REPRESENTATION_CONTEXT('2D SPACE',''
  ) );
#4405 = ORIENTED_EDGE('',*,*,#4349,.F.);
#4406 = ORIENTED_EDGE('',*,*,#4407,.F.);
#4407 = EDGE_CURVE('',#4350,#4350,#4408,.T.);
#4408 = SURFACE_CURVE('',#4409,(#4414,#4421),.PCURVE_S1.);
#4409 = CIRCLE('',#4410,5.);
#4410 = AXIS2_PLACEMENT_3D('',#4411,#4412,#4413);
#4411 = CARTESIAN_POINT('',(-185.,40.,35.));
#4412 = DIRECTION('',(0.,0.,1.));
#4413 = DIRECTION('',(1.,0.,0.));
#4414 = PCURVE('',#4360,#4415);
#4415 = DEFINITIONAL_REPRESENTATION('',(#4416),#4420);
#4416 = LINE('',#4417,#4418);
#4417 = CARTESIAN_POINT('',(-0.,0.));
#4418 = VECTOR('',#4419,1.);
#4419 = DIRECTION('',(-1.,0.));
#4420 = ( GEOMETRIC_REPRESENTATION_CONTEXT(2)
PARAMETRIC_REPRESENTATION_CONTEXT() REPRESENTATION_CONTEXT('2D SPACE',''
  ) );
#4421 = PCURVE('',#4422,#4427);
#4422 = CYLINDRICAL_SURFACE('',#4423,5.);
#4423 = AXIS2_PLACEMENT_3D('',#4424,#4425,#4426);
#4424 = CARTESIAN_POINT('',(-185.,40.,35.));
#4425 = DIRECTION('',(0.,0.,1.));
#4426 = DIRECTION('',(1.,0.,0.));
#4427 = DEFINITIONAL_REPRESENTATION('',(#4428),#4432);
#4428 = LINE('',#4429,#4430);
#4429 = CARTESIAN_POINT('',(0.,0.));
#4430 = VECTOR('',#4431,1.);
#4431 = DIRECTION('',(1.,0.));
#4432 = ( GEOMETRIC_REPRESENTATION_CONTEXT(2)
PARAMETRIC_REPRESENTATION_CONTEXT() REPRESENTATION_CONTEXT('2D SPACE',''
  ) );
#4433 = ADVANCED_FACE('',(#4434),#4422,.T.);
#4434 = FACE_BOUND('',#4435,.T.);
#4435 = EDGE_LOOP('',(#4436,#4459,#4486,#4487));
#4436 = ORIENTED_EDGE('',*,*,#4437,.T.);
#4437 = EDGE_CURVE('',#4350,#4438,#4440,.T.);
#4438 = VERTEX_POINT('',#4439);
#4439 = CARTESIAN_POINT('',(-180.,40.,25.));
#4440 = SEAM_CURVE('',#4441,(#4445,#4452),.PCURVE_S1.);
#4441 = LINE('',#4442,#4443);
#4442 = CARTESIAN_POINT('',(-180.,40.,35.));
#4443 = VECTOR('',#4444,1.);
#4444 = DIRECTION('',(-0.,-0.,-1.));
#4445 = PCURVE('',#4422,#4446);
#4446 = DEFINITIONAL_REPRESENTATION('',(#4447),#4451);
#4447 = LINE('',#4448,#4449);
#4448 = CARTESIAN_POINT('',(0.,0.));
#4449 = VECTOR('',#4450,1.);
#4450 = DIRECTION('',(0.,-1.));
#4451 = ( GEOMETRIC_REPRESENTATION_CONTEXT(2)
PARAMETRIC_REPRESENTATION_CONTEXT() REPRESENTATION_CONTEXT('2D SPACE',''
  ) );
#4452 = PCURVE('',#4422,#4453);
#4453 = DEFINITIONAL_REPRESENTATION('',(#4454),#4458);
#4454 = LINE('',#4455,#4456);
#4455 = CARTESIAN_POINT('',(6.28318530718,0.));
#4456 = VECTOR('',#4457,1.);
#4457 = DIRECTION('',(0.,-1.));
#4458 = ( GEOMETRIC_REPRESENTATION_CONTEXT(2)
PARAMETRIC_REPRESENTATION_CONTEXT() REPRESENTATION_CONTEXT('2D SPACE',''
  ) );
#4459 = ORIENTED_EDGE('',*,*,#4460,.T.);
#4460 = EDGE_CURVE('',#4438,#4438,#4461,.T.);
#4461 = SURFACE_CURVE('',#4462,(#4467,#4474),.PCURVE_S1.);
#4462 = CIRCLE('',#4463,5.);
#4463 = AXIS2_PLACEMENT_3D('',#4464,#4465,#4466);
#4464 = CARTESIAN_POINT('',(-185.,40.,25.));
#4465 = DIRECTION('',(0.,0.,1.));
#4466 = DIRECTION('',(1.,0.,0.));
#4467 = PCURVE('',#4422,#4468);
#4468 = DEFINITIONAL_REPRESENTATION('',(#4469),#4473);
#4469 = LINE('',#4470,#4471);
#4470 = CARTESIAN_POINT('',(0.,-10.));
#4471 = VECTOR('',#4472,1.);
#4472 = DIRECTION('',(1.,0.));
#4473 = ( GEOMETRIC_REPRESENTATION_CONTEXT(2)
PARAMETRIC_REPRESENTATION_CONTEXT() REPRESENTATION_CONTEXT('2D SPACE',''
  ) );
#4474 = PCURVE('',#4475,#4480);
#4475 = PLANE('',#4476);
#4476 = AXIS2_PLACEMENT_3D('',#4477,#4478,#4479);
#4477 = CARTESIAN_POINT('',(-185.,40.,25.));
#4478 = DIRECTION('',(0.,0.,1.));
#4479 = DIRECTION('',(1.,0.,-0.));
#4480 = DEFINITIONAL_REPRESENTATION('',(#4481),#4485);
#4481 = CIRCLE('',#4482,5.);
#4482 = AXIS2_PLACEMENT_2D('',#4483,#4484);
#4483 = CARTESIAN_POINT('',(0.,0.));
#4484 = DIRECTION('',(1.,0.));
#4485 = ( GEOMETRIC_REPRESENTATION_CONTEXT(2)
PARAMETRIC_REPRESENTATION_CONTEXT() REPRESENTATION_CONTEXT('2D SPACE',''
  ) );
#4486 = ORIENTED_EDGE('',*,*,#4437,.F.);
#4487 = ORIENTED_EDGE('',*,*,#4407,.F.);
#4488 = ADVANCED_FACE('',(#4489),#4394,.T.);
#4489 = FACE_BOUND('',#4490,.T.);
#4490 = EDGE_LOOP('',(#4491));
#4491 = ORIENTED_EDGE('',*,*,#4379,.T.);
#4492 = ADVANCED_FACE('',(#4493),#4475,.F.);
#4493 = FACE_BOUND('',#4494,.F.);
#4494 = EDGE_LOOP('',(#4495));
#4495 = ORIENTED_EDGE('',*,*,#4460,.T.);
#4496 = ( GEOMETRIC_REPRESENTATION_CONTEXT(3)
GLOBAL_UNCERTAINTY_ASSIGNED_CONTEXT((#4500))
GLOBAL_UNIT_ASSIGNED_CONTEXT((#4497,#4498,#4499)) REPRESENTATION_CONTEXT
('Context #1','3D Context with UNIT and UNCERTAINTY') );
#4497 = ( LENGTH_UNIT() NAMED_UNIT(*) SI_UNIT(.MILLI.,.METRE.) );
#4498 = ( NAMED_UNIT(*) PLANE_ANGLE_UNIT() SI_UNIT($,.RADIAN.) );
#4499 = ( NAMED_UNIT(*) SI_UNIT($,.STERADIAN.) SOLID_ANGLE_UNIT() );
#4500 = UNCERTAINTY_MEASURE_WITH_UNIT(LENGTH_MEASURE(1.E-07),#4497,
  'distance_accuracy_value','confusion accuracy');
#4501 = CONTEXT_DEPENDENT_SHAPE_REPRESENTATION(#4502,#4504);
#4502 = ( REPRESENTATION_RELATIONSHIP('','',#4342,#10)
REPRESENTATION_RELATIONSHIP_WITH_TRANSFORMATION(#4503)
SHAPE_REPRESENTATION_RELATIONSHIP() );
#4503 = ITEM_DEFINED_TRANSFORMATION('','',#11,#51);
#4504 = PRODUCT_DEFINITION_SHAPE('Placement','Placement of an item',
  #4505);
#4505 = NEXT_ASSEMBLY_USAGE_OCCURRENCE('10','','',#5,#4337,$);
#4506 = PRODUCT_RELATED_PRODUCT_CATEGORY('part',$,(#4339));
#4507 = SHAPE_DEFINITION_REPRESENTATION(#4508,#4514);
#4508 = PRODUCT_DEFINITION_SHAPE('','',#4509);
#4509 = PRODUCT_DEFINITION('design','',#4510,#4513);
#4510 = PRODUCT_DEFINITION_FORMATION('','',#4511);
#4511 = PRODUCT('Open CASCADE STEP translator 7.8 20.11',
  'Open CASCADE STEP translator 7.8 20.11','',(#4512));
#4512 = PRODUCT_CONTEXT('',#2,'mechanical');
#4513 = PRODUCT_DEFINITION_CONTEXT('part definition',#2,'design');
#4514 = ADVANCED_BREP_SHAPE_REPRESENTATION('',(#11,#4515),#5097);
#4515 = MANIFOLD_SOLID_BREP('',#4516);
#4516 = CLOSED_SHELL('',(#4517,#4637,#4713,#4855,#4904,#5009,#5016,#5043
    ,#5070));
#4517 = ADVANCED_FACE('',(#4518),#4532,.F.);
#4518 = FACE_BOUND('',#4519,.F.);
#4519 = EDGE_LOOP('',(#4520,#4555,#4583,#4611));
#4520 = ORIENTED_EDGE('',*,*,#4521,.F.);
#4521 = EDGE_CURVE('',#4522,#4524,#4526,.T.);
#4522 = VERTEX_POINT('',#4523);
#4523 = CARTESIAN_POINT('',(-240.,-44.,35.));
#4524 = VERTEX_POINT('',#4525);
#4525 = CARTESIAN_POINT('',(-240.,-36.,35.));
#4526 = SURFACE_CURVE('',#4527,(#4531,#4543),.PCURVE_S1.);
#4527 = LINE('',#4528,#4529);
#4528 = CARTESIAN_POINT('',(-240.,-44.,35.));
#4529 = VECTOR('',#4530,1.);
#4530 = DIRECTION('',(0.,1.,0.));
#4531 = PCURVE('',#4532,#4537);
#4532 = PLANE('',#4533);
#4533 = AXIS2_PLACEMENT_3D('',#4534,#4535,#4536);
#4534 = CARTESIAN_POINT('',(-240.,-40.,35.));
#4535 = DIRECTION('',(-0.,0.,1.));
#4536 = DIRECTION('',(1.,0.,0.));
#4537 = DEFINITIONAL_REPRESENTATION('',(#4538),#4542);
#4538 = LINE('',#4539,#4540);
#4539 = CARTESIAN_POINT('',(0.,-4.));
#4540 = VECTOR('',#4541,1.);
#4541 = DIRECTION('',(0.,1.));
#4542 = ( GEOMETRIC_REPRESENTATION_CONTEXT(2)
PARAMETRIC_REPRESENTATION_CONTEXT() REPRESENTATION_CONTEXT('2D SPACE',''
  ) );
#4543 = PCURVE('',#4544,#4549);
#4544 = PLANE('',#4545);
#4545 = AXIS2_PLACEMENT_3D('',#4546,#4547,#4548);
#4546 = CARTESIAN_POINT('',(-240.,-40.,105.));
#4547 = DIRECTION('',(1.,0.,0.));
#4548 = DIRECTION('',(0.,0.,-1.));
#4549 = DEFINITIONAL_REPRESENTATION('',(#4550),#4554);
#4550 = LINE('',#4551,#4552);
#4551 = CARTESIAN_POINT('',(70.,-4.));
#4552 = VECTOR('',#4553,1.);
#4553 = DIRECTION('',(0.,1.));
#4554 = ( GEOMETRIC_REPRESENTATION_CONTEXT(2)
PARAMETRIC_REPRESENTATION_CONTEXT() REPRESENTATION_CONTEXT('2D SPACE',''
  ) );
#4555 = ORIENTED_EDGE('',*,*,#4556,.T.);
#4556 = EDGE_CURVE('',#4522,#4557,#4559,.T.);
#4557 = VERTEX_POINT('',#4558);
#4558 = CARTESIAN_POINT('',(-170.,-44.,35.));
#4559 = SURFACE_CURVE('',#4560,(#4564,#4571),.PCURVE_S1.);
#4560 = LINE('',#4561,#4562);
#4561 = CARTESIAN_POINT('',(-240.,-44.,35.));
#4562 = VECTOR('',#4563,1.);
#4563 = DIRECTION('',(1.,0.,0.));
#4564 = PCURVE('',#4532,#4565);
#4565 = DEFINITIONAL_REPRESENTATION('',(#4566),#4570);
#4566 = LINE('',#4567,#4568);
#4567 = CARTESIAN_POINT('',(0.,-4.));
#4568 = VECTOR('',#4569,1.);
#4569 = DIRECTION('',(1.,0.));
#4570 = ( GEOMETRIC_REPRESENTATION_CONTEXT(2)
PARAMETRIC_REPRESENTATION_CONTEXT() REPRESENTATION_CONTEXT('2D SPACE',''
  ) );
#4571 = PCURVE('',#4572,#4577);
#4572 = PLANE('',#4573);
#4573 = AXIS2_PLACEMENT_3D('',#4574,#4575,#4576);
#4574 = CARTESIAN_POINT('',(-205.,-44.,70.));
#4575 = DIRECTION('',(-0.,-1.,-0.));
#4576 = DIRECTION('',(0.,0.,-1.));
#4577 = DEFINITIONAL_REPRESENTATION('',(#4578),#4582);
#4578 = LINE('',#4579,#4580);
#4579 = CARTESIAN_POINT('',(35.,-35.));
#4580 = VECTOR('',#4581,1.);
#4581 = DIRECTION('',(0.,1.));
#4582 = ( GEOMETRIC_REPRESENTATION_CONTEXT(2)
PARAMETRIC_REPRESENTATION_CONTEXT() REPRESENTATION_CONTEXT('2D SPACE',''
  ) );
#4583 = ORIENTED_EDGE('',*,*,#4584,.F.);
#4584 = EDGE_CURVE('',#4585,#4557,#4587,.T.);
#4585 = VERTEX_POINT('',#4586);
#4586 = CARTESIAN_POINT('',(-170.,-36.,35.));
#4587 = SURFACE_CURVE('',#4588,(#4592,#4599),.PCURVE_S1.);
#4588 = LINE('',#4589,#4590);
#4589 = CARTESIAN_POINT('',(-170.,-36.,35.));
#4590 = VECTOR('',#4591,1.);
#4591 = DIRECTION('',(0.,-1.,0.));
#4592 = PCURVE('',#4532,#4593);
#4593 = DEFINITIONAL_REPRESENTATION('',(#4594),#4598);
#4594 = LINE('',#4595,#4596);
#4595 = CARTESIAN_POINT('',(70.,4.));
#4596 = VECTOR('',#4597,1.);
#4597 = DIRECTION('',(0.,-1.));
#4598 = ( GEOMETRIC_REPRESENTATION_CONTEXT(2)
PARAMETRIC_REPRESENTATION_CONTEXT() REPRESENTATION_CONTEXT('2D SPACE',''
  ) );
#4599 = PCURVE('',#4600,#4605);
#4600 = PLANE('',#4601);
#4601 = AXIS2_PLACEMENT_3D('',#4602,#4603,#4604);
#4602 = CARTESIAN_POINT('',(-170.,-40.,35.));
#4603 = DIRECTION('',(-1.,0.,0.));
#4604 = DIRECTION('',(0.,0.,1.));
#4605 = DEFINITIONAL_REPRESENTATION('',(#4606),#4610);
#4606 = LINE('',#4607,#4608);
#4607 = CARTESIAN_POINT('',(0.,4.));
#4608 = VECTOR('',#4609,1.);
#4609 = DIRECTION('',(0.,-1.));
#4610 = ( GEOMETRIC_REPRESENTATION_CONTEXT(2)
PARAMETRIC_REPRESENTATION_CONTEXT() REPRESENTATION_CONTEXT('2D SPACE',''
  ) );
#4611 = ORIENTED_EDGE('',*,*,#4612,.F.);
#4612 = EDGE_CURVE('',#4524,#4585,#4613,.T.);
#4613 = SURFACE_CURVE('',#4614,(#4618,#4625),.PCURVE_S1.);
#4614 = LINE('',#4615,#4616);
#4615 = CARTESIAN_POINT('',(-240.,-36.,35.));
#4616 = VECTOR('',#4617,1.);
#4617 = DIRECTION('',(1.,0.,0.));
#4618 = PCURVE('',#4532,#4619);
#4619 = DEFINITIONAL_REPRESENTATION('',(#4620),#4624);
#4620 = LINE('',#4621,#4622);
#4621 = CARTESIAN_POINT('',(0.,4.));
#4622 = VECTOR('',#4623,1.);
#4623 = DIRECTION('',(1.,0.));
#4624 = ( GEOMETRIC_REPRESENTATION_CONTEXT(2)
PARAMETRIC_REPRESENTATION_CONTEXT() REPRESENTATION_CONTEXT('2D SPACE',''
  ) );
#4625 = PCURVE('',#4626,#4631);
#4626 = PLANE('',#4627);
#4627 = AXIS2_PLACEMENT_3D('',#4628,#4629,#4630);
#4628 = CARTESIAN_POINT('',(-205.,-36.,70.));
#4629 = DIRECTION('',(-0.,-1.,-0.));
#4630 = DIRECTION('',(0.,0.,-1.));
#4631 = DEFINITIONAL_REPRESENTATION('',(#4632),#4636);
#4632 = LINE('',#4633,#4634);
#4633 = CARTESIAN_POINT('',(35.,-35.));
#4634 = VECTOR('',#4635,1.);
#4635 = DIRECTION('',(0.,1.));
#4636 = ( GEOMETRIC_REPRESENTATION_CONTEXT(2)
PARAMETRIC_REPRESENTATION_CONTEXT() REPRESENTATION_CONTEXT('2D SPACE',''
  ) );
#4637 = ADVANCED_FACE('',(#4638),#4544,.F.);
#4638 = FACE_BOUND('',#4639,.F.);
#4639 = EDGE_LOOP('',(#4640,#4670,#4691,#4692));
#4640 = ORIENTED_EDGE('',*,*,#4641,.F.);
#4641 = EDGE_CURVE('',#4642,#4644,#4646,.T.);
#4642 = VERTEX_POINT('',#4643);
#4643 = CARTESIAN_POINT('',(-240.,-44.,105.));
#4644 = VERTEX_POINT('',#4645);
#4645 = CARTESIAN_POINT('',(-240.,-36.,105.));
#4646 = SURFACE_CURVE('',#4647,(#4651,#4658),.PCURVE_S1.);
#4647 = LINE('',#4648,#4649);
#4648 = CARTESIAN_POINT('',(-240.,-44.,105.));
#4649 = VECTOR('',#4650,1.);
#4650 = DIRECTION('',(0.,1.,0.));
#4651 = PCURVE('',#4544,#4652);
#4652 = DEFINITIONAL_REPRESENTATION('',(#4653),#4657);
#4653 = LINE('',#4654,#4655);
#4654 = CARTESIAN_POINT('',(0.,-4.));
#4655 = VECTOR('',#4656,1.);
#4656 = DIRECTION('',(0.,1.));
#4657 = ( GEOMETRIC_REPRESENTATION_CONTEXT(2)
PARAMETRIC_REPRESENTATION_CONTEXT() REPRESENTATION_CONTEXT('2D SPACE',''
  ) );
#4658 = PCURVE('',#4659,#4664);
#4659 = PLANE('',#4660);
#4660 = AXIS2_PLACEMENT_3D('',#4661,#4662,#4663);
#4661 = CARTESIAN_POINT('',(-170.,-40.,105.));
#4662 = DIRECTION('',(-0.,-0.,-1.));
#4663 = DIRECTION('',(-1.,0.,0.));
#4664 = DEFINITIONAL_REPRESENTATION('',(#4665),#4669);
#4665 = LINE('',#4666,#4667);
#4666 = CARTESIAN_POINT('',(70.,-4.));
#4667 = VECTOR('',#4668,1.);
#4668 = DIRECTION('',(0.,1.));
#4669 = ( GEOMETRIC_REPRESENTATION_CONTEXT(2)
PARAMETRIC_REPRESENTATION_CONTEXT() REPRESENTATION_CONTEXT('2D SPACE',''
  ) );
#4670 = ORIENTED_EDGE('',*,*,#4671,.T.);
#4671 = EDGE_CURVE('',#4642,#4522,#4672,.T.);
#4672 = SURFACE_CURVE('',#4673,(#4677,#4684),.PCURVE_S1.);
#4673 = LINE('',#4674,#4675);
#4674 = CARTESIAN_POINT('',(-240.,-44.,105.));
#4675 = VECTOR('',#4676,1.);
#4676 = DIRECTION('',(0.,0.,-1.));
#4677 = PCURVE('',#4544,#4678);
#4678 = DEFINITIONAL_REPRESENTATION('',(#4679),#4683);
#4679 = LINE('',#4680,#4681);
#4680 = CARTESIAN_POINT('',(0.,-4.));
#4681 = VECTOR('',#4682,1.);
#4682 = DIRECTION('',(1.,0.));
#4683 = ( GEOMETRIC_REPRESENTATION_CONTEXT(2)
PARAMETRIC_REPRESENTATION_CONTEXT() REPRESENTATION_CONTEXT('2D SPACE',''
  ) );
#4684 = PCURVE('',#4572,#4685);
#4685 = DEFINITIONAL_REPRESENTATION('',(#4686),#4690);
#4686 = LINE('',#4687,#4688);
#4687 = CARTESIAN_POINT('',(-35.,-35.));
#4688 = VECTOR('',#4689,1.);
#4689 = DIRECTION('',(1.,0.));
#4690 = ( GEOMETRIC_REPRESENTATION_CONTEXT(2)
PARAMETRIC_REPRESENTATION_CONTEXT() REPRESENTATION_CONTEXT('2D SPACE',''
  ) );
#4691 = ORIENTED_EDGE('',*,*,#4521,.T.);
#4692 = ORIENTED_EDGE('',*,*,#4693,.F.);
#4693 = EDGE_CURVE('',#4644,#4524,#4694,.T.);
#4694 = SURFACE_CURVE('',#4695,(#4699,#4706),.PCURVE_S1.);
#4695 = LINE('',#4696,#4697);
#4696 = CARTESIAN_POINT('',(-240.,-36.,105.));
#4697 = VECTOR('',#4698,1.);
#4698 = DIRECTION('',(0.,0.,-1.));
#4699 = PCURVE('',#4544,#4700);
#4700 = DEFINITIONAL_REPRESENTATION('',(#4701),#4705);
#4701 = LINE('',#4702,#4703);
#4702 = CARTESIAN_POINT('',(0.,4.));
#4703 = VECTOR('',#4704,1.);
#4704 = DIRECTION('',(1.,0.));
#4705 = ( GEOMETRIC_REPRESENTATION_CONTEXT(2)
PARAMETRIC_REPRESENTATION_CONTEXT() REPRESENTATION_CONTEXT('2D SPACE',''
  ) );
#4706 = PCURVE('',#4626,#4707);
#4707 = DEFINITIONAL_REPRESENTATION('',(#4708),#4712);
#4708 = LINE('',#4709,#4710);
#4709 = CARTESIAN_POINT('',(-35.,-35.));
#4710 = VECTOR('',#4711,1.);
#4711 = DIRECTION('',(1.,0.));
#4712 = ( GEOMETRIC_REPRESENTATION_CONTEXT(2)
PARAMETRIC_REPRESENTATION_CONTEXT() REPRESENTATION_CONTEXT('2D SPACE',''
  ) );
#4713 = ADVANCED_FACE('',(#4714,#4762,#4793,#4824),#4572,.T.);
#4714 = FACE_BOUND('',#4715,.T.);
#4715 = EDGE_LOOP('',(#4716,#4717,#4740,#4761));
#4716 = ORIENTED_EDGE('',*,*,#4556,.T.);
#4717 = ORIENTED_EDGE('',*,*,#4718,.T.);
#4718 = EDGE_CURVE('',#4557,#4719,#4721,.T.);
#4719 = VERTEX_POINT('',#4720);
#4720 = CARTESIAN_POINT('',(-170.,-44.,105.));
#4721 = SURFACE_CURVE('',#4722,(#4726,#4733),.PCURVE_S1.);
#4722 = LINE('',#4723,#4724);
#4723 = CARTESIAN_POINT('',(-170.,-44.,35.));
#4724 = VECTOR('',#4725,1.);
#4725 = DIRECTION('',(0.,0.,1.));
#4726 = PCURVE('',#4572,#4727);
#4727 = DEFINITIONAL_REPRESENTATION('',(#4728),#4732);
#4728 = LINE('',#4729,#4730);
#4729 = CARTESIAN_POINT('',(35.,35.));
#4730 = VECTOR('',#4731,1.);
#4731 = DIRECTION('',(-1.,0.));
#4732 = ( GEOMETRIC_REPRESENTATION_CONTEXT(2)
PARAMETRIC_REPRESENTATION_CONTEXT() REPRESENTATION_CONTEXT('2D SPACE',''
  ) );
#4733 = PCURVE('',#4600,#4734);
#4734 = DEFINITIONAL_REPRESENTATION('',(#4735),#4739);
#4735 = LINE('',#4736,#4737);
#4736 = CARTESIAN_POINT('',(0.,-4.));
#4737 = VECTOR('',#4738,1.);
#4738 = DIRECTION('',(1.,0.));
#4739 = ( GEOMETRIC_REPRESENTATION_CONTEXT(2)
PARAMETRIC_REPRESENTATION_CONTEXT() REPRESENTATION_CONTEXT('2D SPACE',''
  ) );
#4740 = ORIENTED_EDGE('',*,*,#4741,.T.);
#4741 = EDGE_CURVE('',#4719,#4642,#4742,.T.);
#4742 = SURFACE_CURVE('',#4743,(#4747,#4754),.PCURVE_S1.);
#4743 = LINE('',#4744,#4745);
#4744 = CARTESIAN_POINT('',(-170.,-44.,105.));
#4745 = VECTOR('',#4746,1.);
#4746 = DIRECTION('',(-1.,0.,0.));
#4747 = PCURVE('',#4572,#4748);
#4748 = DEFINITIONAL_REPRESENTATION('',(#4749),#4753);
#4749 = LINE('',#4750,#4751);
#4750 = CARTESIAN_POINT('',(-35.,35.));
#4751 = VECTOR('',#4752,1.);
#4752 = DIRECTION('',(0.,-1.));
#4753 = ( GEOMETRIC_REPRESENTATION_CONTEXT(2)
PARAMETRIC_REPRESENTATION_CONTEXT() REPRESENTATION_CONTEXT('2D SPACE',''
  ) );
#4754 = PCURVE('',#4659,#4755);
#4755 = DEFINITIONAL_REPRESENTATION('',(#4756),#4760);
#4756 = LINE('',#4757,#4758);
#4757 = CARTESIAN_POINT('',(0.,-4.));
#4758 = VECTOR('',#4759,1.);
#4759 = DIRECTION('',(1.,0.));
#4760 = ( GEOMETRIC_REPRESENTATION_CONTEXT(2)
PARAMETRIC_REPRESENTATION_CONTEXT() REPRESENTATION_CONTEXT('2D SPACE',''
  ) );
#4761 = ORIENTED_EDGE('',*,*,#4671,.T.);
#4762 = FACE_BOUND('',#4763,.T.);
#4763 = EDGE_LOOP('',(#4764));
#4764 = ORIENTED_EDGE('',*,*,#4765,.F.);
#4765 = EDGE_CURVE('',#4766,#4766,#4768,.T.);
#4766 = VERTEX_POINT('',#4767);
#4767 = CARTESIAN_POINT('',(-221.7,-44.,42.5));
#4768 = SURFACE_CURVE('',#4769,(#4774,#4781),.PCURVE_S1.);
#4769 = CIRCLE('',#4770,3.3);
#4770 = AXIS2_PLACEMENT_3D('',#4771,#4772,#4773);
#4771 = CARTESIAN_POINT('',(-225.,-44.,42.5));
#4772 = DIRECTION('',(0.,-1.,0.));
#4773 = DIRECTION('',(1.,0.,0.));
#4774 = PCURVE('',#4572,#4775);
#4775 = DEFINITIONAL_REPRESENTATION('',(#4776),#4780);
#4776 = CIRCLE('',#4777,3.3);
#4777 = AXIS2_PLACEMENT_2D('',#4778,#4779);
#4778 = CARTESIAN_POINT('',(27.5,-20.));
#4779 = DIRECTION('',(0.,1.));
#4780 = ( GEOMETRIC_REPRESENTATION_CONTEXT(2)
PARAMETRIC_REPRESENTATION_CONTEXT() REPRESENTATION_CONTEXT('2D SPACE',''
  ) );
#4781 = PCURVE('',#4782,#4787);
#4782 = CYLINDRICAL_SURFACE('',#4783,3.3);
#4783 = AXIS2_PLACEMENT_3D('',#4784,#4785,#4786);
#4784 = CARTESIAN_POINT('',(-225.,-36.,42.5));
#4785 = DIRECTION('',(0.,-1.,0.));
#4786 = DIRECTION('',(1.,0.,0.));
#4787 = DEFINITIONAL_REPRESENTATION('',(#4788),#4792);
#4788 = LINE('',#4789,#4790);
#4789 = CARTESIAN_POINT('',(0.,8.));
#4790 = VECTOR('',#4791,1.);
#4791 = DIRECTION('',(1.,0.));
#4792 = ( GEOMETRIC_REPRESENTATION_CONTEXT(2)
PARAMETRIC_REPRESENTATION_CONTEXT() REPRESENTATION_CONTEXT('2D SPACE',''
  ) );
#4793 = FACE_BOUND('',#4794,.T.);
#4794 = EDGE_LOOP('',(#4795));
#4795 = ORIENTED_EDGE('',*,*,#4796,.F.);
#4796 = EDGE_CURVE('',#4797,#4797,#4799,.T.);
#4797 = VERTEX_POINT('',#4798);
#4798 = CARTESIAN_POINT('',(-187.5,-44.,70.));
#4799 = SURFACE_CURVE('',#4800,(#4805,#4812),.PCURVE_S1.);
#4800 = CIRCLE('',#4801,17.5);
#4801 = AXIS2_PLACEMENT_3D('',#4802,#4803,#4804);
#4802 = CARTESIAN_POINT('',(-205.,-44.,70.));
#4803 = DIRECTION('',(0.,-1.,0.));
#4804 = DIRECTION('',(1.,0.,0.));
#4805 = PCURVE('',#4572,#4806);
#4806 = DEFINITIONAL_REPRESENTATION('',(#4807),#4811);
#4807 = CIRCLE('',#4808,17.5);
#4808 = AXIS2_PLACEMENT_2D('',#4809,#4810);
#4809 = CARTESIAN_POINT('',(0.,0.));
#4810 = DIRECTION('',(0.,1.));
#4811 = ( GEOMETRIC_REPRESENTATION_CONTEXT(2)
PARAMETRIC_REPRESENTATION_CONTEXT() REPRESENTATION_CONTEXT('2D SPACE',''
  ) );
#4812 = PCURVE('',#4813,#4818);
#4813 = CYLINDRICAL_SURFACE('',#4814,17.5);
#4814 = AXIS2_PLACEMENT_3D('',#4815,#4816,#4817);
#4815 = CARTESIAN_POINT('',(-205.,-36.,70.));
#4816 = DIRECTION('',(0.,-1.,0.));
#4817 = DIRECTION('',(1.,0.,0.));
#4818 = DEFINITIONAL_REPRESENTATION('',(#4819),#4823);
#4819 = LINE('',#4820,#4821);
#4820 = CARTESIAN_POINT('',(0.,8.));
#4821 = VECTOR('',#4822,1.);
#4822 = DIRECTION('',(1.,0.));
#4823 = ( GEOMETRIC_REPRESENTATION_CONTEXT(2)
PARAMETRIC_REPRESENTATION_CONTEXT() REPRESENTATION_CONTEXT('2D SPACE',''
  ) );
#4824 = FACE_BOUND('',#4825,.T.);
#4825 = EDGE_LOOP('',(#4826));
#4826 = ORIENTED_EDGE('',*,*,#4827,.F.);
#4827 = EDGE_CURVE('',#4828,#4828,#4830,.T.);
#4828 = VERTEX_POINT('',#4829);
#4829 = CARTESIAN_POINT('',(-181.7,-44.,42.5));
#4830 = SURFACE_CURVE('',#4831,(#4836,#4843),.PCURVE_S1.);
#4831 = CIRCLE('',#4832,3.3);
#4832 = AXIS2_PLACEMENT_3D('',#4833,#4834,#4835);
#4833 = CARTESIAN_POINT('',(-185.,-44.,42.5));
#4834 = DIRECTION('',(0.,-1.,0.));
#4835 = DIRECTION('',(1.,0.,0.));
#4836 = PCURVE('',#4572,#4837);
#4837 = DEFINITIONAL_REPRESENTATION('',(#4838),#4842);
#4838 = CIRCLE('',#4839,3.3);
#4839 = AXIS2_PLACEMENT_2D('',#4840,#4841);
#4840 = CARTESIAN_POINT('',(27.5,20.));
#4841 = DIRECTION('',(0.,1.));
#4842 = ( GEOMETRIC_REPRESENTATION_CONTEXT(2)
PARAMETRIC_REPRESENTATION_CONTEXT() REPRESENTATION_CONTEXT('2D SPACE',''
  ) );
#4843 = PCURVE('',#4844,#4849);
#4844 = CYLINDRICAL_SURFACE('',#4845,3.3);
#4845 = AXIS2_PLACEMENT_3D('',#4846,#4847,#4848);
#4846 = CARTESIAN_POINT('',(-185.,-36.,42.5));
#4847 = DIRECTION('',(0.,-1.,0.));
#4848 = DIRECTION('',(1.,0.,0.));
#4849 = DEFINITIONAL_REPRESENTATION('',(#4850),#4854);
#4850 = LINE('',#4851,#4852);
#4851 = CARTESIAN_POINT('',(0.,8.));
#4852 = VECTOR('',#4853,1.);
#4853 = DIRECTION('',(1.,0.));
#4854 = ( GEOMETRIC_REPRESENTATION_CONTEXT(2)
PARAMETRIC_REPRESENTATION_CONTEXT() REPRESENTATION_CONTEXT('2D SPACE',''
  ) );
#4855 = ADVANCED_FACE('',(#4856),#4600,.F.);
#4856 = FACE_BOUND('',#4857,.F.);
#4857 = EDGE_LOOP('',(#4858,#4859,#4882,#4903));
#4858 = ORIENTED_EDGE('',*,*,#4718,.T.);
#4859 = ORIENTED_EDGE('',*,*,#4860,.F.);
#4860 = EDGE_CURVE('',#4861,#4719,#4863,.T.);
#4861 = VERTEX_POINT('',#4862);
#4862 = CARTESIAN_POINT('',(-170.,-36.,105.));
#4863 = SURFACE_CURVE('',#4864,(#4868,#4875),.PCURVE_S1.);
#4864 = LINE('',#4865,#4866);
#4865 = CARTESIAN_POINT('',(-170.,-36.,105.));
#4866 = VECTOR('',#4867,1.);
#4867 = DIRECTION('',(0.,-1.,0.));
#4868 = PCURVE('',#4600,#4869);
#4869 = DEFINITIONAL_REPRESENTATION('',(#4870),#4874);
#4870 = LINE('',#4871,#4872);
#4871 = CARTESIAN_POINT('',(70.,4.));
#4872 = VECTOR('',#4873,1.);
#4873 = DIRECTION('',(0.,-1.));
#4874 = ( GEOMETRIC_REPRESENTATION_CONTEXT(2)
PARAMETRIC_REPRESENTATION_CONTEXT() REPRESENTATION_CONTEXT('2D SPACE',''
  ) );
#4875 = PCURVE('',#4659,#4876);
#4876 = DEFINITIONAL_REPRESENTATION('',(#4877),#4881);
#4877 = LINE('',#4878,#4879);
#4878 = CARTESIAN_POINT('',(0.,4.));
#4879 = VECTOR('',#4880,1.);
#4880 = DIRECTION('',(0.,-1.));
#4881 = ( GEOMETRIC_REPRESENTATION_CONTEXT(2)
PARAMETRIC_REPRESENTATION_CONTEXT() REPRESENTATION_CONTEXT('2D SPACE',''
  ) );
#4882 = ORIENTED_EDGE('',*,*,#4883,.F.);
#4883 = EDGE_CURVE('',#4585,#4861,#4884,.T.);
#4884 = SURFACE_CURVE('',#4885,(#4889,#4896),.PCURVE_S1.);
#4885 = LINE('',#4886,#4887);
#4886 = CARTESIAN_POINT('',(-170.,-36.,35.));
#4887 = VECTOR('',#4888,1.);
#4888 = DIRECTION('',(0.,0.,1.));
#4889 = PCURVE('',#4600,#4890);
#4890 = DEFINITIONAL_REPRESENTATION('',(#4891),#4895);
#4891 = LINE('',#4892,#4893);
#4892 = CARTESIAN_POINT('',(0.,4.));
#4893 = VECTOR('',#4894,1.);
#4894 = DIRECTION('',(1.,0.));
#4895 = ( GEOMETRIC_REPRESENTATION_CONTEXT(2)
PARAMETRIC_REPRESENTATION_CONTEXT() REPRESENTATION_CONTEXT('2D SPACE',''
  ) );
#4896 = PCURVE('',#4626,#4897);
#4897 = DEFINITIONAL_REPRESENTATION('',(#4898),#4902);
#4898 = LINE('',#4899,#4900);
#4899 = CARTESIAN_POINT('',(35.,35.));
#4900 = VECTOR('',#4901,1.);
#4901 = DIRECTION('',(-1.,0.));
#4902 = ( GEOMETRIC_REPRESENTATION_CONTEXT(2)
PARAMETRIC_REPRESENTATION_CONTEXT() REPRESENTATION_CONTEXT('2D SPACE',''
  ) );
#4903 = ORIENTED_EDGE('',*,*,#4584,.T.);
#4904 = ADVANCED_FACE('',(#4905,#4931,#4957,#4983),#4626,.F.);
#4905 = FACE_BOUND('',#4906,.F.);
#4906 = EDGE_LOOP('',(#4907,#4908,#4909,#4930));
#4907 = ORIENTED_EDGE('',*,*,#4612,.T.);
#4908 = ORIENTED_EDGE('',*,*,#4883,.T.);
#4909 = ORIENTED_EDGE('',*,*,#4910,.T.);
#4910 = EDGE_CURVE('',#4861,#4644,#4911,.T.);
#4911 = SURFACE_CURVE('',#4912,(#4916,#4923),.PCURVE_S1.);
#4912 = LINE('',#4913,#4914);
#4913 = CARTESIAN_POINT('',(-170.,-36.,105.));
#4914 = VECTOR('',#4915,1.);
#4915 = DIRECTION('',(-1.,0.,0.));
#4916 = PCURVE('',#4626,#4917);
#4917 = DEFINITIONAL_REPRESENTATION('',(#4918),#4922);
#4918 = LINE('',#4919,#4920);
#4919 = CARTESIAN_POINT('',(-35.,35.));
#4920 = VECTOR('',#4921,1.);
#4921 = DIRECTION('',(0.,-1.));
#4922 = ( GEOMETRIC_REPRESENTATION_CONTEXT(2)
PARAMETRIC_REPRESENTATION_CONTEXT() REPRESENTATION_CONTEXT('2D SPACE',''
  ) );
#4923 = PCURVE('',#4659,#4924);
#4924 = DEFINITIONAL_REPRESENTATION('',(#4925),#4929);
#4925 = LINE('',#4926,#4927);
#4926 = CARTESIAN_POINT('',(0.,4.));
#4927 = VECTOR('',#4928,1.);
#4928 = DIRECTION('',(1.,0.));
#4929 = ( GEOMETRIC_REPRESENTATION_CONTEXT(2)
PARAMETRIC_REPRESENTATION_CONTEXT() REPRESENTATION_CONTEXT('2D SPACE',''
  ) );
#4930 = ORIENTED_EDGE('',*,*,#4693,.T.);
#4931 = FACE_BOUND('',#4932,.F.);
#4932 = EDGE_LOOP('',(#4933));
#4933 = ORIENTED_EDGE('',*,*,#4934,.F.);
#4934 = EDGE_CURVE('',#4935,#4935,#4937,.T.);
#4935 = VERTEX_POINT('',#4936);
#4936 = CARTESIAN_POINT('',(-221.7,-36.,42.5));
#4937 = SURFACE_CURVE('',#4938,(#4943,#4950),.PCURVE_S1.);
#4938 = CIRCLE('',#4939,3.3);
#4939 = AXIS2_PLACEMENT_3D('',#4940,#4941,#4942);
#4940 = CARTESIAN_POINT('',(-225.,-36.,42.5));
#4941 = DIRECTION('',(0.,-1.,0.));
#4942 = DIRECTION('',(1.,0.,0.));
#4943 = PCURVE('',#4626,#4944);
#4944 = DEFINITIONAL_REPRESENTATION('',(#4945),#4949);
#4945 = CIRCLE('',#4946,3.3);
#4946 = AXIS2_PLACEMENT_2D('',#4947,#4948);
#4947 = CARTESIAN_POINT('',(27.5,-20.));
#4948 = DIRECTION('',(0.,1.));
#4949 = ( GEOMETRIC_REPRESENTATION_CONTEXT(2)
PARAMETRIC_REPRESENTATION_CONTEXT() REPRESENTATION_CONTEXT('2D SPACE',''
  ) );
#4950 = PCURVE('',#4782,#4951);
#4951 = DEFINITIONAL_REPRESENTATION('',(#4952),#4956);
#4952 = LINE('',#4953,#4954);
#4953 = CARTESIAN_POINT('',(0.,0.));
#4954 = VECTOR('',#4955,1.);
#4955 = DIRECTION('',(1.,0.));
#4956 = ( GEOMETRIC_REPRESENTATION_CONTEXT(2)
PARAMETRIC_REPRESENTATION_CONTEXT() REPRESENTATION_CONTEXT('2D SPACE',''
  ) );
#4957 = FACE_BOUND('',#4958,.F.);
#4958 = EDGE_LOOP('',(#4959));
#4959 = ORIENTED_EDGE('',*,*,#4960,.F.);
#4960 = EDGE_CURVE('',#4961,#4961,#4963,.T.);
#4961 = VERTEX_POINT('',#4962);
#4962 = CARTESIAN_POINT('',(-187.5,-36.,70.));
#4963 = SURFACE_CURVE('',#4964,(#4969,#4976),.PCURVE_S1.);
#4964 = CIRCLE('',#4965,17.5);
#4965 = AXIS2_PLACEMENT_3D('',#4966,#4967,#4968);
#4966 = CARTESIAN_POINT('',(-205.,-36.,70.));
#4967 = DIRECTION('',(0.,-1.,0.));
#4968 = DIRECTION('',(1.,0.,0.));
#4969 = PCURVE('',#4626,#4970);
#4970 = DEFINITIONAL_REPRESENTATION('',(#4971),#4975);
#4971 = CIRCLE('',#4972,17.5);
#4972 = AXIS2_PLACEMENT_2D('',#4973,#4974);
#4973 = CARTESIAN_POINT('',(0.,0.));
#4974 = DIRECTION('',(0.,1.));
#4975 = ( GEOMETRIC_REPRESENTATION_CONTEXT(2)
PARAMETRIC_REPRESENTATION_CONTEXT() REPRESENTATION_CONTEXT('2D SPACE',''
  ) );
#4976 = PCURVE('',#4813,#4977);
#4977 = DEFINITIONAL_REPRESENTATION('',(#4978),#4982);
#4978 = LINE('',#4979,#4980);
#4979 = CARTESIAN_POINT('',(0.,0.));
#4980 = VECTOR('',#4981,1.);
#4981 = DIRECTION('',(1.,0.));
#4982 = ( GEOMETRIC_REPRESENTATION_CONTEXT(2)
PARAMETRIC_REPRESENTATION_CONTEXT() REPRESENTATION_CONTEXT('2D SPACE',''
  ) );
#4983 = FACE_BOUND('',#4984,.F.);
#4984 = EDGE_LOOP('',(#4985));
#4985 = ORIENTED_EDGE('',*,*,#4986,.F.);
#4986 = EDGE_CURVE('',#4987,#4987,#4989,.T.);
#4987 = VERTEX_POINT('',#4988);
#4988 = CARTESIAN_POINT('',(-181.7,-36.,42.5));
#4989 = SURFACE_CURVE('',#4990,(#4995,#5002),.PCURVE_S1.);
#4990 = CIRCLE('',#4991,3.3);
#4991 = AXIS2_PLACEMENT_3D('',#4992,#4993,#4994);
#4992 = CARTESIAN_POINT('',(-185.,-36.,42.5));
#4993 = DIRECTION('',(0.,-1.,0.));
#4994 = DIRECTION('',(1.,0.,0.));
#4995 = PCURVE('',#4626,#4996);
#4996 = DEFINITIONAL_REPRESENTATION('',(#4997),#5001);
#4997 = CIRCLE('',#4998,3.3);
#4998 = AXIS2_PLACEMENT_2D('',#4999,#5000);
#4999 = CARTESIAN_POINT('',(27.5,20.));
#5000 = DIRECTION('',(0.,1.));
#5001 = ( GEOMETRIC_REPRESENTATION_CONTEXT(2)
PARAMETRIC_REPRESENTATION_CONTEXT() REPRESENTATION_CONTEXT('2D SPACE',''
  ) );
#5002 = PCURVE('',#4844,#5003);
#5003 = DEFINITIONAL_REPRESENTATION('',(#5004),#5008);
#5004 = LINE('',#5005,#5006);
#5005 = CARTESIAN_POINT('',(0.,0.));
#5006 = VECTOR('',#5007,1.);
#5007 = DIRECTION('',(1.,0.));
#5008 = ( GEOMETRIC_REPRESENTATION_CONTEXT(2)
PARAMETRIC_REPRESENTATION_CONTEXT() REPRESENTATION_CONTEXT('2D SPACE',''
  ) );
#5009 = ADVANCED_FACE('',(#5010),#4659,.F.);
#5010 = FACE_BOUND('',#5011,.F.);
#5011 = EDGE_LOOP('',(#5012,#5013,#5014,#5015));
#5012 = ORIENTED_EDGE('',*,*,#4741,.T.);
#5013 = ORIENTED_EDGE('',*,*,#4641,.T.);
#5014 = ORIENTED_EDGE('',*,*,#4910,.F.);
#5015 = ORIENTED_EDGE('',*,*,#4860,.T.);
#5016 = ADVANCED_FACE('',(#5017),#4782,.F.);
#5017 = FACE_BOUND('',#5018,.F.);
#5018 = EDGE_LOOP('',(#5019,#5020,#5041,#5042));
#5019 = ORIENTED_EDGE('',*,*,#4765,.F.);
#5020 = ORIENTED_EDGE('',*,*,#5021,.F.);
#5021 = EDGE_CURVE('',#4935,#4766,#5022,.T.);
#5022 = SEAM_CURVE('',#5023,(#5027,#5034),.PCURVE_S1.);
#5023 = LINE('',#5024,#5025);
#5024 = CARTESIAN_POINT('',(-221.7,-36.,42.5));
#5025 = VECTOR('',#5026,1.);
#5026 = DIRECTION('',(0.,-1.,0.));
#5027 = PCURVE('',#4782,#5028);
#5028 = DEFINITIONAL_REPRESENTATION('',(#5029),#5033);
#5029 = LINE('',#5030,#5031);
#5030 = CARTESIAN_POINT('',(6.28318530718,-0.));
#5031 = VECTOR('',#5032,1.);
#5032 = DIRECTION('',(0.,1.));
#5033 = ( GEOMETRIC_REPRESENTATION_CONTEXT(2)
PARAMETRIC_REPRESENTATION_CONTEXT() REPRESENTATION_CONTEXT('2D SPACE',''
  ) );
#5034 = PCURVE('',#4782,#5035);
#5035 = DEFINITIONAL_REPRESENTATION('',(#5036),#5040);
#5036 = LINE('',#5037,#5038);
#5037 = CARTESIAN_POINT('',(0.,-0.));
#5038 = VECTOR('',#5039,1.);
#5039 = DIRECTION('',(0.,1.));
#5040 = ( GEOMETRIC_REPRESENTATION_CONTEXT(2)
PARAMETRIC_REPRESENTATION_CONTEXT() REPRESENTATION_CONTEXT('2D SPACE',''
  ) );
#5041 = ORIENTED_EDGE('',*,*,#4934,.T.);
#5042 = ORIENTED_EDGE('',*,*,#5021,.T.);
#5043 = ADVANCED_FACE('',(#5044),#4813,.F.);
#5044 = FACE_BOUND('',#5045,.F.);
#5045 = EDGE_LOOP('',(#5046,#5047,#5068,#5069));
#5046 = ORIENTED_EDGE('',*,*,#4796,.F.);
#5047 = ORIENTED_EDGE('',*,*,#5048,.F.);
#5048 = EDGE_CURVE('',#4961,#4797,#5049,.T.);
#5049 = SEAM_CURVE('',#5050,(#5054,#5061),.PCURVE_S1.);
#5050 = LINE('',#5051,#5052);
#5051 = CARTESIAN_POINT('',(-187.5,-36.,70.));
#5052 = VECTOR('',#5053,1.);
#5053 = DIRECTION('',(0.,-1.,0.));
#5054 = PCURVE('',#4813,#5055);
#5055 = DEFINITIONAL_REPRESENTATION('',(#5056),#5060);
#5056 = LINE('',#5057,#5058);
#5057 = CARTESIAN_POINT('',(6.28318530718,-0.));
#5058 = VECTOR('',#5059,1.);
#5059 = DIRECTION('',(0.,1.));
#5060 = ( GEOMETRIC_REPRESENTATION_CONTEXT(2)
PARAMETRIC_REPRESENTATION_CONTEXT() REPRESENTATION_CONTEXT('2D SPACE',''
  ) );
#5061 = PCURVE('',#4813,#5062);
#5062 = DEFINITIONAL_REPRESENTATION('',(#5063),#5067);
#5063 = LINE('',#5064,#5065);
#5064 = CARTESIAN_POINT('',(0.,-0.));
#5065 = VECTOR('',#5066,1.);
#5066 = DIRECTION('',(0.,1.));
#5067 = ( GEOMETRIC_REPRESENTATION_CONTEXT(2)
PARAMETRIC_REPRESENTATION_CONTEXT() REPRESENTATION_CONTEXT('2D SPACE',''
  ) );
#5068 = ORIENTED_EDGE('',*,*,#4960,.T.);
#5069 = ORIENTED_EDGE('',*,*,#5048,.T.);
#5070 = ADVANCED_FACE('',(#5071),#4844,.F.);
#5071 = FACE_BOUND('',#5072,.F.);
#5072 = EDGE_LOOP('',(#5073,#5074,#5095,#5096));
#5073 = ORIENTED_EDGE('',*,*,#4827,.F.);
#5074 = ORIENTED_EDGE('',*,*,#5075,.F.);
#5075 = EDGE_CURVE('',#4987,#4828,#5076,.T.);
#5076 = SEAM_CURVE('',#5077,(#5081,#5088),.PCURVE_S1.);
#5077 = LINE('',#5078,#5079);
#5078 = CARTESIAN_POINT('',(-181.7,-36.,42.5));
#5079 = VECTOR('',#5080,1.);
#5080 = DIRECTION('',(0.,-1.,0.));
#5081 = PCURVE('',#4844,#5082);
#5082 = DEFINITIONAL_REPRESENTATION('',(#5083),#5087);
#5083 = LINE('',#5084,#5085);
#5084 = CARTESIAN_POINT('',(6.28318530718,-0.));
#5085 = VECTOR('',#5086,1.);
#5086 = DIRECTION('',(0.,1.));
#5087 = ( GEOMETRIC_REPRESENTATION_CONTEXT(2)
PARAMETRIC_REPRESENTATION_CONTEXT() REPRESENTATION_CONTEXT('2D SPACE',''
  ) );
#5088 = PCURVE('',#4844,#5089);
#5089 = DEFINITIONAL_REPRESENTATION('',(#5090),#5094);
#5090 = LINE('',#5091,#5092);
#5091 = CARTESIAN_POINT('',(0.,-0.));
#5092 = VECTOR('',#5093,1.);
#5093 = DIRECTION('',(0.,1.));
#5094 = ( GEOMETRIC_REPRESENTATION_CONTEXT(2)
PARAMETRIC_REPRESENTATION_CONTEXT() REPRESENTATION_CONTEXT('2D SPACE',''
  ) );
#5095 = ORIENTED_EDGE('',*,*,#4986,.T.);
#5096 = ORIENTED_EDGE('',*,*,#5075,.T.);
#5097 = ( GEOMETRIC_REPRESENTATION_CONTEXT(3)
GLOBAL_UNCERTAINTY_ASSIGNED_CONTEXT((#5101))
GLOBAL_UNIT_ASSIGNED_CONTEXT((#5098,#5099,#5100)) REPRESENTATION_CONTEXT
('Context #1','3D Context with UNIT and UNCERTAINTY') );
#5098 = ( LENGTH_UNIT() NAMED_UNIT(*) SI_UNIT(.MILLI.,.METRE.) );
#5099 = ( NAMED_UNIT(*) PLANE_ANGLE_UNIT() SI_UNIT($,.RADIAN.) );
#5100 = ( NAMED_UNIT(*) SI_UNIT($,.STERADIAN.) SOLID_ANGLE_UNIT() );
#5101 = UNCERTAINTY_MEASURE_WITH_UNIT(LENGTH_MEASURE(1.E-07),#5098,
  'distance_accuracy_value','confusion accuracy');
#5102 = CONTEXT_DEPENDENT_SHAPE_REPRESENTATION(#5103,#5105);
#5103 = ( REPRESENTATION_RELATIONSHIP('','',#4514,#10)
REPRESENTATION_RELATIONSHIP_WITH_TRANSFORMATION(#5104)
SHAPE_REPRESENTATION_RELATIONSHIP() );
#5104 = ITEM_DEFINED_TRANSFORMATION('','',#11,#55);
#5105 = PRODUCT_DEFINITION_SHAPE('Placement','Placement of an item',
  #5106);
#5106 = NEXT_ASSEMBLY_USAGE_OCCURRENCE('11','','',#5,#4509,$);
#5107 = PRODUCT_RELATED_PRODUCT_CATEGORY('part',$,(#4511));
#5108 = SHAPE_DEFINITION_REPRESENTATION(#5109,#5115);
#5109 = PRODUCT_DEFINITION_SHAPE('','',#5110);
#5110 = PRODUCT_DEFINITION('design','',#5111,#5114);
#5111 = PRODUCT_DEFINITION_FORMATION('','',#5112);
#5112 = PRODUCT('Open CASCADE STEP translator 7.8 20.12',
  'Open CASCADE STEP translator 7.8 20.12','',(#5113));
#5113 = PRODUCT_CONTEXT('',#2,'mechanical');
#5114 = PRODUCT_DEFINITION_CONTEXT('part definition',#2,'design');
#5115 = ADVANCED_BREP_SHAPE_REPRESENTATION('',(#11,#5116),#5408);
#5116 = MANIFOLD_SOLID_BREP('',#5117);
#5117 = CLOSED_SHELL('',(#5118,#5206,#5261,#5296,#5331,#5381));
#5118 = ADVANCED_FACE('',(#5119),#5133,.T.);
#5119 = FACE_BOUND('',#5120,.F.);
#5120 = EDGE_LOOP('',(#5121,#5151,#5178,#5179));
#5121 = ORIENTED_EDGE('',*,*,#5122,.T.);
#5122 = EDGE_CURVE('',#5123,#5125,#5127,.T.);
#5123 = VERTEX_POINT('',#5124);
#5124 = CARTESIAN_POINT('',(-187.5,-40.,70.));
#5125 = VERTEX_POINT('',#5126);
#5126 = CARTESIAN_POINT('',(-187.5,-45.,70.));
#5127 = SEAM_CURVE('',#5128,(#5132,#5144),.PCURVE_S1.);
#5128 = LINE('',#5129,#5130);
#5129 = CARTESIAN_POINT('',(-187.5,-40.,70.));
#5130 = VECTOR('',#5131,1.);
#5131 = DIRECTION('',(0.,-1.,0.));
#5132 = PCURVE('',#5133,#5138);
#5133 = CYLINDRICAL_SURFACE('',#5134,17.5);
#5134 = AXIS2_PLACEMENT_3D('',#5135,#5136,#5137);
#5135 = CARTESIAN_POINT('',(-205.,-40.,70.));
#5136 = DIRECTION('',(-0.,1.,-0.));
#5137 = DIRECTION('',(1.,0.,0.));
#5138 = DEFINITIONAL_REPRESENTATION('',(#5139),#5143);
#5139 = LINE('',#5140,#5141);
#5140 = CARTESIAN_POINT('',(-0.,0.));
#5141 = VECTOR('',#5142,1.);
#5142 = DIRECTION('',(-0.,-1.));
#5143 = ( GEOMETRIC_REPRESENTATION_CONTEXT(2)
PARAMETRIC_REPRESENTATION_CONTEXT() REPRESENTATION_CONTEXT('2D SPACE',''
  ) );
#5144 = PCURVE('',#5133,#5145);
#5145 = DEFINITIONAL_REPRESENTATION('',(#5146),#5150);
#5146 = LINE('',#5147,#5148);
#5147 = CARTESIAN_POINT('',(-6.28318530718,0.));
#5148 = VECTOR('',#5149,1.);
#5149 = DIRECTION('',(-0.,-1.));
#5150 = ( GEOMETRIC_REPRESENTATION_CONTEXT(2)
PARAMETRIC_REPRESENTATION_CONTEXT() REPRESENTATION_CONTEXT('2D SPACE',''
  ) );
#5151 = ORIENTED_EDGE('',*,*,#5152,.T.);
#5152 = EDGE_CURVE('',#5125,#5125,#5153,.T.);
#5153 = SURFACE_CURVE('',#5154,(#5159,#5166),.PCURVE_S1.);
#5154 = CIRCLE('',#5155,17.5);
#5155 = AXIS2_PLACEMENT_3D('',#5156,#5157,#5158);
#5156 = CARTESIAN_POINT('',(-205.,-45.,70.));
#5157 = DIRECTION('',(0.,-1.,0.));
#5158 = DIRECTION('',(1.,0.,0.));
#5159 = PCURVE('',#5133,#5160);
#5160 = DEFINITIONAL_REPRESENTATION('',(#5161),#5165);
#5161 = LINE('',#5162,#5163);
#5162 = CARTESIAN_POINT('',(-0.,-5.));
#5163 = VECTOR('',#5164,1.);
#5164 = DIRECTION('',(-1.,0.));
#5165 = ( GEOMETRIC_REPRESENTATION_CONTEXT(2)
PARAMETRIC_REPRESENTATION_CONTEXT() REPRESENTATION_CONTEXT('2D SPACE',''
  ) );
#5166 = PCURVE('',#5167,#5172);
#5167 = PLANE('',#5168);
#5168 = AXIS2_PLACEMENT_3D('',#5169,#5170,#5171);
#5169 = CARTESIAN_POINT('',(-205.,-45.,70.));
#5170 = DIRECTION('',(-0.,-1.,-0.));
#5171 = DIRECTION('',(0.,0.,-1.));
#5172 = DEFINITIONAL_REPRESENTATION('',(#5173),#5177);
#5173 = CIRCLE('',#5174,17.5);
#5174 = AXIS2_PLACEMENT_2D('',#5175,#5176);
#5175 = CARTESIAN_POINT('',(0.,0.));
#5176 = DIRECTION('',(0.,1.));
#5177 = ( GEOMETRIC_REPRESENTATION_CONTEXT(2)
PARAMETRIC_REPRESENTATION_CONTEXT() REPRESENTATION_CONTEXT('2D SPACE',''
  ) );
#5178 = ORIENTED_EDGE('',*,*,#5122,.F.);
#5179 = ORIENTED_EDGE('',*,*,#5180,.F.);
#5180 = EDGE_CURVE('',#5123,#5123,#5181,.T.);
#5181 = SURFACE_CURVE('',#5182,(#5187,#5194),.PCURVE_S1.);
#5182 = CIRCLE('',#5183,17.5);
#5183 = AXIS2_PLACEMENT_3D('',#5184,#5185,#5186);
#5184 = CARTESIAN_POINT('',(-205.,-40.,70.));
#5185 = DIRECTION('',(0.,-1.,0.));
#5186 = DIRECTION('',(1.,0.,0.));
#5187 = PCURVE('',#5133,#5188);
#5188 = DEFINITIONAL_REPRESENTATION('',(#5189),#5193);
#5189 = LINE('',#5190,#5191);
#5190 = CARTESIAN_POINT('',(-0.,0.));
#5191 = VECTOR('',#5192,1.);
#5192 = DIRECTION('',(-1.,0.));
#5193 = ( GEOMETRIC_REPRESENTATION_CONTEXT(2)
PARAMETRIC_REPRESENTATION_CONTEXT() REPRESENTATION_CONTEXT('2D SPACE',''
  ) );
#5194 = PCURVE('',#5195,#5200);
#5195 = CYLINDRICAL_SURFACE('',#5196,17.5);
#5196 = AXIS2_PLACEMENT_3D('',#5197,#5198,#5199);
#5197 = CARTESIAN_POINT('',(-205.,-40.,70.));
#5198 = DIRECTION('',(0.,-1.,0.));
#5199 = DIRECTION('',(1.,0.,0.));
#5200 = DEFINITIONAL_REPRESENTATION('',(#5201),#5205);
#5201 = LINE('',#5202,#5203);
#5202 = CARTESIAN_POINT('',(0.,0.));
#5203 = VECTOR('',#5204,1.);
#5204 = DIRECTION('',(1.,0.));
#5205 = ( GEOMETRIC_REPRESENTATION_CONTEXT(2)
PARAMETRIC_REPRESENTATION_CONTEXT() REPRESENTATION_CONTEXT('2D SPACE',''
  ) );
#5206 = ADVANCED_FACE('',(#5207),#5195,.T.);
#5207 = FACE_BOUND('',#5208,.T.);
#5208 = EDGE_LOOP('',(#5209,#5232,#5259,#5260));
#5209 = ORIENTED_EDGE('',*,*,#5210,.T.);
#5210 = EDGE_CURVE('',#5123,#5211,#5213,.T.);
#5211 = VERTEX_POINT('',#5212);
#5212 = CARTESIAN_POINT('',(-187.5,-35.,70.));
#5213 = SEAM_CURVE('',#5214,(#5218,#5225),.PCURVE_S1.);
#5214 = LINE('',#5215,#5216);
#5215 = CARTESIAN_POINT('',(-187.5,-40.,70.));
#5216 = VECTOR('',#5217,1.);
#5217 = DIRECTION('',(-0.,1.,-0.));
#5218 = PCURVE('',#5195,#5219);
#5219 = DEFINITIONAL_REPRESENTATION('',(#5220),#5224);
#5220 = LINE('',#5221,#5222);
#5221 = CARTESIAN_POINT('',(0.,0.));
#5222 = VECTOR('',#5223,1.);
#5223 = DIRECTION('',(0.,-1.));
#5224 = ( GEOMETRIC_REPRESENTATION_CONTEXT(2)
PARAMETRIC_REPRESENTATION_CONTEXT() REPRESENTATION_CONTEXT('2D SPACE',''
  ) );
#5225 = PCURVE('',#5195,#5226);
#5226 = DEFINITIONAL_REPRESENTATION('',(#5227),#5231);
#5227 = LINE('',#5228,#5229);
#5228 = CARTESIAN_POINT('',(6.28318530718,0.));
#5229 = VECTOR('',#5230,1.);
#5230 = DIRECTION('',(0.,-1.));
#5231 = ( GEOMETRIC_REPRESENTATION_CONTEXT(2)
PARAMETRIC_REPRESENTATION_CONTEXT() REPRESENTATION_CONTEXT('2D SPACE',''
  ) );
#5232 = ORIENTED_EDGE('',*,*,#5233,.T.);
#5233 = EDGE_CURVE('',#5211,#5211,#5234,.T.);
#5234 = SURFACE_CURVE('',#5235,(#5240,#5247),.PCURVE_S1.);
#5235 = CIRCLE('',#5236,17.5);
#5236 = AXIS2_PLACEMENT_3D('',#5237,#5238,#5239);
#5237 = CARTESIAN_POINT('',(-205.,-35.,70.));
#5238 = DIRECTION('',(0.,-1.,0.));
#5239 = DIRECTION('',(1.,0.,0.));
#5240 = PCURVE('',#5195,#5241);
#5241 = DEFINITIONAL_REPRESENTATION('',(#5242),#5246);
#5242 = LINE('',#5243,#5244);
#5243 = CARTESIAN_POINT('',(0.,-5.));
#5244 = VECTOR('',#5245,1.);
#5245 = DIRECTION('',(1.,0.));
#5246 = ( GEOMETRIC_REPRESENTATION_CONTEXT(2)
PARAMETRIC_REPRESENTATION_CONTEXT() REPRESENTATION_CONTEXT('2D SPACE',''
  ) );
#5247 = PCURVE('',#5248,#5253);
#5248 = PLANE('',#5249);
#5249 = AXIS2_PLACEMENT_3D('',#5250,#5251,#5252);
#5250 = CARTESIAN_POINT('',(-205.,-35.,70.));
#5251 = DIRECTION('',(-0.,-1.,-0.));
#5252 = DIRECTION('',(0.,0.,-1.));
#5253 = DEFINITIONAL_REPRESENTATION('',(#5254),#5258);
#5254 = CIRCLE('',#5255,17.5);
#5255 = AXIS2_PLACEMENT_2D('',#5256,#5257);
#5256 = CARTESIAN_POINT('',(0.,0.));
#5257 = DIRECTION('',(0.,1.));
#5258 = ( GEOMETRIC_REPRESENTATION_CONTEXT(2)
PARAMETRIC_REPRESENTATION_CONTEXT() REPRESENTATION_CONTEXT('2D SPACE',''
  ) );
#5259 = ORIENTED_EDGE('',*,*,#5210,.F.);
#5260 = ORIENTED_EDGE('',*,*,#5180,.F.);
#5261 = ADVANCED_FACE('',(#5262,#5265),#5167,.T.);
#5262 = FACE_BOUND('',#5263,.T.);
#5263 = EDGE_LOOP('',(#5264));
#5264 = ORIENTED_EDGE('',*,*,#5152,.T.);
#5265 = FACE_BOUND('',#5266,.T.);
#5266 = EDGE_LOOP('',(#5267));
#5267 = ORIENTED_EDGE('',*,*,#5268,.F.);
#5268 = EDGE_CURVE('',#5269,#5269,#5271,.T.);
#5269 = VERTEX_POINT('',#5270);
#5270 = CARTESIAN_POINT('',(-196.5,-45.,70.));
#5271 = SURFACE_CURVE('',#5272,(#5277,#5284),.PCURVE_S1.);
#5272 = CIRCLE('',#5273,8.5);
#5273 = AXIS2_PLACEMENT_3D('',#5274,#5275,#5276);
#5274 = CARTESIAN_POINT('',(-205.,-45.,70.));
#5275 = DIRECTION('',(0.,-1.,0.));
#5276 = DIRECTION('',(1.,0.,0.));
#5277 = PCURVE('',#5167,#5278);
#5278 = DEFINITIONAL_REPRESENTATION('',(#5279),#5283);
#5279 = CIRCLE('',#5280,8.5);
#5280 = AXIS2_PLACEMENT_2D('',#5281,#5282);
#5281 = CARTESIAN_POINT('',(0.,8.526512829121E-14));
#5282 = DIRECTION('',(0.,1.));
#5283 = ( GEOMETRIC_REPRESENTATION_CONTEXT(2)
PARAMETRIC_REPRESENTATION_CONTEXT() REPRESENTATION_CONTEXT('2D SPACE',''
  ) );
#5284 = PCURVE('',#5285,#5290);
#5285 = CYLINDRICAL_SURFACE('',#5286,8.5);
#5286 = AXIS2_PLACEMENT_3D('',#5287,#5288,#5289);
#5287 = CARTESIAN_POINT('',(-205.,-40.,70.));
#5288 = DIRECTION('',(-0.,1.,-0.));
#5289 = DIRECTION('',(1.,0.,0.));
#5290 = DEFINITIONAL_REPRESENTATION('',(#5291),#5295);
#5291 = LINE('',#5292,#5293);
#5292 = CARTESIAN_POINT('',(-0.,-5.));
#5293 = VECTOR('',#5294,1.);
#5294 = DIRECTION('',(-1.,0.));
#5295 = ( GEOMETRIC_REPRESENTATION_CONTEXT(2)
PARAMETRIC_REPRESENTATION_CONTEXT() REPRESENTATION_CONTEXT('2D SPACE',''
  ) );
#5296 = ADVANCED_FACE('',(#5297,#5300),#5248,.F.);
#5297 = FACE_BOUND('',#5298,.F.);
#5298 = EDGE_LOOP('',(#5299));
#5299 = ORIENTED_EDGE('',*,*,#5233,.T.);
#5300 = FACE_BOUND('',#5301,.F.);
#5301 = EDGE_LOOP('',(#5302));
#5302 = ORIENTED_EDGE('',*,*,#5303,.F.);
#5303 = EDGE_CURVE('',#5304,#5304,#5306,.T.);
#5304 = VERTEX_POINT('',#5305);
#5305 = CARTESIAN_POINT('',(-196.5,-35.,70.));
#5306 = SURFACE_CURVE('',#5307,(#5312,#5319),.PCURVE_S1.);
#5307 = CIRCLE('',#5308,8.5);
#5308 = AXIS2_PLACEMENT_3D('',#5309,#5310,#5311);
#5309 = CARTESIAN_POINT('',(-205.,-35.,70.));
#5310 = DIRECTION('',(0.,-1.,0.));
#5311 = DIRECTION('',(1.,0.,0.));
#5312 = PCURVE('',#5248,#5313);
#5313 = DEFINITIONAL_REPRESENTATION('',(#5314),#5318);
#5314 = CIRCLE('',#5315,8.5);
#5315 = AXIS2_PLACEMENT_2D('',#5316,#5317);
#5316 = CARTESIAN_POINT('',(0.,8.526512829121E-14));
#5317 = DIRECTION('',(0.,1.));
#5318 = ( GEOMETRIC_REPRESENTATION_CONTEXT(2)
PARAMETRIC_REPRESENTATION_CONTEXT() REPRESENTATION_CONTEXT('2D SPACE',''
  ) );
#5319 = PCURVE('',#5320,#5325);
#5320 = CYLINDRICAL_SURFACE('',#5321,8.5);
#5321 = AXIS2_PLACEMENT_3D('',#5322,#5323,#5324);
#5322 = CARTESIAN_POINT('',(-205.,-40.,70.));
#5323 = DIRECTION('',(0.,-1.,0.));
#5324 = DIRECTION('',(1.,0.,0.));
#5325 = DEFINITIONAL_REPRESENTATION('',(#5326),#5330);
#5326 = LINE('',#5327,#5328);
#5327 = CARTESIAN_POINT('',(0.,-5.));
#5328 = VECTOR('',#5329,1.);
#5329 = DIRECTION('',(1.,0.));
#5330 = ( GEOMETRIC_REPRESENTATION_CONTEXT(2)
PARAMETRIC_REPRESENTATION_CONTEXT() REPRESENTATION_CONTEXT('2D SPACE',''
  ) );
#5331 = ADVANCED_FACE('',(#5332),#5285,.F.);
#5332 = FACE_BOUND('',#5333,.T.);
#5333 = EDGE_LOOP('',(#5334,#5357,#5358,#5359));
#5334 = ORIENTED_EDGE('',*,*,#5335,.T.);
#5335 = EDGE_CURVE('',#5336,#5269,#5338,.T.);
#5336 = VERTEX_POINT('',#5337);
#5337 = CARTESIAN_POINT('',(-196.5,-40.,70.));
#5338 = SEAM_CURVE('',#5339,(#5343,#5350),.PCURVE_S1.);
#5339 = LINE('',#5340,#5341);
#5340 = CARTESIAN_POINT('',(-196.5,-40.,70.));
#5341 = VECTOR('',#5342,1.);
#5342 = DIRECTION('',(0.,-1.,0.));
#5343 = PCURVE('',#5285,#5344);
#5344 = DEFINITIONAL_REPRESENTATION('',(#5345),#5349);
#5345 = LINE('',#5346,#5347);
#5346 = CARTESIAN_POINT('',(-0.,0.));
#5347 = VECTOR('',#5348,1.);
#5348 = DIRECTION('',(-0.,-1.));
#5349 = ( GEOMETRIC_REPRESENTATION_CONTEXT(2)
PARAMETRIC_REPRESENTATION_CONTEXT() REPRESENTATION_CONTEXT('2D SPACE',''
  ) );
#5350 = PCURVE('',#5285,#5351);
#5351 = DEFINITIONAL_REPRESENTATION('',(#5352),#5356);
#5352 = LINE('',#5353,#5354);
#5353 = CARTESIAN_POINT('',(-6.28318530718,0.));
#5354 = VECTOR('',#5355,1.);
#5355 = DIRECTION('',(-0.,-1.));
#5356 = ( GEOMETRIC_REPRESENTATION_CONTEXT(2)
PARAMETRIC_REPRESENTATION_CONTEXT() REPRESENTATION_CONTEXT('2D SPACE',''
  ) );
#5357 = ORIENTED_EDGE('',*,*,#5268,.T.);
#5358 = ORIENTED_EDGE('',*,*,#5335,.F.);
#5359 = ORIENTED_EDGE('',*,*,#5360,.F.);
#5360 = EDGE_CURVE('',#5336,#5336,#5361,.T.);
#5361 = SURFACE_CURVE('',#5362,(#5367,#5374),.PCURVE_S1.);
#5362 = CIRCLE('',#5363,8.5);
#5363 = AXIS2_PLACEMENT_3D('',#5364,#5365,#5366);
#5364 = CARTESIAN_POINT('',(-205.,-40.,70.));
#5365 = DIRECTION('',(0.,-1.,0.));
#5366 = DIRECTION('',(1.,0.,0.));
#5367 = PCURVE('',#5285,#5368);
#5368 = DEFINITIONAL_REPRESENTATION('',(#5369),#5373);
#5369 = LINE('',#5370,#5371);
#5370 = CARTESIAN_POINT('',(-0.,0.));
#5371 = VECTOR('',#5372,1.);
#5372 = DIRECTION('',(-1.,0.));
#5373 = ( GEOMETRIC_REPRESENTATION_CONTEXT(2)
PARAMETRIC_REPRESENTATION_CONTEXT() REPRESENTATION_CONTEXT('2D SPACE',''
  ) );
#5374 = PCURVE('',#5320,#5375);
#5375 = DEFINITIONAL_REPRESENTATION('',(#5376),#5380);
#5376 = LINE('',#5377,#5378);
#5377 = CARTESIAN_POINT('',(0.,0.));
#5378 = VECTOR('',#5379,1.);
#5379 = DIRECTION('',(1.,0.));
#5380 = ( GEOMETRIC_REPRESENTATION_CONTEXT(2)
PARAMETRIC_REPRESENTATION_CONTEXT() REPRESENTATION_CONTEXT('2D SPACE',''
  ) );
#5381 = ADVANCED_FACE('',(#5382),#5320,.F.);
#5382 = FACE_BOUND('',#5383,.F.);
#5383 = EDGE_LOOP('',(#5384,#5405,#5406,#5407));
#5384 = ORIENTED_EDGE('',*,*,#5385,.T.);
#5385 = EDGE_CURVE('',#5336,#5304,#5386,.T.);
#5386 = SEAM_CURVE('',#5387,(#5391,#5398),.PCURVE_S1.);
#5387 = LINE('',#5388,#5389);
#5388 = CARTESIAN_POINT('',(-196.5,-40.,70.));
#5389 = VECTOR('',#5390,1.);
#5390 = DIRECTION('',(-0.,1.,-0.));
#5391 = PCURVE('',#5320,#5392);
#5392 = DEFINITIONAL_REPRESENTATION('',(#5393),#5397);
#5393 = LINE('',#5394,#5395);
#5394 = CARTESIAN_POINT('',(0.,0.));
#5395 = VECTOR('',#5396,1.);
#5396 = DIRECTION('',(0.,-1.));
#5397 = ( GEOMETRIC_REPRESENTATION_CONTEXT(2)
PARAMETRIC_REPRESENTATION_CONTEXT() REPRESENTATION_CONTEXT('2D SPACE',''
  ) );
#5398 = PCURVE('',#5320,#5399);
#5399 = DEFINITIONAL_REPRESENTATION('',(#5400),#5404);
#5400 = LINE('',#5401,#5402);
#5401 = CARTESIAN_POINT('',(6.28318530718,0.));
#5402 = VECTOR('',#5403,1.);
#5403 = DIRECTION('',(0.,-1.));
#5404 = ( GEOMETRIC_REPRESENTATION_CONTEXT(2)
PARAMETRIC_REPRESENTATION_CONTEXT() REPRESENTATION_CONTEXT('2D SPACE',''
  ) );
#5405 = ORIENTED_EDGE('',*,*,#5303,.T.);
#5406 = ORIENTED_EDGE('',*,*,#5385,.F.);
#5407 = ORIENTED_EDGE('',*,*,#5360,.F.);
#5408 = ( GEOMETRIC_REPRESENTATION_CONTEXT(3)
GLOBAL_UNCERTAINTY_ASSIGNED_CONTEXT((#5412))
GLOBAL_UNIT_ASSIGNED_CONTEXT((#5409,#5410,#5411)) REPRESENTATION_CONTEXT
('Context #1','3D Context with UNIT and UNCERTAINTY') );
#5409 = ( LENGTH_UNIT() NAMED_UNIT(*) SI_UNIT(.MILLI.,.METRE.) );
#5410 = ( NAMED_UNIT(*) PLANE_ANGLE_UNIT() SI_UNIT($,.RADIAN.) );
#5411 = ( NAMED_UNIT(*) SI_UNIT($,.STERADIAN.) SOLID_ANGLE_UNIT() );
#5412 = UNCERTAINTY_MEASURE_WITH_UNIT(LENGTH_MEASURE(1.E-07),#5409,
  'distance_accuracy_value','confusion accuracy');
#5413 = CONTEXT_DEPENDENT_SHAPE_REPRESENTATION(#5414,#5416);
#5414 = ( REPRESENTATION_RELATIONSHIP('','',#5115,#10)
REPRESENTATION_RELATIONSHIP_WITH_TRANSFORMATION(#5415)
SHAPE_REPRESENTATION_RELATIONSHIP() );
#5415 = ITEM_DEFINED_TRANSFORMATION('','',#11,#59);
#5416 = PRODUCT_DEFINITION_SHAPE('Placement','Placement of an item',
  #5417);
#5417 = NEXT_ASSEMBLY_USAGE_OCCURRENCE('12','','',#5,#5110,$);
#5418 = PRODUCT_RELATED_PRODUCT_CATEGORY('part',$,(#5112));
#5419 = SHAPE_DEFINITION_REPRESENTATION(#5420,#5426);
#5420 = PRODUCT_DEFINITION_SHAPE('','',#5421);
#5421 = PRODUCT_DEFINITION('design','',#5422,#5425);
#5422 = PRODUCT_DEFINITION_FORMATION('','',#5423);
#5423 = PRODUCT('Open CASCADE STEP translator 7.8 20.13',
  'Open CASCADE STEP translator 7.8 20.13','',(#5424));
#5424 = PRODUCT_CONTEXT('',#2,'mechanical');
#5425 = PRODUCT_DEFINITION_CONTEXT('part definition',#2,'design');
#5426 = ADVANCED_BREP_SHAPE_REPRESENTATION('',(#11,#5427),#6009);
#5427 = MANIFOLD_SOLID_BREP('',#5428);
#5428 = CLOSED_SHELL('',(#5429,#5549,#5625,#5767,#5816,#5921,#5928,#5955
    ,#5982));
#5429 = ADVANCED_FACE('',(#5430),#5444,.F.);
#5430 = FACE_BOUND('',#5431,.F.);
#5431 = EDGE_LOOP('',(#5432,#5467,#5495,#5523));
#5432 = ORIENTED_EDGE('',*,*,#5433,.F.);
#5433 = EDGE_CURVE('',#5434,#5436,#5438,.T.);
#5434 = VERTEX_POINT('',#5435);
#5435 = CARTESIAN_POINT('',(-240.,16.,35.));
#5436 = VERTEX_POINT('',#5437);
#5437 = CARTESIAN_POINT('',(-240.,24.,35.));
#5438 = SURFACE_CURVE('',#5439,(#5443,#5455),.PCURVE_S1.);
#5439 = LINE('',#5440,#5441);
#5440 = CARTESIAN_POINT('',(-240.,16.,35.));
#5441 = VECTOR('',#5442,1.);
#5442 = DIRECTION('',(0.,1.,0.));
#5443 = PCURVE('',#5444,#5449);
#5444 = PLANE('',#5445);
#5445 = AXIS2_PLACEMENT_3D('',#5446,#5447,#5448);
#5446 = CARTESIAN_POINT('',(-240.,20.,35.));
#5447 = DIRECTION('',(-0.,0.,1.));
#5448 = DIRECTION('',(1.,0.,0.));
#5449 = DEFINITIONAL_REPRESENTATION('',(#5450),#5454);
#5450 = LINE('',#5451,#5452);
#5451 = CARTESIAN_POINT('',(0.,-4.));
#5452 = VECTOR('',#5453,1.);
#5453 = DIRECTION('',(0.,1.));
#5454 = ( GEOMETRIC_REPRESENTATION_CONTEXT(2)
PARAMETRIC_REPRESENTATION_CONTEXT() REPRESENTATION_CONTEXT('2D SPACE',''
  ) );
#5455 = PCURVE('',#5456,#5461);
#5456 = PLANE('',#5457);
#5457 = AXIS2_PLACEMENT_3D('',#5458,#5459,#5460);
#5458 = CARTESIAN_POINT('',(-240.,20.,105.));
#5459 = DIRECTION('',(1.,0.,0.));
#5460 = DIRECTION('',(0.,0.,-1.));
#5461 = DEFINITIONAL_REPRESENTATION('',(#5462),#5466);
#5462 = LINE('',#5463,#5464);
#5463 = CARTESIAN_POINT('',(70.,-4.));
#5464 = VECTOR('',#5465,1.);
#5465 = DIRECTION('',(0.,1.));
#5466 = ( GEOMETRIC_REPRESENTATION_CONTEXT(2)
PARAMETRIC_REPRESENTATION_CONTEXT() REPRESENTATION_CONTEXT('2D SPACE',''
  ) );
#5467 = ORIENTED_EDGE('',*,*,#5468,.T.);
#5468 = EDGE_CURVE('',#5434,#5469,#5471,.T.);
#5469 = VERTEX_POINT('',#5470);
#5470 = CARTESIAN_POINT('',(-170.,16.,35.));
#5471 = SURFACE_CURVE('',#5472,(#5476,#5483),.PCURVE_S1.);
#5472 = LINE('',#5473,#5474);
#5473 = CARTESIAN_POINT('',(-240.,16.,35.));
#5474 = VECTOR('',#5475,1.);
#5475 = DIRECTION('',(1.,0.,0.));
#5476 = PCURVE('',#5444,#5477);
#5477 = DEFINITIONAL_REPRESENTATION('',(#5478),#5482);
#5478 = LINE('',#5479,#5480);
#5479 = CARTESIAN_POINT('',(0.,-4.));
#5480 = VECTOR('',#5481,1.);
#5481 = DIRECTION('',(1.,0.));
#5482 = ( GEOMETRIC_REPRESENTATION_CONTEXT(2)
PARAMETRIC_REPRESENTATION_CONTEXT() REPRESENTATION_CONTEXT('2D SPACE',''
  ) );
#5483 = PCURVE('',#5484,#5489);
#5484 = PLANE('',#5485);
#5485 = AXIS2_PLACEMENT_3D('',#5486,#5487,#5488);
#5486 = CARTESIAN_POINT('',(-205.,16.,70.));
#5487 = DIRECTION('',(-0.,-1.,-0.));
#5488 = DIRECTION('',(0.,0.,-1.));
#5489 = DEFINITIONAL_REPRESENTATION('',(#5490),#5494);
#5490 = LINE('',#5491,#5492);
#5491 = CARTESIAN_POINT('',(35.,-35.));
#5492 = VECTOR('',#5493,1.);
#5493 = DIRECTION('',(0.,1.));
#5494 = ( GEOMETRIC_REPRESENTATION_CONTEXT(2)
PARAMETRIC_REPRESENTATION_CONTEXT() REPRESENTATION_CONTEXT('2D SPACE',''
  ) );
#5495 = ORIENTED_EDGE('',*,*,#5496,.F.);
#5496 = EDGE_CURVE('',#5497,#5469,#5499,.T.);
#5497 = VERTEX_POINT('',#5498);
#5498 = CARTESIAN_POINT('',(-170.,24.,35.));
#5499 = SURFACE_CURVE('',#5500,(#5504,#5511),.PCURVE_S1.);
#5500 = LINE('',#5501,#5502);
#5501 = CARTESIAN_POINT('',(-170.,24.,35.));
#5502 = VECTOR('',#5503,1.);
#5503 = DIRECTION('',(0.,-1.,0.));
#5504 = PCURVE('',#5444,#5505);
#5505 = DEFINITIONAL_REPRESENTATION('',(#5506),#5510);
#5506 = LINE('',#5507,#5508);
#5507 = CARTESIAN_POINT('',(70.,4.));
#5508 = VECTOR('',#5509,1.);
#5509 = DIRECTION('',(0.,-1.));
#5510 = ( GEOMETRIC_REPRESENTATION_CONTEXT(2)
PARAMETRIC_REPRESENTATION_CONTEXT() REPRESENTATION_CONTEXT('2D SPACE',''
  ) );
#5511 = PCURVE('',#5512,#5517);
#5512 = PLANE('',#5513);
#5513 = AXIS2_PLACEMENT_3D('',#5514,#5515,#5516);
#5514 = CARTESIAN_POINT('',(-170.,20.,35.));
#5515 = DIRECTION('',(-1.,0.,0.));
#5516 = DIRECTION('',(0.,0.,1.));
#5517 = DEFINITIONAL_REPRESENTATION('',(#5518),#5522);
#5518 = LINE('',#5519,#5520);
#5519 = CARTESIAN_POINT('',(0.,4.));
#5520 = VECTOR('',#5521,1.);
#5521 = DIRECTION('',(0.,-1.));
#5522 = ( GEOMETRIC_REPRESENTATION_CONTEXT(2)
PARAMETRIC_REPRESENTATION_CONTEXT() REPRESENTATION_CONTEXT('2D SPACE',''
  ) );
#5523 = ORIENTED_EDGE('',*,*,#5524,.F.);
#5524 = EDGE_CURVE('',#5436,#5497,#5525,.T.);
#5525 = SURFACE_CURVE('',#5526,(#5530,#5537),.PCURVE_S1.);
#5526 = LINE('',#5527,#5528);
#5527 = CARTESIAN_POINT('',(-240.,24.,35.));
#5528 = VECTOR('',#5529,1.);
#5529 = DIRECTION('',(1.,0.,0.));
#5530 = PCURVE('',#5444,#5531);
#5531 = DEFINITIONAL_REPRESENTATION('',(#5532),#5536);
#5532 = LINE('',#5533,#5534);
#5533 = CARTESIAN_POINT('',(0.,4.));
#5534 = VECTOR('',#5535,1.);
#5535 = DIRECTION('',(1.,0.));
#5536 = ( GEOMETRIC_REPRESENTATION_CONTEXT(2)
PARAMETRIC_REPRESENTATION_CONTEXT() REPRESENTATION_CONTEXT('2D SPACE',''
  ) );
#5537 = PCURVE('',#5538,#5543);
#5538 = PLANE('',#5539);
#5539 = AXIS2_PLACEMENT_3D('',#5540,#5541,#5542);
#5540 = CARTESIAN_POINT('',(-205.,24.,70.));
#5541 = DIRECTION('',(-0.,-1.,-0.));
#5542 = DIRECTION('',(0.,0.,-1.));
#5543 = DEFINITIONAL_REPRESENTATION('',(#5544),#5548);
#5544 = LINE('',#5545,#5546);
#5545 = CARTESIAN_POINT('',(35.,-35.));
#5546 = VECTOR('',#5547,1.);
#5547 = DIRECTION('',(0.,1.));
#5548 = ( GEOMETRIC_REPRESENTATION_CONTEXT(2)
PARAMETRIC_REPRESENTATION_CONTEXT() REPRESENTATION_CONTEXT('2D SPACE',''
  ) );
#5549 = ADVANCED_FACE('',(#5550),#5456,.F.);
#5550 = FACE_BOUND('',#5551,.F.);
#5551 = EDGE_LOOP('',(#5552,#5582,#5603,#5604));
#5552 = ORIENTED_EDGE('',*,*,#5553,.F.);
#5553 = EDGE_CURVE('',#5554,#5556,#5558,.T.);
#5554 = VERTEX_POINT('',#5555);
#5555 = CARTESIAN_POINT('',(-240.,16.,105.));
#5556 = VERTEX_POINT('',#5557);
#5557 = CARTESIAN_POINT('',(-240.,24.,105.));
#5558 = SURFACE_CURVE('',#5559,(#5563,#5570),.PCURVE_S1.);
#5559 = LINE('',#5560,#5561);
#5560 = CARTESIAN_POINT('',(-240.,16.,105.));
#5561 = VECTOR('',#5562,1.);
#5562 = DIRECTION('',(0.,1.,0.));
#5563 = PCURVE('',#5456,#5564);
#5564 = DEFINITIONAL_REPRESENTATION('',(#5565),#5569);
#5565 = LINE('',#5566,#5567);
#5566 = CARTESIAN_POINT('',(0.,-4.));
#5567 = VECTOR('',#5568,1.);
#5568 = DIRECTION('',(0.,1.));
#5569 = ( GEOMETRIC_REPRESENTATION_CONTEXT(2)
PARAMETRIC_REPRESENTATION_CONTEXT() REPRESENTATION_CONTEXT('2D SPACE',''
  ) );
#5570 = PCURVE('',#5571,#5576);
#5571 = PLANE('',#5572);
#5572 = AXIS2_PLACEMENT_3D('',#5573,#5574,#5575);
#5573 = CARTESIAN_POINT('',(-170.,20.,105.));
#5574 = DIRECTION('',(-0.,-0.,-1.));
#5575 = DIRECTION('',(-1.,0.,0.));
#5576 = DEFINITIONAL_REPRESENTATION('',(#5577),#5581);
#5577 = LINE('',#5578,#5579);
#5578 = CARTESIAN_POINT('',(70.,-4.));
#5579 = VECTOR('',#5580,1.);
#5580 = DIRECTION('',(0.,1.));
#5581 = ( GEOMETRIC_REPRESENTATION_CONTEXT(2)
PARAMETRIC_REPRESENTATION_CONTEXT() REPRESENTATION_CONTEXT('2D SPACE',''
  ) );
#5582 = ORIENTED_EDGE('',*,*,#5583,.T.);
#5583 = EDGE_CURVE('',#5554,#5434,#5584,.T.);
#5584 = SURFACE_CURVE('',#5585,(#5589,#5596),.PCURVE_S1.);
#5585 = LINE('',#5586,#5587);
#5586 = CARTESIAN_POINT('',(-240.,16.,105.));
#5587 = VECTOR('',#5588,1.);
#5588 = DIRECTION('',(0.,0.,-1.));
#5589 = PCURVE('',#5456,#5590);
#5590 = DEFINITIONAL_REPRESENTATION('',(#5591),#5595);
#5591 = LINE('',#5592,#5593);
#5592 = CARTESIAN_POINT('',(0.,-4.));
#5593 = VECTOR('',#5594,1.);
#5594 = DIRECTION('',(1.,0.));
#5595 = ( GEOMETRIC_REPRESENTATION_CONTEXT(2)
PARAMETRIC_REPRESENTATION_CONTEXT() REPRESENTATION_CONTEXT('2D SPACE',''
  ) );
#5596 = PCURVE('',#5484,#5597);
#5597 = DEFINITIONAL_REPRESENTATION('',(#5598),#5602);
#5598 = LINE('',#5599,#5600);
#5599 = CARTESIAN_POINT('',(-35.,-35.));
#5600 = VECTOR('',#5601,1.);
#5601 = DIRECTION('',(1.,0.));
#5602 = ( GEOMETRIC_REPRESENTATION_CONTEXT(2)
PARAMETRIC_REPRESENTATION_CONTEXT() REPRESENTATION_CONTEXT('2D SPACE',''
  ) );
#5603 = ORIENTED_EDGE('',*,*,#5433,.T.);
#5604 = ORIENTED_EDGE('',*,*,#5605,.F.);
#5605 = EDGE_CURVE('',#5556,#5436,#5606,.T.);
#5606 = SURFACE_CURVE('',#5607,(#5611,#5618),.PCURVE_S1.);
#5607 = LINE('',#5608,#5609);
#5608 = CARTESIAN_POINT('',(-240.,24.,105.));
#5609 = VECTOR('',#5610,1.);
#5610 = DIRECTION('',(0.,0.,-1.));
#5611 = PCURVE('',#5456,#5612);
#5612 = DEFINITIONAL_REPRESENTATION('',(#5613),#5617);
#5613 = LINE('',#5614,#5615);
#5614 = CARTESIAN_POINT('',(0.,4.));
#5615 = VECTOR('',#5616,1.);
#5616 = DIRECTION('',(1.,0.));
#5617 = ( GEOMETRIC_REPRESENTATION_CONTEXT(2)
PARAMETRIC_REPRESENTATION_CONTEXT() REPRESENTATION_CONTEXT('2D SPACE',''
  ) );
#5618 = PCURVE('',#5538,#5619);
#5619 = DEFINITIONAL_REPRESENTATION('',(#5620),#5624);
#5620 = LINE('',#5621,#5622);
#5621 = CARTESIAN_POINT('',(-35.,-35.));
#5622 = VECTOR('',#5623,1.);
#5623 = DIRECTION('',(1.,0.));
#5624 = ( GEOMETRIC_REPRESENTATION_CONTEXT(2)
PARAMETRIC_REPRESENTATION_CONTEXT() REPRESENTATION_CONTEXT('2D SPACE',''
  ) );
#5625 = ADVANCED_FACE('',(#5626,#5674,#5705,#5736),#5484,.T.);
#5626 = FACE_BOUND('',#5627,.T.);
#5627 = EDGE_LOOP('',(#5628,#5629,#5652,#5673));
#5628 = ORIENTED_EDGE('',*,*,#5468,.T.);
#5629 = ORIENTED_EDGE('',*,*,#5630,.T.);
#5630 = EDGE_CURVE('',#5469,#5631,#5633,.T.);
#5631 = VERTEX_POINT('',#5632);
#5632 = CARTESIAN_POINT('',(-170.,16.,105.));
#5633 = SURFACE_CURVE('',#5634,(#5638,#5645),.PCURVE_S1.);
#5634 = LINE('',#5635,#5636);
#5635 = CARTESIAN_POINT('',(-170.,16.,35.));
#5636 = VECTOR('',#5637,1.);
#5637 = DIRECTION('',(0.,0.,1.));
#5638 = PCURVE('',#5484,#5639);
#5639 = DEFINITIONAL_REPRESENTATION('',(#5640),#5644);
#5640 = LINE('',#5641,#5642);
#5641 = CARTESIAN_POINT('',(35.,35.));
#5642 = VECTOR('',#5643,1.);
#5643 = DIRECTION('',(-1.,0.));
#5644 = ( GEOMETRIC_REPRESENTATION_CONTEXT(2)
PARAMETRIC_REPRESENTATION_CONTEXT() REPRESENTATION_CONTEXT('2D SPACE',''
  ) );
#5645 = PCURVE('',#5512,#5646);
#5646 = DEFINITIONAL_REPRESENTATION('',(#5647),#5651);
#5647 = LINE('',#5648,#5649);
#5648 = CARTESIAN_POINT('',(0.,-4.));
#5649 = VECTOR('',#5650,1.);
#5650 = DIRECTION('',(1.,0.));
#5651 = ( GEOMETRIC_REPRESENTATION_CONTEXT(2)
PARAMETRIC_REPRESENTATION_CONTEXT() REPRESENTATION_CONTEXT('2D SPACE',''
  ) );
#5652 = ORIENTED_EDGE('',*,*,#5653,.T.);
#5653 = EDGE_CURVE('',#5631,#5554,#5654,.T.);
#5654 = SURFACE_CURVE('',#5655,(#5659,#5666),.PCURVE_S1.);
#5655 = LINE('',#5656,#5657);
#5656 = CARTESIAN_POINT('',(-170.,16.,105.));
#5657 = VECTOR('',#5658,1.);
#5658 = DIRECTION('',(-1.,0.,0.));
#5659 = PCURVE('',#5484,#5660);
#5660 = DEFINITIONAL_REPRESENTATION('',(#5661),#5665);
#5661 = LINE('',#5662,#5663);
#5662 = CARTESIAN_POINT('',(-35.,35.));
#5663 = VECTOR('',#5664,1.);
#5664 = DIRECTION('',(0.,-1.));
#5665 = ( GEOMETRIC_REPRESENTATION_CONTEXT(2)
PARAMETRIC_REPRESENTATION_CONTEXT() REPRESENTATION_CONTEXT('2D SPACE',''
  ) );
#5666 = PCURVE('',#5571,#5667);
#5667 = DEFINITIONAL_REPRESENTATION('',(#5668),#5672);
#5668 = LINE('',#5669,#5670);
#5669 = CARTESIAN_POINT('',(0.,-4.));
#5670 = VECTOR('',#5671,1.);
#5671 = DIRECTION('',(1.,0.));
#5672 = ( GEOMETRIC_REPRESENTATION_CONTEXT(2)
PARAMETRIC_REPRESENTATION_CONTEXT() REPRESENTATION_CONTEXT('2D SPACE',''
  ) );
#5673 = ORIENTED_EDGE('',*,*,#5583,.T.);
#5674 = FACE_BOUND('',#5675,.T.);
#5675 = EDGE_LOOP('',(#5676));
#5676 = ORIENTED_EDGE('',*,*,#5677,.F.);
#5677 = EDGE_CURVE('',#5678,#5678,#5680,.T.);
#5678 = VERTEX_POINT('',#5679);
#5679 = CARTESIAN_POINT('',(-221.7,16.,42.5));
#5680 = SURFACE_CURVE('',#5681,(#5686,#5693),.PCURVE_S1.);
#5681 = CIRCLE('',#5682,3.3);
#5682 = AXIS2_PLACEMENT_3D('',#5683,#5684,#5685);
#5683 = CARTESIAN_POINT('',(-225.,16.,42.5));
#5684 = DIRECTION('',(0.,-1.,0.));
#5685 = DIRECTION('',(1.,0.,0.));
#5686 = PCURVE('',#5484,#5687);
#5687 = DEFINITIONAL_REPRESENTATION('',(#5688),#5692);
#5688 = CIRCLE('',#5689,3.3);
#5689 = AXIS2_PLACEMENT_2D('',#5690,#5691);
#5690 = CARTESIAN_POINT('',(27.5,-20.));
#5691 = DIRECTION('',(0.,1.));
#5692 = ( GEOMETRIC_REPRESENTATION_CONTEXT(2)
PARAMETRIC_REPRESENTATION_CONTEXT() REPRESENTATION_CONTEXT('2D SPACE',''
  ) );
#5693 = PCURVE('',#5694,#5699);
#5694 = CYLINDRICAL_SURFACE('',#5695,3.3);
#5695 = AXIS2_PLACEMENT_3D('',#5696,#5697,#5698);
#5696 = CARTESIAN_POINT('',(-225.,24.,42.5));
#5697 = DIRECTION('',(0.,-1.,0.));
#5698 = DIRECTION('',(1.,0.,0.));
#5699 = DEFINITIONAL_REPRESENTATION('',(#5700),#5704);
#5700 = LINE('',#5701,#5702);
#5701 = CARTESIAN_POINT('',(0.,8.));
#5702 = VECTOR('',#5703,1.);
#5703 = DIRECTION('',(1.,0.));
#5704 = ( GEOMETRIC_REPRESENTATION_CONTEXT(2)
PARAMETRIC_REPRESENTATION_CONTEXT() REPRESENTATION_CONTEXT('2D SPACE',''
  ) );
#5705 = FACE_BOUND('',#5706,.T.);
#5706 = EDGE_LOOP('',(#5707));
#5707 = ORIENTED_EDGE('',*,*,#5708,.F.);
#5708 = EDGE_CURVE('',#5709,#5709,#5711,.T.);
#5709 = VERTEX_POINT('',#5710);
#5710 = CARTESIAN_POINT('',(-187.5,16.,70.));
#5711 = SURFACE_CURVE('',#5712,(#5717,#5724),.PCURVE_S1.);
#5712 = CIRCLE('',#5713,17.5);
#5713 = AXIS2_PLACEMENT_3D('',#5714,#5715,#5716);
#5714 = CARTESIAN_POINT('',(-205.,16.,70.));
#5715 = DIRECTION('',(0.,-1.,0.));
#5716 = DIRECTION('',(1.,0.,0.));
#5717 = PCURVE('',#5484,#5718);
#5718 = DEFINITIONAL_REPRESENTATION('',(#5719),#5723);
#5719 = CIRCLE('',#5720,17.5);
#5720 = AXIS2_PLACEMENT_2D('',#5721,#5722);
#5721 = CARTESIAN_POINT('',(0.,0.));
#5722 = DIRECTION('',(0.,1.));
#5723 = ( GEOMETRIC_REPRESENTATION_CONTEXT(2)
PARAMETRIC_REPRESENTATION_CONTEXT() REPRESENTATION_CONTEXT('2D SPACE',''
  ) );
#5724 = PCURVE('',#5725,#5730);
#5725 = CYLINDRICAL_SURFACE('',#5726,17.5);
#5726 = AXIS2_PLACEMENT_3D('',#5727,#5728,#5729);
#5727 = CARTESIAN_POINT('',(-205.,24.,70.));
#5728 = DIRECTION('',(0.,-1.,0.));
#5729 = DIRECTION('',(1.,0.,0.));
#5730 = DEFINITIONAL_REPRESENTATION('',(#5731),#5735);
#5731 = LINE('',#5732,#5733);
#5732 = CARTESIAN_POINT('',(0.,8.));
#5733 = VECTOR('',#5734,1.);
#5734 = DIRECTION('',(1.,0.));
#5735 = ( GEOMETRIC_REPRESENTATION_CONTEXT(2)
PARAMETRIC_REPRESENTATION_CONTEXT() REPRESENTATION_CONTEXT('2D SPACE',''
  ) );
#5736 = FACE_BOUND('',#5737,.T.);
#5737 = EDGE_LOOP('',(#5738));
#5738 = ORIENTED_EDGE('',*,*,#5739,.F.);
#5739 = EDGE_CURVE('',#5740,#5740,#5742,.T.);
#5740 = VERTEX_POINT('',#5741);
#5741 = CARTESIAN_POINT('',(-181.7,16.,42.5));
#5742 = SURFACE_CURVE('',#5743,(#5748,#5755),.PCURVE_S1.);
#5743 = CIRCLE('',#5744,3.3);
#5744 = AXIS2_PLACEMENT_3D('',#5745,#5746,#5747);
#5745 = CARTESIAN_POINT('',(-185.,16.,42.5));
#5746 = DIRECTION('',(0.,-1.,0.));
#5747 = DIRECTION('',(1.,0.,0.));
#5748 = PCURVE('',#5484,#5749);
#5749 = DEFINITIONAL_REPRESENTATION('',(#5750),#5754);
#5750 = CIRCLE('',#5751,3.3);
#5751 = AXIS2_PLACEMENT_2D('',#5752,#5753);
#5752 = CARTESIAN_POINT('',(27.5,20.));
#5753 = DIRECTION('',(0.,1.));
#5754 = ( GEOMETRIC_REPRESENTATION_CONTEXT(2)
PARAMETRIC_REPRESENTATION_CONTEXT() REPRESENTATION_CONTEXT('2D SPACE',''
  ) );
#5755 = PCURVE('',#5756,#5761);
#5756 = CYLINDRICAL_SURFACE('',#5757,3.3);
#5757 = AXIS2_PLACEMENT_3D('',#5758,#5759,#5760);
#5758 = CARTESIAN_POINT('',(-185.,24.,42.5));
#5759 = DIRECTION('',(0.,-1.,0.));
#5760 = DIRECTION('',(1.,0.,0.));
#5761 = DEFINITIONAL_REPRESENTATION('',(#5762),#5766);
#5762 = LINE('',#5763,#5764);
#5763 = CARTESIAN_POINT('',(0.,8.));
#5764 = VECTOR('',#5765,1.);
#5765 = DIRECTION('',(1.,0.));
#5766 = ( GEOMETRIC_REPRESENTATION_CONTEXT(2)
PARAMETRIC_REPRESENTATION_CONTEXT() REPRESENTATION_CONTEXT('2D SPACE',''
  ) );
#5767 = ADVANCED_FACE('',(#5768),#5512,.F.);
#5768 = FACE_BOUND('',#5769,.F.);
#5769 = EDGE_LOOP('',(#5770,#5771,#5794,#5815));
#5770 = ORIENTED_EDGE('',*,*,#5630,.T.);
#5771 = ORIENTED_EDGE('',*,*,#5772,.F.);
#5772 = EDGE_CURVE('',#5773,#5631,#5775,.T.);
#5773 = VERTEX_POINT('',#5774);
#5774 = CARTESIAN_POINT('',(-170.,24.,105.));
#5775 = SURFACE_CURVE('',#5776,(#5780,#5787),.PCURVE_S1.);
#5776 = LINE('',#5777,#5778);
#5777 = CARTESIAN_POINT('',(-170.,24.,105.));
#5778 = VECTOR('',#5779,1.);
#5779 = DIRECTION('',(0.,-1.,0.));
#5780 = PCURVE('',#5512,#5781);
#5781 = DEFINITIONAL_REPRESENTATION('',(#5782),#5786);
#5782 = LINE('',#5783,#5784);
#5783 = CARTESIAN_POINT('',(70.,4.));
#5784 = VECTOR('',#5785,1.);
#5785 = DIRECTION('',(0.,-1.));
#5786 = ( GEOMETRIC_REPRESENTATION_CONTEXT(2)
PARAMETRIC_REPRESENTATION_CONTEXT() REPRESENTATION_CONTEXT('2D SPACE',''
  ) );
#5787 = PCURVE('',#5571,#5788);
#5788 = DEFINITIONAL_REPRESENTATION('',(#5789),#5793);
#5789 = LINE('',#5790,#5791);
#5790 = CARTESIAN_POINT('',(0.,4.));
#5791 = VECTOR('',#5792,1.);
#5792 = DIRECTION('',(0.,-1.));
#5793 = ( GEOMETRIC_REPRESENTATION_CONTEXT(2)
PARAMETRIC_REPRESENTATION_CONTEXT() REPRESENTATION_CONTEXT('2D SPACE',''
  ) );
#5794 = ORIENTED_EDGE('',*,*,#5795,.F.);
#5795 = EDGE_CURVE('',#5497,#5773,#5796,.T.);
#5796 = SURFACE_CURVE('',#5797,(#5801,#5808),.PCURVE_S1.);
#5797 = LINE('',#5798,#5799);
#5798 = CARTESIAN_POINT('',(-170.,24.,35.));
#5799 = VECTOR('',#5800,1.);
#5800 = DIRECTION('',(0.,0.,1.));
#5801 = PCURVE('',#5512,#5802);
#5802 = DEFINITIONAL_REPRESENTATION('',(#5803),#5807);
#5803 = LINE('',#5804,#5805);
#5804 = CARTESIAN_POINT('',(0.,4.));
#5805 = VECTOR('',#5806,1.);
#5806 = DIRECTION('',(1.,0.));
#5807 = ( GEOMETRIC_REPRESENTATION_CONTEXT(2)
PARAMETRIC_REPRESENTATION_CONTEXT() REPRESENTATION_CONTEXT('2D SPACE',''
  ) );
#5808 = PCURVE('',#5538,#5809);
#5809 = DEFINITIONAL_REPRESENTATION('',(#5810),#5814);
#5810 = LINE('',#5811,#5812);
#5811 = CARTESIAN_POINT('',(35.,35.));
#5812 = VECTOR('',#5813,1.);
#5813 = DIRECTION('',(-1.,0.));
#5814 = ( GEOMETRIC_REPRESENTATION_CONTEXT(2)
PARAMETRIC_REPRESENTATION_CONTEXT() REPRESENTATION_CONTEXT('2D SPACE',''
  ) );
#5815 = ORIENTED_EDGE('',*,*,#5496,.T.);
#5816 = ADVANCED_FACE('',(#5817,#5843,#5869,#5895),#5538,.F.);
#5817 = FACE_BOUND('',#5818,.F.);
#5818 = EDGE_LOOP('',(#5819,#5820,#5821,#5842));
#5819 = ORIENTED_EDGE('',*,*,#5524,.T.);
#5820 = ORIENTED_EDGE('',*,*,#5795,.T.);
#5821 = ORIENTED_EDGE('',*,*,#5822,.T.);
#5822 = EDGE_CURVE('',#5773,#5556,#5823,.T.);
#5823 = SURFACE_CURVE('',#5824,(#5828,#5835),.PCURVE_S1.);
#5824 = LINE('',#5825,#5826);
#5825 = CARTESIAN_POINT('',(-170.,24.,105.));
#5826 = VECTOR('',#5827,1.);
#5827 = DIRECTION('',(-1.,0.,0.));
#5828 = PCURVE('',#5538,#5829);
#5829 = DEFINITIONAL_REPRESENTATION('',(#5830),#5834);
#5830 = LINE('',#5831,#5832);
#5831 = CARTESIAN_POINT('',(-35.,35.));
#5832 = VECTOR('',#5833,1.);
#5833 = DIRECTION('',(0.,-1.));
#5834 = ( GEOMETRIC_REPRESENTATION_CONTEXT(2)
PARAMETRIC_REPRESENTATION_CONTEXT() REPRESENTATION_CONTEXT('2D SPACE',''
  ) );
#5835 = PCURVE('',#5571,#5836);
#5836 = DEFINITIONAL_REPRESENTATION('',(#5837),#5841);
#5837 = LINE('',#5838,#5839);
#5838 = CARTESIAN_POINT('',(0.,4.));
#5839 = VECTOR('',#5840,1.);
#5840 = DIRECTION('',(1.,0.));
#5841 = ( GEOMETRIC_REPRESENTATION_CONTEXT(2)
PARAMETRIC_REPRESENTATION_CONTEXT() REPRESENTATION_CONTEXT('2D SPACE',''
  ) );
#5842 = ORIENTED_EDGE('',*,*,#5605,.T.);
#5843 = FACE_BOUND('',#5844,.F.);
#5844 = EDGE_LOOP('',(#5845));
#5845 = ORIENTED_EDGE('',*,*,#5846,.F.);
#5846 = EDGE_CURVE('',#5847,#5847,#5849,.T.);
#5847 = VERTEX_POINT('',#5848);
#5848 = CARTESIAN_POINT('',(-221.7,24.,42.5));
#5849 = SURFACE_CURVE('',#5850,(#5855,#5862),.PCURVE_S1.);
#5850 = CIRCLE('',#5851,3.3);
#5851 = AXIS2_PLACEMENT_3D('',#5852,#5853,#5854);
#5852 = CARTESIAN_POINT('',(-225.,24.,42.5));
#5853 = DIRECTION('',(0.,-1.,0.));
#5854 = DIRECTION('',(1.,0.,0.));
#5855 = PCURVE('',#5538,#5856);
#5856 = DEFINITIONAL_REPRESENTATION('',(#5857),#5861);
#5857 = CIRCLE('',#5858,3.3);
#5858 = AXIS2_PLACEMENT_2D('',#5859,#5860);
#5859 = CARTESIAN_POINT('',(27.5,-20.));
#5860 = DIRECTION('',(0.,1.));
#5861 = ( GEOMETRIC_REPRESENTATION_CONTEXT(2)
PARAMETRIC_REPRESENTATION_CONTEXT() REPRESENTATION_CONTEXT('2D SPACE',''
  ) );
#5862 = PCURVE('',#5694,#5863);
#5863 = DEFINITIONAL_REPRESENTATION('',(#5864),#5868);
#5864 = LINE('',#5865,#5866);
#5865 = CARTESIAN_POINT('',(0.,0.));
#5866 = VECTOR('',#5867,1.);
#5867 = DIRECTION('',(1.,0.));
#5868 = ( GEOMETRIC_REPRESENTATION_CONTEXT(2)
PARAMETRIC_REPRESENTATION_CONTEXT() REPRESENTATION_CONTEXT('2D SPACE',''
  ) );
#5869 = FACE_BOUND('',#5870,.F.);
#5870 = EDGE_LOOP('',(#5871));
#5871 = ORIENTED_EDGE('',*,*,#5872,.F.);
#5872 = EDGE_CURVE('',#5873,#5873,#5875,.T.);
#5873 = VERTEX_POINT('',#5874);
#5874 = CARTESIAN_POINT('',(-187.5,24.,70.));
#5875 = SURFACE_CURVE('',#5876,(#5881,#5888),.PCURVE_S1.);
#5876 = CIRCLE('',#5877,17.5);
#5877 = AXIS2_PLACEMENT_3D('',#5878,#5879,#5880);
#5878 = CARTESIAN_POINT('',(-205.,24.,70.));
#5879 = DIRECTION('',(0.,-1.,0.));
#5880 = DIRECTION('',(1.,0.,0.));
#5881 = PCURVE('',#5538,#5882);
#5882 = DEFINITIONAL_REPRESENTATION('',(#5883),#5887);
#5883 = CIRCLE('',#5884,17.5);
#5884 = AXIS2_PLACEMENT_2D('',#5885,#5886);
#5885 = CARTESIAN_POINT('',(0.,0.));
#5886 = DIRECTION('',(0.,1.));
#5887 = ( GEOMETRIC_REPRESENTATION_CONTEXT(2)
PARAMETRIC_REPRESENTATION_CONTEXT() REPRESENTATION_CONTEXT('2D SPACE',''
  ) );
#5888 = PCURVE('',#5725,#5889);
#5889 = DEFINITIONAL_REPRESENTATION('',(#5890),#5894);
#5890 = LINE('',#5891,#5892);
#5891 = CARTESIAN_POINT('',(0.,0.));
#5892 = VECTOR('',#5893,1.);
#5893 = DIRECTION('',(1.,0.));
#5894 = ( GEOMETRIC_REPRESENTATION_CONTEXT(2)
PARAMETRIC_REPRESENTATION_CONTEXT() REPRESENTATION_CONTEXT('2D SPACE',''
  ) );
#5895 = FACE_BOUND('',#5896,.F.);
#5896 = EDGE_LOOP('',(#5897));
#5897 = ORIENTED_EDGE('',*,*,#5898,.F.);
#5898 = EDGE_CURVE('',#5899,#5899,#5901,.T.);
#5899 = VERTEX_POINT('',#5900);
#5900 = CARTESIAN_POINT('',(-181.7,24.,42.5));
#5901 = SURFACE_CURVE('',#5902,(#5907,#5914),.PCURVE_S1.);
#5902 = CIRCLE('',#5903,3.3);
#5903 = AXIS2_PLACEMENT_3D('',#5904,#5905,#5906);
#5904 = CARTESIAN_POINT('',(-185.,24.,42.5));
#5905 = DIRECTION('',(0.,-1.,0.));
#5906 = DIRECTION('',(1.,0.,0.));
#5907 = PCURVE('',#5538,#5908);
#5908 = DEFINITIONAL_REPRESENTATION('',(#5909),#5913);
#5909 = CIRCLE('',#5910,3.3);
#5910 = AXIS2_PLACEMENT_2D('',#5911,#5912);
#5911 = CARTESIAN_POINT('',(27.5,20.));
#5912 = DIRECTION('',(0.,1.));
#5913 = ( GEOMETRIC_REPRESENTATION_CONTEXT(2)
PARAMETRIC_REPRESENTATION_CONTEXT() REPRESENTATION_CONTEXT('2D SPACE',''
  ) );
#5914 = PCURVE('',#5756,#5915);
#5915 = DEFINITIONAL_REPRESENTATION('',(#5916),#5920);
#5916 = LINE('',#5917,#5918);
#5917 = CARTESIAN_POINT('',(0.,0.));
#5918 = VECTOR('',#5919,1.);
#5919 = DIRECTION('',(1.,0.));
#5920 = ( GEOMETRIC_REPRESENTATION_CONTEXT(2)
PARAMETRIC_REPRESENTATION_CONTEXT() REPRESENTATION_CONTEXT('2D SPACE',''
  ) );
#5921 = ADVANCED_FACE('',(#5922),#5571,.F.);
#5922 = FACE_BOUND('',#5923,.F.);
#5923 = EDGE_LOOP('',(#5924,#5925,#5926,#5927));
#5924 = ORIENTED_EDGE('',*,*,#5653,.T.);
#5925 = ORIENTED_EDGE('',*,*,#5553,.T.);
#5926 = ORIENTED_EDGE('',*,*,#5822,.F.);
#5927 = ORIENTED_EDGE('',*,*,#5772,.T.);
#5928 = ADVANCED_FACE('',(#5929),#5694,.F.);
#5929 = FACE_BOUND('',#5930,.F.);
#5930 = EDGE_LOOP('',(#5931,#5932,#5953,#5954));
#5931 = ORIENTED_EDGE('',*,*,#5677,.F.);
#5932 = ORIENTED_EDGE('',*,*,#5933,.F.);
#5933 = EDGE_CURVE('',#5847,#5678,#5934,.T.);
#5934 = SEAM_CURVE('',#5935,(#5939,#5946),.PCURVE_S1.);
#5935 = LINE('',#5936,#5937);
#5936 = CARTESIAN_POINT('',(-221.7,24.,42.5));
#5937 = VECTOR('',#5938,1.);
#5938 = DIRECTION('',(0.,-1.,0.));
#5939 = PCURVE('',#5694,#5940);
#5940 = DEFINITIONAL_REPRESENTATION('',(#5941),#5945);
#5941 = LINE('',#5942,#5943);
#5942 = CARTESIAN_POINT('',(6.28318530718,-0.));
#5943 = VECTOR('',#5944,1.);
#5944 = DIRECTION('',(0.,1.));
#5945 = ( GEOMETRIC_REPRESENTATION_CONTEXT(2)
PARAMETRIC_REPRESENTATION_CONTEXT() REPRESENTATION_CONTEXT('2D SPACE',''
  ) );
#5946 = PCURVE('',#5694,#5947);
#5947 = DEFINITIONAL_REPRESENTATION('',(#5948),#5952);
#5948 = LINE('',#5949,#5950);
#5949 = CARTESIAN_POINT('',(0.,-0.));
#5950 = VECTOR('',#5951,1.);
#5951 = DIRECTION('',(0.,1.));
#5952 = ( GEOMETRIC_REPRESENTATION_CONTEXT(2)
PARAMETRIC_REPRESENTATION_CONTEXT() REPRESENTATION_CONTEXT('2D SPACE',''
  ) );
#5953 = ORIENTED_EDGE('',*,*,#5846,.T.);
#5954 = ORIENTED_EDGE('',*,*,#5933,.T.);
#5955 = ADVANCED_FACE('',(#5956),#5725,.F.);
#5956 = FACE_BOUND('',#5957,.F.);
#5957 = EDGE_LOOP('',(#5958,#5959,#5980,#5981));
#5958 = ORIENTED_EDGE('',*,*,#5708,.F.);
#5959 = ORIENTED_EDGE('',*,*,#5960,.F.);
#5960 = EDGE_CURVE('',#5873,#5709,#5961,.T.);
#5961 = SEAM_CURVE('',#5962,(#5966,#5973),.PCURVE_S1.);
#5962 = LINE('',#5963,#5964);
#5963 = CARTESIAN_POINT('',(-187.5,24.,70.));
#5964 = VECTOR('',#5965,1.);
#5965 = DIRECTION('',(0.,-1.,0.));
#5966 = PCURVE('',#5725,#5967);
#5967 = DEFINITIONAL_REPRESENTATION('',(#5968),#5972);
#5968 = LINE('',#5969,#5970);
#5969 = CARTESIAN_POINT('',(6.28318530718,-0.));
#5970 = VECTOR('',#5971,1.);
#5971 = DIRECTION('',(0.,1.));
#5972 = ( GEOMETRIC_REPRESENTATION_CONTEXT(2)
PARAMETRIC_REPRESENTATION_CONTEXT() REPRESENTATION_CONTEXT('2D SPACE',''
  ) );
#5973 = PCURVE('',#5725,#5974);
#5974 = DEFINITIONAL_REPRESENTATION('',(#5975),#5979);
#5975 = LINE('',#5976,#5977);
#5976 = CARTESIAN_POINT('',(0.,-0.));
#5977 = VECTOR('',#5978,1.);
#5978 = DIRECTION('',(0.,1.));
#5979 = ( GEOMETRIC_REPRESENTATION_CONTEXT(2)
PARAMETRIC_REPRESENTATION_CONTEXT() REPRESENTATION_CONTEXT('2D SPACE',''
  ) );
#5980 = ORIENTED_EDGE('',*,*,#5872,.T.);
#5981 = ORIENTED_EDGE('',*,*,#5960,.T.);
#5982 = ADVANCED_FACE('',(#5983),#5756,.F.);
#5983 = FACE_BOUND('',#5984,.F.);
#5984 = EDGE_LOOP('',(#5985,#5986,#6007,#6008));
#5985 = ORIENTED_EDGE('',*,*,#5739,.F.);
#5986 = ORIENTED_EDGE('',*,*,#5987,.F.);
#5987 = EDGE_CURVE('',#5899,#5740,#5988,.T.);
#5988 = SEAM_CURVE('',#5989,(#5993,#6000),.PCURVE_S1.);
#5989 = LINE('',#5990,#5991);
#5990 = CARTESIAN_POINT('',(-181.7,24.,42.5));
#5991 = VECTOR('',#5992,1.);
#5992 = DIRECTION('',(0.,-1.,0.));
#5993 = PCURVE('',#5756,#5994);
#5994 = DEFINITIONAL_REPRESENTATION('',(#5995),#5999);
#5995 = LINE('',#5996,#5997);
#5996 = CARTESIAN_POINT('',(6.28318530718,-0.));
#5997 = VECTOR('',#5998,1.);
#5998 = DIRECTION('',(0.,1.));
#5999 = ( GEOMETRIC_REPRESENTATION_CONTEXT(2)
PARAMETRIC_REPRESENTATION_CONTEXT() REPRESENTATION_CONTEXT('2D SPACE',''
  ) );
#6000 = PCURVE('',#5756,#6001);
#6001 = DEFINITIONAL_REPRESENTATION('',(#6002),#6006);
#6002 = LINE('',#6003,#6004);
#6003 = CARTESIAN_POINT('',(0.,-0.));
#6004 = VECTOR('',#6005,1.);
#6005 = DIRECTION('',(0.,1.));
#6006 = ( GEOMETRIC_REPRESENTATION_CONTEXT(2)
PARAMETRIC_REPRESENTATION_CONTEXT() REPRESENTATION_CONTEXT('2D SPACE',''
  ) );
#6007 = ORIENTED_EDGE('',*,*,#5898,.T.);
#6008 = ORIENTED_EDGE('',*,*,#5987,.T.);
#6009 = ( GEOMETRIC_REPRESENTATION_CONTEXT(3)
GLOBAL_UNCERTAINTY_ASSIGNED_CONTEXT((#6013))
GLOBAL_UNIT_ASSIGNED_CONTEXT((#6010,#6011,#6012)) REPRESENTATION_CONTEXT
('Context #1','3D Context with UNIT and UNCERTAINTY') );
#6010 = ( LENGTH_UNIT() NAMED_UNIT(*) SI_UNIT(.MILLI.,.METRE.) );
#6011 = ( NAMED_UNIT(*) PLANE_ANGLE_UNIT() SI_UNIT($,.RADIAN.) );
#6012 = ( NAMED_UNIT(*) SI_UNIT($,.STERADIAN.) SOLID_ANGLE_UNIT() );
#6013 = UNCERTAINTY_MEASURE_WITH_UNIT(LENGTH_MEASURE(1.E-07),#6010,
  'distance_accuracy_value','confusion accuracy');
#6014 = CONTEXT_DEPENDENT_SHAPE_REPRESENTATION(#6015,#6017);
#6015 = ( REPRESENTATION_RELATIONSHIP('','',#5426,#10)
REPRESENTATION_RELATIONSHIP_WITH_TRANSFORMATION(#6016)
SHAPE_REPRESENTATION_RELATIONSHIP() );
#6016 = ITEM_DEFINED_TRANSFORMATION('','',#11,#63);
#6017 = PRODUCT_DEFINITION_SHAPE('Placement','Placement of an item',
  #6018);
#6018 = NEXT_ASSEMBLY_USAGE_OCCURRENCE('13','','',#5,#5421,$);
#6019 = PRODUCT_RELATED_PRODUCT_CATEGORY('part',$,(#5423));
#6020 = SHAPE_DEFINITION_REPRESENTATION(#6021,#6027);
#6021 = PRODUCT_DEFINITION_SHAPE('','',#6022);
#6022 = PRODUCT_DEFINITION('design','',#6023,#6026);
#6023 = PRODUCT_DEFINITION_FORMATION('','',#6024);
#6024 = PRODUCT('Open CASCADE STEP translator 7.8 20.14',
  'Open CASCADE STEP translator 7.8 20.14','',(#6025));
#6025 = PRODUCT_CONTEXT('',#2,'mechanical');
#6026 = PRODUCT_DEFINITION_CONTEXT('part definition',#2,'design');
#6027 = ADVANCED_BREP_SHAPE_REPRESENTATION('',(#11,#6028),#6320);
#6028 = MANIFOLD_SOLID_BREP('',#6029);
#6029 = CLOSED_SHELL('',(#6030,#6118,#6173,#6208,#6243,#6293));
#6030 = ADVANCED_FACE('',(#6031),#6045,.T.);
#6031 = FACE_BOUND('',#6032,.F.);
#6032 = EDGE_LOOP('',(#6033,#6063,#6090,#6091));
#6033 = ORIENTED_EDGE('',*,*,#6034,.T.);
#6034 = EDGE_CURVE('',#6035,#6037,#6039,.T.);
#6035 = VERTEX_POINT('',#6036);
#6036 = CARTESIAN_POINT('',(-187.5,20.,70.));
#6037 = VERTEX_POINT('',#6038);
#6038 = CARTESIAN_POINT('',(-187.5,15.,70.));
#6039 = SEAM_CURVE('',#6040,(#6044,#6056),.PCURVE_S1.);
#6040 = LINE('',#6041,#6042);
#6041 = CARTESIAN_POINT('',(-187.5,20.,70.));
#6042 = VECTOR('',#6043,1.);
#6043 = DIRECTION('',(0.,-1.,0.));
#6044 = PCURVE('',#6045,#6050);
#6045 = CYLINDRICAL_SURFACE('',#6046,17.5);
#6046 = AXIS2_PLACEMENT_3D('',#6047,#6048,#6049);
#6047 = CARTESIAN_POINT('',(-205.,20.,70.));
#6048 = DIRECTION('',(-0.,1.,-0.));
#6049 = DIRECTION('',(1.,0.,0.));
#6050 = DEFINITIONAL_REPRESENTATION('',(#6051),#6055);
#6051 = LINE('',#6052,#6053);
#6052 = CARTESIAN_POINT('',(-0.,0.));
#6053 = VECTOR('',#6054,1.);
#6054 = DIRECTION('',(-0.,-1.));
#6055 = ( GEOMETRIC_REPRESENTATION_CONTEXT(2)
PARAMETRIC_REPRESENTATION_CONTEXT() REPRESENTATION_CONTEXT('2D SPACE',''
  ) );
#6056 = PCURVE('',#6045,#6057);
#6057 = DEFINITIONAL_REPRESENTATION('',(#6058),#6062);
#6058 = LINE('',#6059,#6060);
#6059 = CARTESIAN_POINT('',(-6.28318530718,0.));
#6060 = VECTOR('',#6061,1.);
#6061 = DIRECTION('',(-0.,-1.));
#6062 = ( GEOMETRIC_REPRESENTATION_CONTEXT(2)
PARAMETRIC_REPRESENTATION_CONTEXT() REPRESENTATION_CONTEXT('2D SPACE',''
  ) );
#6063 = ORIENTED_EDGE('',*,*,#6064,.T.);
#6064 = EDGE_CURVE('',#6037,#6037,#6065,.T.);
#6065 = SURFACE_CURVE('',#6066,(#6071,#6078),.PCURVE_S1.);
#6066 = CIRCLE('',#6067,17.5);
#6067 = AXIS2_PLACEMENT_3D('',#6068,#6069,#6070);
#6068 = CARTESIAN_POINT('',(-205.,15.,70.));
#6069 = DIRECTION('',(0.,-1.,0.));
#6070 = DIRECTION('',(1.,0.,0.));
#6071 = PCURVE('',#6045,#6072);
#6072 = DEFINITIONAL_REPRESENTATION('',(#6073),#6077);
#6073 = LINE('',#6074,#6075);
#6074 = CARTESIAN_POINT('',(-0.,-5.));
#6075 = VECTOR('',#6076,1.);
#6076 = DIRECTION('',(-1.,0.));
#6077 = ( GEOMETRIC_REPRESENTATION_CONTEXT(2)
PARAMETRIC_REPRESENTATION_CONTEXT() REPRESENTATION_CONTEXT('2D SPACE',''
  ) );
#6078 = PCURVE('',#6079,#6084);
#6079 = PLANE('',#6080);
#6080 = AXIS2_PLACEMENT_3D('',#6081,#6082,#6083);
#6081 = CARTESIAN_POINT('',(-205.,15.,70.));
#6082 = DIRECTION('',(-0.,-1.,-0.));
#6083 = DIRECTION('',(0.,0.,-1.));
#6084 = DEFINITIONAL_REPRESENTATION('',(#6085),#6089);
#6085 = CIRCLE('',#6086,17.5);
#6086 = AXIS2_PLACEMENT_2D('',#6087,#6088);
#6087 = CARTESIAN_POINT('',(0.,0.));
#6088 = DIRECTION('',(0.,1.));
#6089 = ( GEOMETRIC_REPRESENTATION_CONTEXT(2)
PARAMETRIC_REPRESENTATION_CONTEXT() REPRESENTATION_CONTEXT('2D SPACE',''
  ) );
#6090 = ORIENTED_EDGE('',*,*,#6034,.F.);
#6091 = ORIENTED_EDGE('',*,*,#6092,.F.);
#6092 = EDGE_CURVE('',#6035,#6035,#6093,.T.);
#6093 = SURFACE_CURVE('',#6094,(#6099,#6106),.PCURVE_S1.);
#6094 = CIRCLE('',#6095,17.5);
#6095 = AXIS2_PLACEMENT_3D('',#6096,#6097,#6098);
#6096 = CARTESIAN_POINT('',(-205.,20.,70.));
#6097 = DIRECTION('',(0.,-1.,0.));
#6098 = DIRECTION('',(1.,0.,0.));
#6099 = PCURVE('',#6045,#6100);
#6100 = DEFINITIONAL_REPRESENTATION('',(#6101),#6105);
#6101 = LINE('',#6102,#6103);
#6102 = CARTESIAN_POINT('',(-0.,0.));
#6103 = VECTOR('',#6104,1.);
#6104 = DIRECTION('',(-1.,0.));
#6105 = ( GEOMETRIC_REPRESENTATION_CONTEXT(2)
PARAMETRIC_REPRESENTATION_CONTEXT() REPRESENTATION_CONTEXT('2D SPACE',''
  ) );
#6106 = PCURVE('',#6107,#6112);
#6107 = CYLINDRICAL_SURFACE('',#6108,17.5);
#6108 = AXIS2_PLACEMENT_3D('',#6109,#6110,#6111);
#6109 = CARTESIAN_POINT('',(-205.,20.,70.));
#6110 = DIRECTION('',(0.,-1.,0.));
#6111 = DIRECTION('',(1.,0.,0.));
#6112 = DEFINITIONAL_REPRESENTATION('',(#6113),#6117);
#6113 = LINE('',#6114,#6115);
#6114 = CARTESIAN_POINT('',(0.,0.));
#6115 = VECTOR('',#6116,1.);
#6116 = DIRECTION('',(1.,0.));
#6117 = ( GEOMETRIC_REPRESENTATION_CONTEXT(2)
PARAMETRIC_REPRESENTATION_CONTEXT() REPRESENTATION_CONTEXT('2D SPACE',''
  ) );
#6118 = ADVANCED_FACE('',(#6119),#6107,.T.);
#6119 = FACE_BOUND('',#6120,.T.);
#6120 = EDGE_LOOP('',(#6121,#6144,#6171,#6172));
#6121 = ORIENTED_EDGE('',*,*,#6122,.T.);
#6122 = EDGE_CURVE('',#6035,#6123,#6125,.T.);
#6123 = VERTEX_POINT('',#6124);
#6124 = CARTESIAN_POINT('',(-187.5,25.,70.));
#6125 = SEAM_CURVE('',#6126,(#6130,#6137),.PCURVE_S1.);
#6126 = LINE('',#6127,#6128);
#6127 = CARTESIAN_POINT('',(-187.5,20.,70.));
#6128 = VECTOR('',#6129,1.);
#6129 = DIRECTION('',(-0.,1.,-0.));
#6130 = PCURVE('',#6107,#6131);
#6131 = DEFINITIONAL_REPRESENTATION('',(#6132),#6136);
#6132 = LINE('',#6133,#6134);
#6133 = CARTESIAN_POINT('',(0.,0.));
#6134 = VECTOR('',#6135,1.);
#6135 = DIRECTION('',(0.,-1.));
#6136 = ( GEOMETRIC_REPRESENTATION_CONTEXT(2)
PARAMETRIC_REPRESENTATION_CONTEXT() REPRESENTATION_CONTEXT('2D SPACE',''
  ) );
#6137 = PCURVE('',#6107,#6138);
#6138 = DEFINITIONAL_REPRESENTATION('',(#6139),#6143);
#6139 = LINE('',#6140,#6141);
#6140 = CARTESIAN_POINT('',(6.28318530718,0.));
#6141 = VECTOR('',#6142,1.);
#6142 = DIRECTION('',(0.,-1.));
#6143 = ( GEOMETRIC_REPRESENTATION_CONTEXT(2)
PARAMETRIC_REPRESENTATION_CONTEXT() REPRESENTATION_CONTEXT('2D SPACE',''
  ) );
#6144 = ORIENTED_EDGE('',*,*,#6145,.T.);
#6145 = EDGE_CURVE('',#6123,#6123,#6146,.T.);
#6146 = SURFACE_CURVE('',#6147,(#6152,#6159),.PCURVE_S1.);
#6147 = CIRCLE('',#6148,17.5);
#6148 = AXIS2_PLACEMENT_3D('',#6149,#6150,#6151);
#6149 = CARTESIAN_POINT('',(-205.,25.,70.));
#6150 = DIRECTION('',(0.,-1.,0.));
#6151 = DIRECTION('',(1.,0.,0.));
#6152 = PCURVE('',#6107,#6153);
#6153 = DEFINITIONAL_REPRESENTATION('',(#6154),#6158);
#6154 = LINE('',#6155,#6156);
#6155 = CARTESIAN_POINT('',(0.,-5.));
#6156 = VECTOR('',#6157,1.);
#6157 = DIRECTION('',(1.,0.));
#6158 = ( GEOMETRIC_REPRESENTATION_CONTEXT(2)
PARAMETRIC_REPRESENTATION_CONTEXT() REPRESENTATION_CONTEXT('2D SPACE',''
  ) );
#6159 = PCURVE('',#6160,#6165);
#6160 = PLANE('',#6161);
#6161 = AXIS2_PLACEMENT_3D('',#6162,#6163,#6164);
#6162 = CARTESIAN_POINT('',(-205.,25.,70.));
#6163 = DIRECTION('',(-0.,-1.,-0.));
#6164 = DIRECTION('',(0.,0.,-1.));
#6165 = DEFINITIONAL_REPRESENTATION('',(#6166),#6170);
#6166 = CIRCLE('',#6167,17.5);
#6167 = AXIS2_PLACEMENT_2D('',#6168,#6169);
#6168 = CARTESIAN_POINT('',(0.,0.));
#6169 = DIRECTION('',(0.,1.));
#6170 = ( GEOMETRIC_REPRESENTATION_CONTEXT(2)
PARAMETRIC_REPRESENTATION_CONTEXT() REPRESENTATION_CONTEXT('2D SPACE',''
  ) );
#6171 = ORIENTED_EDGE('',*,*,#6122,.F.);
#6172 = ORIENTED_EDGE('',*,*,#6092,.F.);
#6173 = ADVANCED_FACE('',(#6174,#6177),#6079,.T.);
#6174 = FACE_BOUND('',#6175,.T.);
#6175 = EDGE_LOOP('',(#6176));
#6176 = ORIENTED_EDGE('',*,*,#6064,.T.);
#6177 = FACE_BOUND('',#6178,.T.);
#6178 = EDGE_LOOP('',(#6179));
#6179 = ORIENTED_EDGE('',*,*,#6180,.F.);
#6180 = EDGE_CURVE('',#6181,#6181,#6183,.T.);
#6181 = VERTEX_POINT('',#6182);
#6182 = CARTESIAN_POINT('',(-196.5,15.,70.));
#6183 = SURFACE_CURVE('',#6184,(#6189,#6196),.PCURVE_S1.);
#6184 = CIRCLE('',#6185,8.5);
#6185 = AXIS2_PLACEMENT_3D('',#6186,#6187,#6188);
#6186 = CARTESIAN_POINT('',(-205.,15.,70.));
#6187 = DIRECTION('',(0.,-1.,0.));
#6188 = DIRECTION('',(1.,0.,0.));
#6189 = PCURVE('',#6079,#6190);
#6190 = DEFINITIONAL_REPRESENTATION('',(#6191),#6195);
#6191 = CIRCLE('',#6192,8.5);
#6192 = AXIS2_PLACEMENT_2D('',#6193,#6194);
#6193 = CARTESIAN_POINT('',(0.,8.526512829121E-14));
#6194 = DIRECTION('',(0.,1.));
#6195 = ( GEOMETRIC_REPRESENTATION_CONTEXT(2)
PARAMETRIC_REPRESENTATION_CONTEXT() REPRESENTATION_CONTEXT('2D SPACE',''
  ) );
#6196 = PCURVE('',#6197,#6202);
#6197 = CYLINDRICAL_SURFACE('',#6198,8.5);
#6198 = AXIS2_PLACEMENT_3D('',#6199,#6200,#6201);
#6199 = CARTESIAN_POINT('',(-205.,20.,70.));
#6200 = DIRECTION('',(-0.,1.,-0.));
#6201 = DIRECTION('',(1.,0.,0.));
#6202 = DEFINITIONAL_REPRESENTATION('',(#6203),#6207);
#6203 = LINE('',#6204,#6205);
#6204 = CARTESIAN_POINT('',(-0.,-5.));
#6205 = VECTOR('',#6206,1.);
#6206 = DIRECTION('',(-1.,0.));
#6207 = ( GEOMETRIC_REPRESENTATION_CONTEXT(2)
PARAMETRIC_REPRESENTATION_CONTEXT() REPRESENTATION_CONTEXT('2D SPACE',''
  ) );
#6208 = ADVANCED_FACE('',(#6209,#6212),#6160,.F.);
#6209 = FACE_BOUND('',#6210,.F.);
#6210 = EDGE_LOOP('',(#6211));
#6211 = ORIENTED_EDGE('',*,*,#6145,.T.);
#6212 = FACE_BOUND('',#6213,.F.);
#6213 = EDGE_LOOP('',(#6214));
#6214 = ORIENTED_EDGE('',*,*,#6215,.F.);
#6215 = EDGE_CURVE('',#6216,#6216,#6218,.T.);
#6216 = VERTEX_POINT('',#6217);
#6217 = CARTESIAN_POINT('',(-196.5,25.,70.));
#6218 = SURFACE_CURVE('',#6219,(#6224,#6231),.PCURVE_S1.);
#6219 = CIRCLE('',#6220,8.5);
#6220 = AXIS2_PLACEMENT_3D('',#6221,#6222,#6223);
#6221 = CARTESIAN_POINT('',(-205.,25.,70.));
#6222 = DIRECTION('',(0.,-1.,0.));
#6223 = DIRECTION('',(1.,0.,0.));
#6224 = PCURVE('',#6160,#6225);
#6225 = DEFINITIONAL_REPRESENTATION('',(#6226),#6230);
#6226 = CIRCLE('',#6227,8.5);
#6227 = AXIS2_PLACEMENT_2D('',#6228,#6229);
#6228 = CARTESIAN_POINT('',(0.,8.526512829121E-14));
#6229 = DIRECTION('',(0.,1.));
#6230 = ( GEOMETRIC_REPRESENTATION_CONTEXT(2)
PARAMETRIC_REPRESENTATION_CONTEXT() REPRESENTATION_CONTEXT('2D SPACE',''
  ) );
#6231 = PCURVE('',#6232,#6237);
#6232 = CYLINDRICAL_SURFACE('',#6233,8.5);
#6233 = AXIS2_PLACEMENT_3D('',#6234,#6235,#6236);
#6234 = CARTESIAN_POINT('',(-205.,20.,70.));
#6235 = DIRECTION('',(0.,-1.,0.));
#6236 = DIRECTION('',(1.,0.,0.));
#6237 = DEFINITIONAL_REPRESENTATION('',(#6238),#6242);
#6238 = LINE('',#6239,#6240);
#6239 = CARTESIAN_POINT('',(0.,-5.));
#6240 = VECTOR('',#6241,1.);
#6241 = DIRECTION('',(1.,0.));
#6242 = ( GEOMETRIC_REPRESENTATION_CONTEXT(2)
PARAMETRIC_REPRESENTATION_CONTEXT() REPRESENTATION_CONTEXT('2D SPACE',''
  ) );
#6243 = ADVANCED_FACE('',(#6244),#6197,.F.);
#6244 = FACE_BOUND('',#6245,.T.);
#6245 = EDGE_LOOP('',(#6246,#6269,#6270,#6271));
#6246 = ORIENTED_EDGE('',*,*,#6247,.T.);
#6247 = EDGE_CURVE('',#6248,#6181,#6250,.T.);
#6248 = VERTEX_POINT('',#6249);
#6249 = CARTESIAN_POINT('',(-196.5,20.,70.));
#6250 = SEAM_CURVE('',#6251,(#6255,#6262),.PCURVE_S1.);
#6251 = LINE('',#6252,#6253);
#6252 = CARTESIAN_POINT('',(-196.5,20.,70.));
#6253 = VECTOR('',#6254,1.);
#6254 = DIRECTION('',(0.,-1.,0.));
#6255 = PCURVE('',#6197,#6256);
#6256 = DEFINITIONAL_REPRESENTATION('',(#6257),#6261);
#6257 = LINE('',#6258,#6259);
#6258 = CARTESIAN_POINT('',(-0.,0.));
#6259 = VECTOR('',#6260,1.);
#6260 = DIRECTION('',(-0.,-1.));
#6261 = ( GEOMETRIC_REPRESENTATION_CONTEXT(2)
PARAMETRIC_REPRESENTATION_CONTEXT() REPRESENTATION_CONTEXT('2D SPACE',''
  ) );
#6262 = PCURVE('',#6197,#6263);
#6263 = DEFINITIONAL_REPRESENTATION('',(#6264),#6268);
#6264 = LINE('',#6265,#6266);
#6265 = CARTESIAN_POINT('',(-6.28318530718,0.));
#6266 = VECTOR('',#6267,1.);
#6267 = DIRECTION('',(-0.,-1.));
#6268 = ( GEOMETRIC_REPRESENTATION_CONTEXT(2)
PARAMETRIC_REPRESENTATION_CONTEXT() REPRESENTATION_CONTEXT('2D SPACE',''
  ) );
#6269 = ORIENTED_EDGE('',*,*,#6180,.T.);
#6270 = ORIENTED_EDGE('',*,*,#6247,.F.);
#6271 = ORIENTED_EDGE('',*,*,#6272,.F.);
#6272 = EDGE_CURVE('',#6248,#6248,#6273,.T.);
#6273 = SURFACE_CURVE('',#6274,(#6279,#6286),.PCURVE_S1.);
#6274 = CIRCLE('',#6275,8.5);
#6275 = AXIS2_PLACEMENT_3D('',#6276,#6277,#6278);
#6276 = CARTESIAN_POINT('',(-205.,20.,70.));
#6277 = DIRECTION('',(0.,-1.,0.));
#6278 = DIRECTION('',(1.,0.,0.));
#6279 = PCURVE('',#6197,#6280);
#6280 = DEFINITIONAL_REPRESENTATION('',(#6281),#6285);
#6281 = LINE('',#6282,#6283);
#6282 = CARTESIAN_POINT('',(-0.,0.));
#6283 = VECTOR('',#6284,1.);
#6284 = DIRECTION('',(-1.,0.));
#6285 = ( GEOMETRIC_REPRESENTATION_CONTEXT(2)
PARAMETRIC_REPRESENTATION_CONTEXT() REPRESENTATION_CONTEXT('2D SPACE',''
  ) );
#6286 = PCURVE('',#6232,#6287);
#6287 = DEFINITIONAL_REPRESENTATION('',(#6288),#6292);
#6288 = LINE('',#6289,#6290);
#6289 = CARTESIAN_POINT('',(0.,0.));
#6290 = VECTOR('',#6291,1.);
#6291 = DIRECTION('',(1.,0.));
#6292 = ( GEOMETRIC_REPRESENTATION_CONTEXT(2)
PARAMETRIC_REPRESENTATION_CONTEXT() REPRESENTATION_CONTEXT('2D SPACE',''
  ) );
#6293 = ADVANCED_FACE('',(#6294),#6232,.F.);
#6294 = FACE_BOUND('',#6295,.F.);
#6295 = EDGE_LOOP('',(#6296,#6317,#6318,#6319));
#6296 = ORIENTED_EDGE('',*,*,#6297,.T.);
#6297 = EDGE_CURVE('',#6248,#6216,#6298,.T.);
#6298 = SEAM_CURVE('',#6299,(#6303,#6310),.PCURVE_S1.);
#6299 = LINE('',#6300,#6301);
#6300 = CARTESIAN_POINT('',(-196.5,20.,70.));
#6301 = VECTOR('',#6302,1.);
#6302 = DIRECTION('',(-0.,1.,-0.));
#6303 = PCURVE('',#6232,#6304);
#6304 = DEFINITIONAL_REPRESENTATION('',(#6305),#6309);
#6305 = LINE('',#6306,#6307);
#6306 = CARTESIAN_POINT('',(0.,0.));
#6307 = VECTOR('',#6308,1.);
#6308 = DIRECTION('',(0.,-1.));
#6309 = ( GEOMETRIC_REPRESENTATION_CONTEXT(2)
PARAMETRIC_REPRESENTATION_CONTEXT() REPRESENTATION_CONTEXT('2D SPACE',''
  ) );
#6310 = PCURVE('',#6232,#6311);
#6311 = DEFINITIONAL_REPRESENTATION('',(#6312),#6316);
#6312 = LINE('',#6313,#6314);
#6313 = CARTESIAN_POINT('',(6.28318530718,0.));
#6314 = VECTOR('',#6315,1.);
#6315 = DIRECTION('',(0.,-1.));
#6316 = ( GEOMETRIC_REPRESENTATION_CONTEXT(2)
PARAMETRIC_REPRESENTATION_CONTEXT() REPRESENTATION_CONTEXT('2D SPACE',''
  ) );
#6317 = ORIENTED_EDGE('',*,*,#6215,.T.);
#6318 = ORIENTED_EDGE('',*,*,#6297,.F.);
#6319 = ORIENTED_EDGE('',*,*,#6272,.F.);
#6320 = ( GEOMETRIC_REPRESENTATION_CONTEXT(3)
GLOBAL_UNCERTAINTY_ASSIGNED_CONTEXT((#6324))
GLOBAL_UNIT_ASSIGNED_CONTEXT((#6321,#6322,#6323)) REPRESENTATION_CONTEXT
('Context #1','3D Context with UNIT and UNCERTAINTY') );
#6321 = ( LENGTH_UNIT() NAMED_UNIT(*) SI_UNIT(.MILLI.,.METRE.) );
#6322 = ( NAMED_UNIT(*) PLANE_ANGLE_UNIT() SI_UNIT($,.RADIAN.) );
#6323 = ( NAMED_UNIT(*) SI_UNIT($,.STERADIAN.) SOLID_ANGLE_UNIT() );
#6324 = UNCERTAINTY_MEASURE_WITH_UNIT(LENGTH_MEASURE(1.E-07),#6321,
  'distance_accuracy_value','confusion accuracy');
#6325 = CONTEXT_DEPENDENT_SHAPE_REPRESENTATION(#6326,#6328);
#6326 = ( REPRESENTATION_RELATIONSHIP('','',#6027,#10)
REPRESENTATION_RELATIONSHIP_WITH_TRANSFORMATION(#6327)
SHAPE_REPRESENTATION_RELATIONSHIP() );
#6327 = ITEM_DEFINED_TRANSFORMATION('','',#11,#67);
#6328 = PRODUCT_DEFINITION_SHAPE('Placement','Placement of an item',
  #6329);
#6329 = NEXT_ASSEMBLY_USAGE_OCCURRENCE('14','','',#5,#6022,$);
#6330 = PRODUCT_RELATED_PRODUCT_CATEGORY('part',$,(#6024));
#6331 = SHAPE_DEFINITION_REPRESENTATION(#6332,#6338);
#6332 = PRODUCT_DEFINITION_SHAPE('','',#6333);
#6333 = PRODUCT_DEFINITION('design','',#6334,#6337);
#6334 = PRODUCT_DEFINITION_FORMATION('','',#6335);
#6335 = PRODUCT('Open CASCADE STEP translator 7.8 20.15',
  'Open CASCADE STEP translator 7.8 20.15','',(#6336));
#6336 = PRODUCT_CONTEXT('',#2,'mechanical');
#6337 = PRODUCT_DEFINITION_CONTEXT('part definition',#2,'design');
#6338 = ADVANCED_BREP_SHAPE_REPRESENTATION('',(#11,#6339),#6631);
#6339 = MANIFOLD_SOLID_BREP('',#6340);
#6340 = CLOSED_SHELL('',(#6341,#6429,#6484,#6519,#6554,#6604));
#6341 = ADVANCED_FACE('',(#6342),#6356,.T.);
#6342 = FACE_BOUND('',#6343,.F.);
#6343 = EDGE_LOOP('',(#6344,#6374,#6401,#6402));
#6344 = ORIENTED_EDGE('',*,*,#6345,.T.);
#6345 = EDGE_CURVE('',#6346,#6348,#6350,.T.);
#6346 = VERTEX_POINT('',#6347);
#6347 = CARTESIAN_POINT('',(-182.5,-46.5,70.));
#6348 = VERTEX_POINT('',#6349);
#6349 = CARTESIAN_POINT('',(-182.5,-48.,70.));
#6350 = SEAM_CURVE('',#6351,(#6355,#6367),.PCURVE_S1.);
#6351 = LINE('',#6352,#6353);
#6352 = CARTESIAN_POINT('',(-182.5,-46.5,70.));
#6353 = VECTOR('',#6354,1.);
#6354 = DIRECTION('',(0.,-1.,0.));
#6355 = PCURVE('',#6356,#6361);
#6356 = CYLINDRICAL_SURFACE('',#6357,22.5);
#6357 = AXIS2_PLACEMENT_3D('',#6358,#6359,#6360);
#6358 = CARTESIAN_POINT('',(-205.,-46.5,70.));
#6359 = DIRECTION('',(-0.,1.,-0.));
#6360 = DIRECTION('',(1.,0.,0.));
#6361 = DEFINITIONAL_REPRESENTATION('',(#6362),#6366);
#6362 = LINE('',#6363,#6364);
#6363 = CARTESIAN_POINT('',(-0.,0.));
#6364 = VECTOR('',#6365,1.);
#6365 = DIRECTION('',(-0.,-1.));
#6366 = ( GEOMETRIC_REPRESENTATION_CONTEXT(2)
PARAMETRIC_REPRESENTATION_CONTEXT() REPRESENTATION_CONTEXT('2D SPACE',''
  ) );
#6367 = PCURVE('',#6356,#6368);
#6368 = DEFINITIONAL_REPRESENTATION('',(#6369),#6373);
#6369 = LINE('',#6370,#6371);
#6370 = CARTESIAN_POINT('',(-6.28318530718,0.));
#6371 = VECTOR('',#6372,1.);
#6372 = DIRECTION('',(-0.,-1.));
#6373 = ( GEOMETRIC_REPRESENTATION_CONTEXT(2)
PARAMETRIC_REPRESENTATION_CONTEXT() REPRESENTATION_CONTEXT('2D SPACE',''
  ) );
#6374 = ORIENTED_EDGE('',*,*,#6375,.T.);
#6375 = EDGE_CURVE('',#6348,#6348,#6376,.T.);
#6376 = SURFACE_CURVE('',#6377,(#6382,#6389),.PCURVE_S1.);
#6377 = CIRCLE('',#6378,22.5);
#6378 = AXIS2_PLACEMENT_3D('',#6379,#6380,#6381);
#6379 = CARTESIAN_POINT('',(-205.,-48.,70.));
#6380 = DIRECTION('',(0.,-1.,0.));
#6381 = DIRECTION('',(1.,0.,0.));
#6382 = PCURVE('',#6356,#6383);
#6383 = DEFINITIONAL_REPRESENTATION('',(#6384),#6388);
#6384 = LINE('',#6385,#6386);
#6385 = CARTESIAN_POINT('',(-0.,-1.5));
#6386 = VECTOR('',#6387,1.);
#6387 = DIRECTION('',(-1.,0.));
#6388 = ( GEOMETRIC_REPRESENTATION_CONTEXT(2)
PARAMETRIC_REPRESENTATION_CONTEXT() REPRESENTATION_CONTEXT('2D SPACE',''
  ) );
#6389 = PCURVE('',#6390,#6395);
#6390 = PLANE('',#6391);
#6391 = AXIS2_PLACEMENT_3D('',#6392,#6393,#6394);
#6392 = CARTESIAN_POINT('',(-205.,-48.,70.));
#6393 = DIRECTION('',(-0.,-1.,-0.));
#6394 = DIRECTION('',(0.,0.,-1.));
#6395 = DEFINITIONAL_REPRESENTATION('',(#6396),#6400);
#6396 = CIRCLE('',#6397,22.5);
#6397 = AXIS2_PLACEMENT_2D('',#6398,#6399);
#6398 = CARTESIAN_POINT('',(0.,0.));
#6399 = DIRECTION('',(0.,1.));
#6400 = ( GEOMETRIC_REPRESENTATION_CONTEXT(2)
PARAMETRIC_REPRESENTATION_CONTEXT() REPRESENTATION_CONTEXT('2D SPACE',''
  ) );
#6401 = ORIENTED_EDGE('',*,*,#6345,.F.);
#6402 = ORIENTED_EDGE('',*,*,#6403,.F.);
#6403 = EDGE_CURVE('',#6346,#6346,#6404,.T.);
#6404 = SURFACE_CURVE('',#6405,(#6410,#6417),.PCURVE_S1.);
#6405 = CIRCLE('',#6406,22.5);
#6406 = AXIS2_PLACEMENT_3D('',#6407,#6408,#6409);
#6407 = CARTESIAN_POINT('',(-205.,-46.5,70.));
#6408 = DIRECTION('',(0.,-1.,0.));
#6409 = DIRECTION('',(1.,0.,0.));
#6410 = PCURVE('',#6356,#6411);
#6411 = DEFINITIONAL_REPRESENTATION('',(#6412),#6416);
#6412 = LINE('',#6413,#6414);
#6413 = CARTESIAN_POINT('',(-0.,0.));
#6414 = VECTOR('',#6415,1.);
#6415 = DIRECTION('',(-1.,0.));
#6416 = ( GEOMETRIC_REPRESENTATION_CONTEXT(2)
PARAMETRIC_REPRESENTATION_CONTEXT() REPRESENTATION_CONTEXT('2D SPACE',''
  ) );
#6417 = PCURVE('',#6418,#6423);
#6418 = CYLINDRICAL_SURFACE('',#6419,22.5);
#6419 = AXIS2_PLACEMENT_3D('',#6420,#6421,#6422);
#6420 = CARTESIAN_POINT('',(-205.,-46.5,70.));
#6421 = DIRECTION('',(0.,-1.,0.));
#6422 = DIRECTION('',(1.,0.,0.));
#6423 = DEFINITIONAL_REPRESENTATION('',(#6424),#6428);
#6424 = LINE('',#6425,#6426);
#6425 = CARTESIAN_POINT('',(0.,0.));
#6426 = VECTOR('',#6427,1.);
#6427 = DIRECTION('',(1.,0.));
#6428 = ( GEOMETRIC_REPRESENTATION_CONTEXT(2)
PARAMETRIC_REPRESENTATION_CONTEXT() REPRESENTATION_CONTEXT('2D SPACE',''
  ) );
#6429 = ADVANCED_FACE('',(#6430),#6418,.T.);
#6430 = FACE_BOUND('',#6431,.T.);
#6431 = EDGE_LOOP('',(#6432,#6455,#6482,#6483));
#6432 = ORIENTED_EDGE('',*,*,#6433,.T.);
#6433 = EDGE_CURVE('',#6346,#6434,#6436,.T.);
#6434 = VERTEX_POINT('',#6435);
#6435 = CARTESIAN_POINT('',(-182.5,-45.,70.));
#6436 = SEAM_CURVE('',#6437,(#6441,#6448),.PCURVE_S1.);
#6437 = LINE('',#6438,#6439);
#6438 = CARTESIAN_POINT('',(-182.5,-46.5,70.));
#6439 = VECTOR('',#6440,1.);
#6440 = DIRECTION('',(-0.,1.,-0.));
#6441 = PCURVE('',#6418,#6442);
#6442 = DEFINITIONAL_REPRESENTATION('',(#6443),#6447);
#6443 = LINE('',#6444,#6445);
#6444 = CARTESIAN_POINT('',(0.,0.));
#6445 = VECTOR('',#6446,1.);
#6446 = DIRECTION('',(0.,-1.));
#6447 = ( GEOMETRIC_REPRESENTATION_CONTEXT(2)
PARAMETRIC_REPRESENTATION_CONTEXT() REPRESENTATION_CONTEXT('2D SPACE',''
  ) );
#6448 = PCURVE('',#6418,#6449);
#6449 = DEFINITIONAL_REPRESENTATION('',(#6450),#6454);
#6450 = LINE('',#6451,#6452);
#6451 = CARTESIAN_POINT('',(6.28318530718,0.));
#6452 = VECTOR('',#6453,1.);
#6453 = DIRECTION('',(0.,-1.));
#6454 = ( GEOMETRIC_REPRESENTATION_CONTEXT(2)
PARAMETRIC_REPRESENTATION_CONTEXT() REPRESENTATION_CONTEXT('2D SPACE',''
  ) );
#6455 = ORIENTED_EDGE('',*,*,#6456,.T.);
#6456 = EDGE_CURVE('',#6434,#6434,#6457,.T.);
#6457 = SURFACE_CURVE('',#6458,(#6463,#6470),.PCURVE_S1.);
#6458 = CIRCLE('',#6459,22.5);
#6459 = AXIS2_PLACEMENT_3D('',#6460,#6461,#6462);
#6460 = CARTESIAN_POINT('',(-205.,-45.,70.));
#6461 = DIRECTION('',(0.,-1.,0.));
#6462 = DIRECTION('',(1.,0.,0.));
#6463 = PCURVE('',#6418,#6464);
#6464 = DEFINITIONAL_REPRESENTATION('',(#6465),#6469);
#6465 = LINE('',#6466,#6467);
#6466 = CARTESIAN_POINT('',(0.,-1.5));
#6467 = VECTOR('',#6468,1.);
#6468 = DIRECTION('',(1.,0.));
#6469 = ( GEOMETRIC_REPRESENTATION_CONTEXT(2)
PARAMETRIC_REPRESENTATION_CONTEXT() REPRESENTATION_CONTEXT('2D SPACE',''
  ) );
#6470 = PCURVE('',#6471,#6476);
#6471 = PLANE('',#6472);
#6472 = AXIS2_PLACEMENT_3D('',#6473,#6474,#6475);
#6473 = CARTESIAN_POINT('',(-205.,-45.,70.));
#6474 = DIRECTION('',(-0.,-1.,-0.));
#6475 = DIRECTION('',(0.,0.,-1.));
#6476 = DEFINITIONAL_REPRESENTATION('',(#6477),#6481);
#6477 = CIRCLE('',#6478,22.5);
#6478 = AXIS2_PLACEMENT_2D('',#6479,#6480);
#6479 = CARTESIAN_POINT('',(0.,0.));
#6480 = DIRECTION('',(0.,1.));
#6481 = ( GEOMETRIC_REPRESENTATION_CONTEXT(2)
PARAMETRIC_REPRESENTATION_CONTEXT() REPRESENTATION_CONTEXT('2D SPACE',''
  ) );
#6482 = ORIENTED_EDGE('',*,*,#6433,.F.);
#6483 = ORIENTED_EDGE('',*,*,#6403,.F.);
#6484 = ADVANCED_FACE('',(#6485,#6488),#6390,.T.);
#6485 = FACE_BOUND('',#6486,.T.);
#6486 = EDGE_LOOP('',(#6487));
#6487 = ORIENTED_EDGE('',*,*,#6375,.T.);
#6488 = FACE_BOUND('',#6489,.T.);
#6489 = EDGE_LOOP('',(#6490));
#6490 = ORIENTED_EDGE('',*,*,#6491,.F.);
#6491 = EDGE_CURVE('',#6492,#6492,#6494,.T.);
#6492 = VERTEX_POINT('',#6493);
#6493 = CARTESIAN_POINT('',(-187.5,-48.,70.));
#6494 = SURFACE_CURVE('',#6495,(#6500,#6507),.PCURVE_S1.);
#6495 = CIRCLE('',#6496,17.5);
#6496 = AXIS2_PLACEMENT_3D('',#6497,#6498,#6499);
#6497 = CARTESIAN_POINT('',(-205.,-48.,70.));
#6498 = DIRECTION('',(0.,-1.,0.));
#6499 = DIRECTION('',(1.,0.,0.));
#6500 = PCURVE('',#6390,#6501);
#6501 = DEFINITIONAL_REPRESENTATION('',(#6502),#6506);
#6502 = CIRCLE('',#6503,17.5);
#6503 = AXIS2_PLACEMENT_2D('',#6504,#6505);
#6504 = CARTESIAN_POINT('',(0.,1.136868377216E-13));
#6505 = DIRECTION('',(0.,1.));
#6506 = ( GEOMETRIC_REPRESENTATION_CONTEXT(2)
PARAMETRIC_REPRESENTATION_CONTEXT() REPRESENTATION_CONTEXT('2D SPACE',''
  ) );
#6507 = PCURVE('',#6508,#6513);
#6508 = CYLINDRICAL_SURFACE('',#6509,17.5);
#6509 = AXIS2_PLACEMENT_3D('',#6510,#6511,#6512);
#6510 = CARTESIAN_POINT('',(-205.,-46.5,70.));
#6511 = DIRECTION('',(-0.,1.,-0.));
#6512 = DIRECTION('',(1.,0.,0.));
#6513 = DEFINITIONAL_REPRESENTATION('',(#6514),#6518);
#6514 = LINE('',#6515,#6516);
#6515 = CARTESIAN_POINT('',(-0.,-1.5));
#6516 = VECTOR('',#6517,1.);
#6517 = DIRECTION('',(-1.,0.));
#6518 = ( GEOMETRIC_REPRESENTATION_CONTEXT(2)
PARAMETRIC_REPRESENTATION_CONTEXT() REPRESENTATION_CONTEXT('2D SPACE',''
  ) );
#6519 = ADVANCED_FACE('',(#6520,#6523),#6471,.F.);
#6520 = FACE_BOUND('',#6521,.F.);
#6521 = EDGE_LOOP('',(#6522));
#6522 = ORIENTED_EDGE('',*,*,#6456,.T.);
#6523 = FACE_BOUND('',#6524,.F.);
#6524 = EDGE_LOOP('',(#6525));
#6525 = ORIENTED_EDGE('',*,*,#6526,.F.);
#6526 = EDGE_CURVE('',#6527,#6527,#6529,.T.);
#6527 = VERTEX_POINT('',#6528);
#6528 = CARTESIAN_POINT('',(-187.5,-45.,70.));
#6529 = SURFACE_CURVE('',#6530,(#6535,#6542),.PCURVE_S1.);
#6530 = CIRCLE('',#6531,17.5);
#6531 = AXIS2_PLACEMENT_3D('',#6532,#6533,#6534);
#6532 = CARTESIAN_POINT('',(-205.,-45.,70.));
#6533 = DIRECTION('',(0.,-1.,0.));
#6534 = DIRECTION('',(1.,0.,0.));
#6535 = PCURVE('',#6471,#6536);
#6536 = DEFINITIONAL_REPRESENTATION('',(#6537),#6541);
#6537 = CIRCLE('',#6538,17.5);
#6538 = AXIS2_PLACEMENT_2D('',#6539,#6540);
#6539 = CARTESIAN_POINT('',(0.,1.136868377216E-13));
#6540 = DIRECTION('',(0.,1.));
#6541 = ( GEOMETRIC_REPRESENTATION_CONTEXT(2)
PARAMETRIC_REPRESENTATION_CONTEXT() REPRESENTATION_CONTEXT('2D SPACE',''
  ) );
#6542 = PCURVE('',#6543,#6548);
#6543 = CYLINDRICAL_SURFACE('',#6544,17.5);
#6544 = AXIS2_PLACEMENT_3D('',#6545,#6546,#6547);
#6545 = CARTESIAN_POINT('',(-205.,-46.5,70.));
#6546 = DIRECTION('',(0.,-1.,0.));
#6547 = DIRECTION('',(1.,0.,0.));
#6548 = DEFINITIONAL_REPRESENTATION('',(#6549),#6553);
#6549 = LINE('',#6550,#6551);
#6550 = CARTESIAN_POINT('',(0.,-1.5));
#6551 = VECTOR('',#6552,1.);
#6552 = DIRECTION('',(1.,0.));
#6553 = ( GEOMETRIC_REPRESENTATION_CONTEXT(2)
PARAMETRIC_REPRESENTATION_CONTEXT() REPRESENTATION_CONTEXT('2D SPACE',''
  ) );
#6554 = ADVANCED_FACE('',(#6555),#6508,.F.);
#6555 = FACE_BOUND('',#6556,.T.);
#6556 = EDGE_LOOP('',(#6557,#6580,#6581,#6582));
#6557 = ORIENTED_EDGE('',*,*,#6558,.T.);
#6558 = EDGE_CURVE('',#6559,#6492,#6561,.T.);
#6559 = VERTEX_POINT('',#6560);
#6560 = CARTESIAN_POINT('',(-187.5,-46.5,70.));
#6561 = SEAM_CURVE('',#6562,(#6566,#6573),.PCURVE_S1.);
#6562 = LINE('',#6563,#6564);
#6563 = CARTESIAN_POINT('',(-187.5,-46.5,70.));
#6564 = VECTOR('',#6565,1.);
#6565 = DIRECTION('',(0.,-1.,0.));
#6566 = PCURVE('',#6508,#6567);
#6567 = DEFINITIONAL_REPRESENTATION('',(#6568),#6572);
#6568 = LINE('',#6569,#6570);
#6569 = CARTESIAN_POINT('',(-0.,0.));
#6570 = VECTOR('',#6571,1.);
#6571 = DIRECTION('',(-0.,-1.));
#6572 = ( GEOMETRIC_REPRESENTATION_CONTEXT(2)
PARAMETRIC_REPRESENTATION_CONTEXT() REPRESENTATION_CONTEXT('2D SPACE',''
  ) );
#6573 = PCURVE('',#6508,#6574);
#6574 = DEFINITIONAL_REPRESENTATION('',(#6575),#6579);
#6575 = LINE('',#6576,#6577);
#6576 = CARTESIAN_POINT('',(-6.28318530718,0.));
#6577 = VECTOR('',#6578,1.);
#6578 = DIRECTION('',(-0.,-1.));
#6579 = ( GEOMETRIC_REPRESENTATION_CONTEXT(2)
PARAMETRIC_REPRESENTATION_CONTEXT() REPRESENTATION_CONTEXT('2D SPACE',''
  ) );
#6580 = ORIENTED_EDGE('',*,*,#6491,.T.);
#6581 = ORIENTED_EDGE('',*,*,#6558,.F.);
#6582 = ORIENTED_EDGE('',*,*,#6583,.F.);
#6583 = EDGE_CURVE('',#6559,#6559,#6584,.T.);
#6584 = SURFACE_CURVE('',#6585,(#6590,#6597),.PCURVE_S1.);
#6585 = CIRCLE('',#6586,17.5);
#6586 = AXIS2_PLACEMENT_3D('',#6587,#6588,#6589);
#6587 = CARTESIAN_POINT('',(-205.,-46.5,70.));
#6588 = DIRECTION('',(0.,-1.,0.));
#6589 = DIRECTION('',(1.,0.,0.));
#6590 = PCURVE('',#6508,#6591);
#6591 = DEFINITIONAL_REPRESENTATION('',(#6592),#6596);
#6592 = LINE('',#6593,#6594);
#6593 = CARTESIAN_POINT('',(-0.,0.));
#6594 = VECTOR('',#6595,1.);
#6595 = DIRECTION('',(-1.,0.));
#6596 = ( GEOMETRIC_REPRESENTATION_CONTEXT(2)
PARAMETRIC_REPRESENTATION_CONTEXT() REPRESENTATION_CONTEXT('2D SPACE',''
  ) );
#6597 = PCURVE('',#6543,#6598);
#6598 = DEFINITIONAL_REPRESENTATION('',(#6599),#6603);
#6599 = LINE('',#6600,#6601);
#6600 = CARTESIAN_POINT('',(0.,0.));
#6601 = VECTOR('',#6602,1.);
#6602 = DIRECTION('',(1.,0.));
#6603 = ( GEOMETRIC_REPRESENTATION_CONTEXT(2)
PARAMETRIC_REPRESENTATION_CONTEXT() REPRESENTATION_CONTEXT('2D SPACE',''
  ) );
#6604 = ADVANCED_FACE('',(#6605),#6543,.F.);
#6605 = FACE_BOUND('',#6606,.F.);
#6606 = EDGE_LOOP('',(#6607,#6628,#6629,#6630));
#6607 = ORIENTED_EDGE('',*,*,#6608,.T.);
#6608 = EDGE_CURVE('',#6559,#6527,#6609,.T.);
#6609 = SEAM_CURVE('',#6610,(#6614,#6621),.PCURVE_S1.);
#6610 = LINE('',#6611,#6612);
#6611 = CARTESIAN_POINT('',(-187.5,-46.5,70.));
#6612 = VECTOR('',#6613,1.);
#6613 = DIRECTION('',(-0.,1.,-0.));
#6614 = PCURVE('',#6543,#6615);
#6615 = DEFINITIONAL_REPRESENTATION('',(#6616),#6620);
#6616 = LINE('',#6617,#6618);
#6617 = CARTESIAN_POINT('',(0.,0.));
#6618 = VECTOR('',#6619,1.);
#6619 = DIRECTION('',(0.,-1.));
#6620 = ( GEOMETRIC_REPRESENTATION_CONTEXT(2)
PARAMETRIC_REPRESENTATION_CONTEXT() REPRESENTATION_CONTEXT('2D SPACE',''
  ) );
#6621 = PCURVE('',#6543,#6622);
#6622 = DEFINITIONAL_REPRESENTATION('',(#6623),#6627);
#6623 = LINE('',#6624,#6625);
#6624 = CARTESIAN_POINT('',(6.28318530718,0.));
#6625 = VECTOR('',#6626,1.);
#6626 = DIRECTION('',(0.,-1.));
#6627 = ( GEOMETRIC_REPRESENTATION_CONTEXT(2)
PARAMETRIC_REPRESENTATION_CONTEXT() REPRESENTATION_CONTEXT('2D SPACE',''
  ) );
#6628 = ORIENTED_EDGE('',*,*,#6526,.T.);
#6629 = ORIENTED_EDGE('',*,*,#6608,.F.);
#6630 = ORIENTED_EDGE('',*,*,#6583,.F.);
#6631 = ( GEOMETRIC_REPRESENTATION_CONTEXT(3)
GLOBAL_UNCERTAINTY_ASSIGNED_CONTEXT((#6635))
GLOBAL_UNIT_ASSIGNED_CONTEXT((#6632,#6633,#6634)) REPRESENTATION_CONTEXT
('Context #1','3D Context with UNIT and UNCERTAINTY') );
#6632 = ( LENGTH_UNIT() NAMED_UNIT(*) SI_UNIT(.MILLI.,.METRE.) );
#6633 = ( NAMED_UNIT(*) PLANE_ANGLE_UNIT() SI_UNIT($,.RADIAN.) );
#6634 = ( NAMED_UNIT(*) SI_UNIT($,.STERADIAN.) SOLID_ANGLE_UNIT() );
#6635 = UNCERTAINTY_MEASURE_WITH_UNIT(LENGTH_MEASURE(1.E-07),#6632,
  'distance_accuracy_value','confusion accuracy');
#6636 = CONTEXT_DEPENDENT_SHAPE_REPRESENTATION(#6637,#6639);
#6637 = ( REPRESENTATION_RELATIONSHIP('','',#6338,#10)
REPRESENTATION_RELATIONSHIP_WITH_TRANSFORMATION(#6638)
SHAPE_REPRESENTATION_RELATIONSHIP() );
#6638 = ITEM_DEFINED_TRANSFORMATION('','',#11,#71);
#6639 = PRODUCT_DEFINITION_SHAPE('Placement','Placement of an item',
  #6640);
#6640 = NEXT_ASSEMBLY_USAGE_OCCURRENCE('15','','',#5,#6333,$);
#6641 = PRODUCT_RELATED_PRODUCT_CATEGORY('part',$,(#6335));
#6642 = SHAPE_DEFINITION_REPRESENTATION(#6643,#6649);
#6643 = PRODUCT_DEFINITION_SHAPE('','',#6644);
#6644 = PRODUCT_DEFINITION('design','',#6645,#6648);
#6645 = PRODUCT_DEFINITION_FORMATION('','',#6646);
#6646 = PRODUCT('Open CASCADE STEP translator 7.8 20.16',
  'Open CASCADE STEP translator 7.8 20.16','',(#6647));
#6647 = PRODUCT_CONTEXT('',#2,'mechanical');
#6648 = PRODUCT_DEFINITION_CONTEXT('part definition',#2,'design');
#6649 = ADVANCED_BREP_SHAPE_REPRESENTATION('',(#11,#6650),#6942);
#6650 = MANIFOLD_SOLID_BREP('',#6651);
#6651 = CLOSED_SHELL('',(#6652,#6740,#6795,#6830,#6865,#6915));
#6652 = ADVANCED_FACE('',(#6653),#6667,.T.);
#6653 = FACE_BOUND('',#6654,.F.);
#6654 = EDGE_LOOP('',(#6655,#6685,#6712,#6713));
#6655 = ORIENTED_EDGE('',*,*,#6656,.T.);
#6656 = EDGE_CURVE('',#6657,#6659,#6661,.T.);
#6657 = VERTEX_POINT('',#6658);
#6658 = CARTESIAN_POINT('',(-182.5,26.5,70.));
#6659 = VERTEX_POINT('',#6660);
#6660 = CARTESIAN_POINT('',(-182.5,25.,70.));
#6661 = SEAM_CURVE('',#6662,(#6666,#6678),.PCURVE_S1.);
#6662 = LINE('',#6663,#6664);
#6663 = CARTESIAN_POINT('',(-182.5,26.5,70.));
#6664 = VECTOR('',#6665,1.);
#6665 = DIRECTION('',(0.,-1.,0.));
#6666 = PCURVE('',#6667,#6672);
#6667 = CYLINDRICAL_SURFACE('',#6668,22.5);
#6668 = AXIS2_PLACEMENT_3D('',#6669,#6670,#6671);
#6669 = CARTESIAN_POINT('',(-205.,26.5,70.));
#6670 = DIRECTION('',(-0.,1.,-0.));
#6671 = DIRECTION('',(1.,0.,0.));
#6672 = DEFINITIONAL_REPRESENTATION('',(#6673),#6677);
#6673 = LINE('',#6674,#6675);
#6674 = CARTESIAN_POINT('',(-0.,0.));
#6675 = VECTOR('',#6676,1.);
#6676 = DIRECTION('',(-0.,-1.));
#6677 = ( GEOMETRIC_REPRESENTATION_CONTEXT(2)
PARAMETRIC_REPRESENTATION_CONTEXT() REPRESENTATION_CONTEXT('2D SPACE',''
  ) );
#6678 = PCURVE('',#6667,#6679);
#6679 = DEFINITIONAL_REPRESENTATION('',(#6680),#6684);
#6680 = LINE('',#6681,#6682);
#6681 = CARTESIAN_POINT('',(-6.28318530718,0.));
#6682 = VECTOR('',#6683,1.);
#6683 = DIRECTION('',(-0.,-1.));
#6684 = ( GEOMETRIC_REPRESENTATION_CONTEXT(2)
PARAMETRIC_REPRESENTATION_CONTEXT() REPRESENTATION_CONTEXT('2D SPACE',''
  ) );
#6685 = ORIENTED_EDGE('',*,*,#6686,.T.);
#6686 = EDGE_CURVE('',#6659,#6659,#6687,.T.);
#6687 = SURFACE_CURVE('',#6688,(#6693,#6700),.PCURVE_S1.);
#6688 = CIRCLE('',#6689,22.5);
#6689 = AXIS2_PLACEMENT_3D('',#6690,#6691,#6692);
#6690 = CARTESIAN_POINT('',(-205.,25.,70.));
#6691 = DIRECTION('',(0.,-1.,0.));
#6692 = DIRECTION('',(1.,0.,0.));
#6693 = PCURVE('',#6667,#6694);
#6694 = DEFINITIONAL_REPRESENTATION('',(#6695),#6699);
#6695 = LINE('',#6696,#6697);
#6696 = CARTESIAN_POINT('',(-0.,-1.5));
#6697 = VECTOR('',#6698,1.);
#6698 = DIRECTION('',(-1.,0.));
#6699 = ( GEOMETRIC_REPRESENTATION_CONTEXT(2)
PARAMETRIC_REPRESENTATION_CONTEXT() REPRESENTATION_CONTEXT('2D SPACE',''
  ) );
#6700 = PCURVE('',#6701,#6706);
#6701 = PLANE('',#6702);
#6702 = AXIS2_PLACEMENT_3D('',#6703,#6704,#6705);
#6703 = CARTESIAN_POINT('',(-205.,25.,70.));
#6704 = DIRECTION('',(-0.,-1.,-0.));
#6705 = DIRECTION('',(0.,0.,-1.));
#6706 = DEFINITIONAL_REPRESENTATION('',(#6707),#6711);
#6707 = CIRCLE('',#6708,22.5);
#6708 = AXIS2_PLACEMENT_2D('',#6709,#6710);
#6709 = CARTESIAN_POINT('',(0.,0.));
#6710 = DIRECTION('',(0.,1.));
#6711 = ( GEOMETRIC_REPRESENTATION_CONTEXT(2)
PARAMETRIC_REPRESENTATION_CONTEXT() REPRESENTATION_CONTEXT('2D SPACE',''
  ) );
#6712 = ORIENTED_EDGE('',*,*,#6656,.F.);
#6713 = ORIENTED_EDGE('',*,*,#6714,.F.);
#6714 = EDGE_CURVE('',#6657,#6657,#6715,.T.);
#6715 = SURFACE_CURVE('',#6716,(#6721,#6728),.PCURVE_S1.);
#6716 = CIRCLE('',#6717,22.5);
#6717 = AXIS2_PLACEMENT_3D('',#6718,#6719,#6720);
#6718 = CARTESIAN_POINT('',(-205.,26.5,70.));
#6719 = DIRECTION('',(0.,-1.,0.));
#6720 = DIRECTION('',(1.,0.,0.));
#6721 = PCURVE('',#6667,#6722);
#6722 = DEFINITIONAL_REPRESENTATION('',(#6723),#6727);
#6723 = LINE('',#6724,#6725);
#6724 = CARTESIAN_POINT('',(-0.,0.));
#6725 = VECTOR('',#6726,1.);
#6726 = DIRECTION('',(-1.,0.));
#6727 = ( GEOMETRIC_REPRESENTATION_CONTEXT(2)
PARAMETRIC_REPRESENTATION_CONTEXT() REPRESENTATION_CONTEXT('2D SPACE',''
  ) );
#6728 = PCURVE('',#6729,#6734);
#6729 = CYLINDRICAL_SURFACE('',#6730,22.5);
#6730 = AXIS2_PLACEMENT_3D('',#6731,#6732,#6733);
#6731 = CARTESIAN_POINT('',(-205.,26.5,70.));
#6732 = DIRECTION('',(0.,-1.,0.));
#6733 = DIRECTION('',(1.,0.,0.));
#6734 = DEFINITIONAL_REPRESENTATION('',(#6735),#6739);
#6735 = LINE('',#6736,#6737);
#6736 = CARTESIAN_POINT('',(0.,0.));
#6737 = VECTOR('',#6738,1.);
#6738 = DIRECTION('',(1.,0.));
#6739 = ( GEOMETRIC_REPRESENTATION_CONTEXT(2)
PARAMETRIC_REPRESENTATION_CONTEXT() REPRESENTATION_CONTEXT('2D SPACE',''
  ) );
#6740 = ADVANCED_FACE('',(#6741),#6729,.T.);
#6741 = FACE_BOUND('',#6742,.T.);
#6742 = EDGE_LOOP('',(#6743,#6766,#6793,#6794));
#6743 = ORIENTED_EDGE('',*,*,#6744,.T.);
#6744 = EDGE_CURVE('',#6657,#6745,#6747,.T.);
#6745 = VERTEX_POINT('',#6746);
#6746 = CARTESIAN_POINT('',(-182.5,28.,70.));
#6747 = SEAM_CURVE('',#6748,(#6752,#6759),.PCURVE_S1.);
#6748 = LINE('',#6749,#6750);
#6749 = CARTESIAN_POINT('',(-182.5,26.5,70.));
#6750 = VECTOR('',#6751,1.);
#6751 = DIRECTION('',(-0.,1.,-0.));
#6752 = PCURVE('',#6729,#6753);
#6753 = DEFINITIONAL_REPRESENTATION('',(#6754),#6758);
#6754 = LINE('',#6755,#6756);
#6755 = CARTESIAN_POINT('',(0.,0.));
#6756 = VECTOR('',#6757,1.);
#6757 = DIRECTION('',(0.,-1.));
#6758 = ( GEOMETRIC_REPRESENTATION_CONTEXT(2)
PARAMETRIC_REPRESENTATION_CONTEXT() REPRESENTATION_CONTEXT('2D SPACE',''
  ) );
#6759 = PCURVE('',#6729,#6760);
#6760 = DEFINITIONAL_REPRESENTATION('',(#6761),#6765);
#6761 = LINE('',#6762,#6763);
#6762 = CARTESIAN_POINT('',(6.28318530718,0.));
#6763 = VECTOR('',#6764,1.);
#6764 = DIRECTION('',(0.,-1.));
#6765 = ( GEOMETRIC_REPRESENTATION_CONTEXT(2)
PARAMETRIC_REPRESENTATION_CONTEXT() REPRESENTATION_CONTEXT('2D SPACE',''
  ) );
#6766 = ORIENTED_EDGE('',*,*,#6767,.T.);
#6767 = EDGE_CURVE('',#6745,#6745,#6768,.T.);
#6768 = SURFACE_CURVE('',#6769,(#6774,#6781),.PCURVE_S1.);
#6769 = CIRCLE('',#6770,22.5);
#6770 = AXIS2_PLACEMENT_3D('',#6771,#6772,#6773);
#6771 = CARTESIAN_POINT('',(-205.,28.,70.));
#6772 = DIRECTION('',(0.,-1.,0.));
#6773 = DIRECTION('',(1.,0.,0.));
#6774 = PCURVE('',#6729,#6775);
#6775 = DEFINITIONAL_REPRESENTATION('',(#6776),#6780);
#6776 = LINE('',#6777,#6778);
#6777 = CARTESIAN_POINT('',(0.,-1.5));
#6778 = VECTOR('',#6779,1.);
#6779 = DIRECTION('',(1.,0.));
#6780 = ( GEOMETRIC_REPRESENTATION_CONTEXT(2)
PARAMETRIC_REPRESENTATION_CONTEXT() REPRESENTATION_CONTEXT('2D SPACE',''
  ) );
#6781 = PCURVE('',#6782,#6787);
#6782 = PLANE('',#6783);
#6783 = AXIS2_PLACEMENT_3D('',#6784,#6785,#6786);
#6784 = CARTESIAN_POINT('',(-205.,28.,70.));
#6785 = DIRECTION('',(-0.,-1.,-0.));
#6786 = DIRECTION('',(0.,0.,-1.));
#6787 = DEFINITIONAL_REPRESENTATION('',(#6788),#6792);
#6788 = CIRCLE('',#6789,22.5);
#6789 = AXIS2_PLACEMENT_2D('',#6790,#6791);
#6790 = CARTESIAN_POINT('',(0.,0.));
#6791 = DIRECTION('',(0.,1.));
#6792 = ( GEOMETRIC_REPRESENTATION_CONTEXT(2)
PARAMETRIC_REPRESENTATION_CONTEXT() REPRESENTATION_CONTEXT('2D SPACE',''
  ) );
#6793 = ORIENTED_EDGE('',*,*,#6744,.F.);
#6794 = ORIENTED_EDGE('',*,*,#6714,.F.);
#6795 = ADVANCED_FACE('',(#6796,#6799),#6701,.T.);
#6796 = FACE_BOUND('',#6797,.T.);
#6797 = EDGE_LOOP('',(#6798));
#6798 = ORIENTED_EDGE('',*,*,#6686,.T.);
#6799 = FACE_BOUND('',#6800,.T.);
#6800 = EDGE_LOOP('',(#6801));
#6801 = ORIENTED_EDGE('',*,*,#6802,.F.);
#6802 = EDGE_CURVE('',#6803,#6803,#6805,.T.);
#6803 = VERTEX_POINT('',#6804);
#6804 = CARTESIAN_POINT('',(-187.5,25.,70.));
#6805 = SURFACE_CURVE('',#6806,(#6811,#6818),.PCURVE_S1.);
#6806 = CIRCLE('',#6807,17.5);
#6807 = AXIS2_PLACEMENT_3D('',#6808,#6809,#6810);
#6808 = CARTESIAN_POINT('',(-205.,25.,70.));
#6809 = DIRECTION('',(0.,-1.,0.));
#6810 = DIRECTION('',(1.,0.,0.));
#6811 = PCURVE('',#6701,#6812);
#6812 = DEFINITIONAL_REPRESENTATION('',(#6813),#6817);
#6813 = CIRCLE('',#6814,17.5);
#6814 = AXIS2_PLACEMENT_2D('',#6815,#6816);
#6815 = CARTESIAN_POINT('',(0.,1.136868377216E-13));
#6816 = DIRECTION('',(0.,1.));
#6817 = ( GEOMETRIC_REPRESENTATION_CONTEXT(2)
PARAMETRIC_REPRESENTATION_CONTEXT() REPRESENTATION_CONTEXT('2D SPACE',''
  ) );
#6818 = PCURVE('',#6819,#6824);
#6819 = CYLINDRICAL_SURFACE('',#6820,17.5);
#6820 = AXIS2_PLACEMENT_3D('',#6821,#6822,#6823);
#6821 = CARTESIAN_POINT('',(-205.,26.5,70.));
#6822 = DIRECTION('',(-0.,1.,-0.));
#6823 = DIRECTION('',(1.,0.,0.));
#6824 = DEFINITIONAL_REPRESENTATION('',(#6825),#6829);
#6825 = LINE('',#6826,#6827);
#6826 = CARTESIAN_POINT('',(-0.,-1.5));
#6827 = VECTOR('',#6828,1.);
#6828 = DIRECTION('',(-1.,0.));
#6829 = ( GEOMETRIC_REPRESENTATION_CONTEXT(2)
PARAMETRIC_REPRESENTATION_CONTEXT() REPRESENTATION_CONTEXT('2D SPACE',''
  ) );
#6830 = ADVANCED_FACE('',(#6831,#6834),#6782,.F.);
#6831 = FACE_BOUND('',#6832,.F.);
#6832 = EDGE_LOOP('',(#6833));
#6833 = ORIENTED_EDGE('',*,*,#6767,.T.);
#6834 = FACE_BOUND('',#6835,.F.);
#6835 = EDGE_LOOP('',(#6836));
#6836 = ORIENTED_EDGE('',*,*,#6837,.F.);
#6837 = EDGE_CURVE('',#6838,#6838,#6840,.T.);
#6838 = VERTEX_POINT('',#6839);
#6839 = CARTESIAN_POINT('',(-187.5,28.,70.));
#6840 = SURFACE_CURVE('',#6841,(#6846,#6853),.PCURVE_S1.);
#6841 = CIRCLE('',#6842,17.5);
#6842 = AXIS2_PLACEMENT_3D('',#6843,#6844,#6845);
#6843 = CARTESIAN_POINT('',(-205.,28.,70.));
#6844 = DIRECTION('',(0.,-1.,0.));
#6845 = DIRECTION('',(1.,0.,0.));
#6846 = PCURVE('',#6782,#6847);
#6847 = DEFINITIONAL_REPRESENTATION('',(#6848),#6852);
#6848 = CIRCLE('',#6849,17.5);
#6849 = AXIS2_PLACEMENT_2D('',#6850,#6851);
#6850 = CARTESIAN_POINT('',(0.,1.136868377216E-13));
#6851 = DIRECTION('',(0.,1.));
#6852 = ( GEOMETRIC_REPRESENTATION_CONTEXT(2)
PARAMETRIC_REPRESENTATION_CONTEXT() REPRESENTATION_CONTEXT('2D SPACE',''
  ) );
#6853 = PCURVE('',#6854,#6859);
#6854 = CYLINDRICAL_SURFACE('',#6855,17.5);
#6855 = AXIS2_PLACEMENT_3D('',#6856,#6857,#6858);
#6856 = CARTESIAN_POINT('',(-205.,26.5,70.));
#6857 = DIRECTION('',(0.,-1.,0.));
#6858 = DIRECTION('',(1.,0.,0.));
#6859 = DEFINITIONAL_REPRESENTATION('',(#6860),#6864);
#6860 = LINE('',#6861,#6862);
#6861 = CARTESIAN_POINT('',(0.,-1.5));
#6862 = VECTOR('',#6863,1.);
#6863 = DIRECTION('',(1.,0.));
#6864 = ( GEOMETRIC_REPRESENTATION_CONTEXT(2)
PARAMETRIC_REPRESENTATION_CONTEXT() REPRESENTATION_CONTEXT('2D SPACE',''
  ) );
#6865 = ADVANCED_FACE('',(#6866),#6819,.F.);
#6866 = FACE_BOUND('',#6867,.T.);
#6867 = EDGE_LOOP('',(#6868,#6891,#6892,#6893));
#6868 = ORIENTED_EDGE('',*,*,#6869,.T.);
#6869 = EDGE_CURVE('',#6870,#6803,#6872,.T.);
#6870 = VERTEX_POINT('',#6871);
#6871 = CARTESIAN_POINT('',(-187.5,26.5,70.));
#6872 = SEAM_CURVE('',#6873,(#6877,#6884),.PCURVE_S1.);
#6873 = LINE('',#6874,#6875);
#6874 = CARTESIAN_POINT('',(-187.5,26.5,70.));
#6875 = VECTOR('',#6876,1.);
#6876 = DIRECTION('',(0.,-1.,0.));
#6877 = PCURVE('',#6819,#6878);
#6878 = DEFINITIONAL_REPRESENTATION('',(#6879),#6883);
#6879 = LINE('',#6880,#6881);
#6880 = CARTESIAN_POINT('',(-0.,0.));
#6881 = VECTOR('',#6882,1.);
#6882 = DIRECTION('',(-0.,-1.));
#6883 = ( GEOMETRIC_REPRESENTATION_CONTEXT(2)
PARAMETRIC_REPRESENTATION_CONTEXT() REPRESENTATION_CONTEXT('2D SPACE',''
  ) );
#6884 = PCURVE('',#6819,#6885);
#6885 = DEFINITIONAL_REPRESENTATION('',(#6886),#6890);
#6886 = LINE('',#6887,#6888);
#6887 = CARTESIAN_POINT('',(-6.28318530718,0.));
#6888 = VECTOR('',#6889,1.);
#6889 = DIRECTION('',(-0.,-1.));
#6890 = ( GEOMETRIC_REPRESENTATION_CONTEXT(2)
PARAMETRIC_REPRESENTATION_CONTEXT() REPRESENTATION_CONTEXT('2D SPACE',''
  ) );
#6891 = ORIENTED_EDGE('',*,*,#6802,.T.);
#6892 = ORIENTED_EDGE('',*,*,#6869,.F.);
#6893 = ORIENTED_EDGE('',*,*,#6894,.F.);
#6894 = EDGE_CURVE('',#6870,#6870,#6895,.T.);
#6895 = SURFACE_CURVE('',#6896,(#6901,#6908),.PCURVE_S1.);
#6896 = CIRCLE('',#6897,17.5);
#6897 = AXIS2_PLACEMENT_3D('',#6898,#6899,#6900);
#6898 = CARTESIAN_POINT('',(-205.,26.5,70.));
#6899 = DIRECTION('',(0.,-1.,0.));
#6900 = DIRECTION('',(1.,0.,0.));
#6901 = PCURVE('',#6819,#6902);
#6902 = DEFINITIONAL_REPRESENTATION('',(#6903),#6907);
#6903 = LINE('',#6904,#6905);
#6904 = CARTESIAN_POINT('',(-0.,0.));
#6905 = VECTOR('',#6906,1.);
#6906 = DIRECTION('',(-1.,0.));
#6907 = ( GEOMETRIC_REPRESENTATION_CONTEXT(2)
PARAMETRIC_REPRESENTATION_CONTEXT() REPRESENTATION_CONTEXT('2D SPACE',''
  ) );
#6908 = PCURVE('',#6854,#6909);
#6909 = DEFINITIONAL_REPRESENTATION('',(#6910),#6914);
#6910 = LINE('',#6911,#6912);
#6911 = CARTESIAN_POINT('',(0.,0.));
#6912 = VECTOR('',#6913,1.);
#6913 = DIRECTION('',(1.,0.));
#6914 = ( GEOMETRIC_REPRESENTATION_CONTEXT(2)
PARAMETRIC_REPRESENTATION_CONTEXT() REPRESENTATION_CONTEXT('2D SPACE',''
  ) );
#6915 = ADVANCED_FACE('',(#6916),#6854,.F.);
#6916 = FACE_BOUND('',#6917,.F.);
#6917 = EDGE_LOOP('',(#6918,#6939,#6940,#6941));
#6918 = ORIENTED_EDGE('',*,*,#6919,.T.);
#6919 = EDGE_CURVE('',#6870,#6838,#6920,.T.);
#6920 = SEAM_CURVE('',#6921,(#6925,#6932),.PCURVE_S1.);
#6921 = LINE('',#6922,#6923);
#6922 = CARTESIAN_POINT('',(-187.5,26.5,70.));
#6923 = VECTOR('',#6924,1.);
#6924 = DIRECTION('',(-0.,1.,-0.));
#6925 = PCURVE('',#6854,#6926);
#6926 = DEFINITIONAL_REPRESENTATION('',(#6927),#6931);
#6927 = LINE('',#6928,#6929);
#6928 = CARTESIAN_POINT('',(0.,0.));
#6929 = VECTOR('',#6930,1.);
#6930 = DIRECTION('',(0.,-1.));
#6931 = ( GEOMETRIC_REPRESENTATION_CONTEXT(2)
PARAMETRIC_REPRESENTATION_CONTEXT() REPRESENTATION_CONTEXT('2D SPACE',''
  ) );
#6932 = PCURVE('',#6854,#6933);
#6933 = DEFINITIONAL_REPRESENTATION('',(#6934),#6938);
#6934 = LINE('',#6935,#6936);
#6935 = CARTESIAN_POINT('',(6.28318530718,0.));
#6936 = VECTOR('',#6937,1.);
#6937 = DIRECTION('',(0.,-1.));
#6938 = ( GEOMETRIC_REPRESENTATION_CONTEXT(2)
PARAMETRIC_REPRESENTATION_CONTEXT() REPRESENTATION_CONTEXT('2D SPACE',''
  ) );
#6939 = ORIENTED_EDGE('',*,*,#6837,.T.);
#6940 = ORIENTED_EDGE('',*,*,#6919,.F.);
#6941 = ORIENTED_EDGE('',*,*,#6894,.F.);
#6942 = ( GEOMETRIC_REPRESENTATION_CONTEXT(3)
GLOBAL_UNCERTAINTY_ASSIGNED_CONTEXT((#6946))
GLOBAL_UNIT_ASSIGNED_CONTEXT((#6943,#6944,#6945)) REPRESENTATION_CONTEXT
('Context #1','3D Context with UNIT and UNCERTAINTY') );
#6943 = ( LENGTH_UNIT() NAMED_UNIT(*) SI_UNIT(.MILLI.,.METRE.) );
#6944 = ( NAMED_UNIT(*) PLANE_ANGLE_UNIT() SI_UNIT($,.RADIAN.) );
#6945 = ( NAMED_UNIT(*) SI_UNIT($,.STERADIAN.) SOLID_ANGLE_UNIT() );
#6946 = UNCERTAINTY_MEASURE_WITH_UNIT(LENGTH_MEASURE(1.E-07),#6943,
  'distance_accuracy_value','confusion accuracy');
#6947 = CONTEXT_DEPENDENT_SHAPE_REPRESENTATION(#6948,#6950);
#6948 = ( REPRESENTATION_RELATIONSHIP('','',#6649,#10)
REPRESENTATION_RELATIONSHIP_WITH_TRANSFORMATION(#6949)
SHAPE_REPRESENTATION_RELATIONSHIP() );
#6949 = ITEM_DEFINED_TRANSFORMATION('','',#11,#75);
#6950 = PRODUCT_DEFINITION_SHAPE('Placement','Placement of an item',
  #6951);
#6951 = NEXT_ASSEMBLY_USAGE_OCCURRENCE('16','','',#5,#6644,$);
#6952 = PRODUCT_RELATED_PRODUCT_CATEGORY('part',$,(#6646));
#6953 = SHAPE_DEFINITION_REPRESENTATION(#6954,#6960);
#6954 = PRODUCT_DEFINITION_SHAPE('','',#6955);
#6955 = PRODUCT_DEFINITION('design','',#6956,#6959);
#6956 = PRODUCT_DEFINITION_FORMATION('','',#6957);
#6957 = PRODUCT('Open CASCADE STEP translator 7.8 20.17',
  'Open CASCADE STEP translator 7.8 20.17','',(#6958));
#6958 = PRODUCT_CONTEXT('',#2,'mechanical');
#6959 = PRODUCT_DEFINITION_CONTEXT('part definition',#2,'design');
#6960 = ADVANCED_BREP_SHAPE_REPRESENTATION('',(#11,#6961),#9355);
#6961 = MANIFOLD_SOLID_BREP('',#6962);
#6962 = CLOSED_SHELL('',(#6963,#7083,#7274,#7665,#7809,#7898,#7905,#7952
    ,#7979,#8006,#8013,#8089,#8194,#8244,#8293,#8343,#8448,#8497,#8597,
    #8647,#8696,#8746,#8819,#8874,#8924,#8951,#9080,#9133,#9250,#9257,
    #9288,#9341,#9348));
#6963 = ADVANCED_FACE('',(#6964),#6978,.F.);
#6964 = FACE_BOUND('',#6965,.F.);
#6965 = EDGE_LOOP('',(#6966,#7001,#7029,#7057));
#6966 = ORIENTED_EDGE('',*,*,#6967,.F.);
#6967 = EDGE_CURVE('',#6968,#6970,#6972,.T.);
#6968 = VERTEX_POINT('',#6969);
#6969 = CARTESIAN_POINT('',(-270.,-30.,42.5));
#6970 = VERTEX_POINT('',#6971);
#6971 = CARTESIAN_POINT('',(-270.,-30.,97.5));
#6972 = SURFACE_CURVE('',#6973,(#6977,#6989),.PCURVE_S1.);
#6973 = LINE('',#6974,#6975);
#6974 = CARTESIAN_POINT('',(-270.,-30.,42.5));
#6975 = VECTOR('',#6976,1.);
#6976 = DIRECTION('',(0.,0.,1.));
#6977 = PCURVE('',#6978,#6983);
#6978 = PLANE('',#6979);
#6979 = AXIS2_PLACEMENT_3D('',#6980,#6981,#6982);
#6980 = CARTESIAN_POINT('',(-270.,-30.,42.5));
#6981 = DIRECTION('',(1.,0.,0.));
#6982 = DIRECTION('',(0.,0.,1.));
#6983 = DEFINITIONAL_REPRESENTATION('',(#6984),#6988);
#6984 = LINE('',#6985,#6986);
#6985 = CARTESIAN_POINT('',(0.,0.));
#6986 = VECTOR('',#6987,1.);
#6987 = DIRECTION('',(1.,0.));
#6988 = ( GEOMETRIC_REPRESENTATION_CONTEXT(2)
PARAMETRIC_REPRESENTATION_CONTEXT() REPRESENTATION_CONTEXT('2D SPACE',''
  ) );
#6989 = PCURVE('',#6990,#6995);
#6990 = PLANE('',#6991);
#6991 = AXIS2_PLACEMENT_3D('',#6992,#6993,#6994);
#6992 = CARTESIAN_POINT('',(-270.,-30.,42.5));
#6993 = DIRECTION('',(0.,1.,0.));
#6994 = DIRECTION('',(0.,0.,1.));
#6995 = DEFINITIONAL_REPRESENTATION('',(#6996),#7000);
#6996 = LINE('',#6997,#6998);
#6997 = CARTESIAN_POINT('',(0.,0.));
#6998 = VECTOR('',#6999,1.);
#6999 = DIRECTION('',(1.,0.));
#7000 = ( GEOMETRIC_REPRESENTATION_CONTEXT(2)
PARAMETRIC_REPRESENTATION_CONTEXT() REPRESENTATION_CONTEXT('2D SPACE',''
  ) );
#7001 = ORIENTED_EDGE('',*,*,#7002,.T.);
#7002 = EDGE_CURVE('',#6968,#7003,#7005,.T.);
#7003 = VERTEX_POINT('',#7004);
#7004 = CARTESIAN_POINT('',(-270.,10.,42.5));
#7005 = SURFACE_CURVE('',#7006,(#7010,#7017),.PCURVE_S1.);
#7006 = LINE('',#7007,#7008);
#7007 = CARTESIAN_POINT('',(-270.,-30.,42.5));
#7008 = VECTOR('',#7009,1.);
#7009 = DIRECTION('',(0.,1.,0.));
#7010 = PCURVE('',#6978,#7011);
#7011 = DEFINITIONAL_REPRESENTATION('',(#7012),#7016);
#7012 = LINE('',#7013,#7014);
#7013 = CARTESIAN_POINT('',(0.,0.));
#7014 = VECTOR('',#7015,1.);
#7015 = DIRECTION('',(0.,-1.));
#7016 = ( GEOMETRIC_REPRESENTATION_CONTEXT(2)
PARAMETRIC_REPRESENTATION_CONTEXT() REPRESENTATION_CONTEXT('2D SPACE',''
  ) );
#7017 = PCURVE('',#7018,#7023);
#7018 = PLANE('',#7019);
#7019 = AXIS2_PLACEMENT_3D('',#7020,#7021,#7022);
#7020 = CARTESIAN_POINT('',(-270.,-30.,42.5));
#7021 = DIRECTION('',(0.,0.,1.));
#7022 = DIRECTION('',(1.,0.,0.));
#7023 = DEFINITIONAL_REPRESENTATION('',(#7024),#7028);
#7024 = LINE('',#7025,#7026);
#7025 = CARTESIAN_POINT('',(0.,0.));
#7026 = VECTOR('',#7027,1.);
#7027 = DIRECTION('',(0.,1.));
#7028 = ( GEOMETRIC_REPRESENTATION_CONTEXT(2)
PARAMETRIC_REPRESENTATION_CONTEXT() REPRESENTATION_CONTEXT('2D SPACE',''
  ) );
#7029 = ORIENTED_EDGE('',*,*,#7030,.T.);
#7030 = EDGE_CURVE('',#7003,#7031,#7033,.T.);
#7031 = VERTEX_POINT('',#7032);
#7032 = CARTESIAN_POINT('',(-270.,10.,97.5));
#7033 = SURFACE_CURVE('',#7034,(#7038,#7045),.PCURVE_S1.);
#7034 = LINE('',#7035,#7036);
#7035 = CARTESIAN_POINT('',(-270.,10.,42.5));
#7036 = VECTOR('',#7037,1.);
#7037 = DIRECTION('',(0.,0.,1.));
#7038 = PCURVE('',#6978,#7039);
#7039 = DEFINITIONAL_REPRESENTATION('',(#7040),#7044);
#7040 = LINE('',#7041,#7042);
#7041 = CARTESIAN_POINT('',(0.,-40.));
#7042 = VECTOR('',#7043,1.);
#7043 = DIRECTION('',(1.,0.));
#7044 = ( GEOMETRIC_REPRESENTATION_CONTEXT(2)
PARAMETRIC_REPRESENTATION_CONTEXT() REPRESENTATION_CONTEXT('2D SPACE',''
  ) );
#7045 = PCURVE('',#7046,#7051);
#7046 = PLANE('',#7047);
#7047 = AXIS2_PLACEMENT_3D('',#7048,#7049,#7050);
#7048 = CARTESIAN_POINT('',(-270.,10.,42.5));
#7049 = DIRECTION('',(0.,1.,0.));
#7050 = DIRECTION('',(0.,0.,1.));
#7051 = DEFINITIONAL_REPRESENTATION('',(#7052),#7056);
#7052 = LINE('',#7053,#7054);
#7053 = CARTESIAN_POINT('',(0.,0.));
#7054 = VECTOR('',#7055,1.);
#7055 = DIRECTION('',(1.,0.));
#7056 = ( GEOMETRIC_REPRESENTATION_CONTEXT(2)
PARAMETRIC_REPRESENTATION_CONTEXT() REPRESENTATION_CONTEXT('2D SPACE',''
  ) );
#7057 = ORIENTED_EDGE('',*,*,#7058,.F.);
#7058 = EDGE_CURVE('',#6970,#7031,#7059,.T.);
#7059 = SURFACE_CURVE('',#7060,(#7064,#7071),.PCURVE_S1.);
#7060 = LINE('',#7061,#7062);
#7061 = CARTESIAN_POINT('',(-270.,-30.,97.5));
#7062 = VECTOR('',#7063,1.);
#7063 = DIRECTION('',(0.,1.,0.));
#7064 = PCURVE('',#6978,#7065);
#7065 = DEFINITIONAL_REPRESENTATION('',(#7066),#7070);
#7066 = LINE('',#7067,#7068);
#7067 = CARTESIAN_POINT('',(55.,0.));
#7068 = VECTOR('',#7069,1.);
#7069 = DIRECTION('',(0.,-1.));
#7070 = ( GEOMETRIC_REPRESENTATION_CONTEXT(2)
PARAMETRIC_REPRESENTATION_CONTEXT() REPRESENTATION_CONTEXT('2D SPACE',''
  ) );
#7071 = PCURVE('',#7072,#7077);
#7072 = PLANE('',#7073);
#7073 = AXIS2_PLACEMENT_3D('',#7074,#7075,#7076);
#7074 = CARTESIAN_POINT('',(-270.,-30.,97.5));
#7075 = DIRECTION('',(0.,0.,1.));
#7076 = DIRECTION('',(1.,0.,0.));
#7077 = DEFINITIONAL_REPRESENTATION('',(#7078),#7082);
#7078 = LINE('',#7079,#7080);
#7079 = CARTESIAN_POINT('',(0.,0.));
#7080 = VECTOR('',#7081,1.);
#7081 = DIRECTION('',(0.,1.));
#7082 = ( GEOMETRIC_REPRESENTATION_CONTEXT(2)
PARAMETRIC_REPRESENTATION_CONTEXT() REPRESENTATION_CONTEXT('2D SPACE',''
  ) );
#7083 = ADVANCED_FACE('',(#7084,#7159),#6990,.F.);
#7084 = FACE_BOUND('',#7085,.F.);
#7085 = EDGE_LOOP('',(#7086,#7109,#7110,#7133));
#7086 = ORIENTED_EDGE('',*,*,#7087,.F.);
#7087 = EDGE_CURVE('',#6968,#7088,#7090,.T.);
#7088 = VERTEX_POINT('',#7089);
#7089 = CARTESIAN_POINT('',(-185.,-30.,42.5));
#7090 = SURFACE_CURVE('',#7091,(#7095,#7102),.PCURVE_S1.);
#7091 = LINE('',#7092,#7093);
#7092 = CARTESIAN_POINT('',(-270.,-30.,42.5));
#7093 = VECTOR('',#7094,1.);
#7094 = DIRECTION('',(1.,0.,0.));
#7095 = PCURVE('',#6990,#7096);
#7096 = DEFINITIONAL_REPRESENTATION('',(#7097),#7101);
#7097 = LINE('',#7098,#7099);
#7098 = CARTESIAN_POINT('',(0.,0.));
#7099 = VECTOR('',#7100,1.);
#7100 = DIRECTION('',(0.,1.));
#7101 = ( GEOMETRIC_REPRESENTATION_CONTEXT(2)
PARAMETRIC_REPRESENTATION_CONTEXT() REPRESENTATION_CONTEXT('2D SPACE',''
  ) );
#7102 = PCURVE('',#7018,#7103);
#7103 = DEFINITIONAL_REPRESENTATION('',(#7104),#7108);
#7104 = LINE('',#7105,#7106);
#7105 = CARTESIAN_POINT('',(0.,0.));
#7106 = VECTOR('',#7107,1.);
#7107 = DIRECTION('',(1.,0.));
#7108 = ( GEOMETRIC_REPRESENTATION_CONTEXT(2)
PARAMETRIC_REPRESENTATION_CONTEXT() REPRESENTATION_CONTEXT('2D SPACE',''
  ) );
#7109 = ORIENTED_EDGE('',*,*,#6967,.T.);
#7110 = ORIENTED_EDGE('',*,*,#7111,.T.);
#7111 = EDGE_CURVE('',#6970,#7112,#7114,.T.);
#7112 = VERTEX_POINT('',#7113);
#7113 = CARTESIAN_POINT('',(-185.,-30.,97.5));
#7114 = SURFACE_CURVE('',#7115,(#7119,#7126),.PCURVE_S1.);
#7115 = LINE('',#7116,#7117);
#7116 = CARTESIAN_POINT('',(-270.,-30.,97.5));
#7117 = VECTOR('',#7118,1.);
#7118 = DIRECTION('',(1.,0.,0.));
#7119 = PCURVE('',#6990,#7120);
#7120 = DEFINITIONAL_REPRESENTATION('',(#7121),#7125);
#7121 = LINE('',#7122,#7123);
#7122 = CARTESIAN_POINT('',(55.,0.));
#7123 = VECTOR('',#7124,1.);
#7124 = DIRECTION('',(0.,1.));
#7125 = ( GEOMETRIC_REPRESENTATION_CONTEXT(2)
PARAMETRIC_REPRESENTATION_CONTEXT() REPRESENTATION_CONTEXT('2D SPACE',''
  ) );
#7126 = PCURVE('',#7072,#7127);
#7127 = DEFINITIONAL_REPRESENTATION('',(#7128),#7132);
#7128 = LINE('',#7129,#7130);
#7129 = CARTESIAN_POINT('',(0.,0.));
#7130 = VECTOR('',#7131,1.);
#7131 = DIRECTION('',(1.,0.));
#7132 = ( GEOMETRIC_REPRESENTATION_CONTEXT(2)
PARAMETRIC_REPRESENTATION_CONTEXT() REPRESENTATION_CONTEXT('2D SPACE',''
  ) );
#7133 = ORIENTED_EDGE('',*,*,#7134,.F.);
#7134 = EDGE_CURVE('',#7088,#7112,#7135,.T.);
#7135 = SURFACE_CURVE('',#7136,(#7140,#7147),.PCURVE_S1.);
#7136 = LINE('',#7137,#7138);
#7137 = CARTESIAN_POINT('',(-185.,-30.,42.5));
#7138 = VECTOR('',#7139,1.);
#7139 = DIRECTION('',(0.,0.,1.));
#7140 = PCURVE('',#6990,#7141);
#7141 = DEFINITIONAL_REPRESENTATION('',(#7142),#7146);
#7142 = LINE('',#7143,#7144);
#7143 = CARTESIAN_POINT('',(0.,85.));
#7144 = VECTOR('',#7145,1.);
#7145 = DIRECTION('',(1.,0.));
#7146 = ( GEOMETRIC_REPRESENTATION_CONTEXT(2)
PARAMETRIC_REPRESENTATION_CONTEXT() REPRESENTATION_CONTEXT('2D SPACE',''
  ) );
#7147 = PCURVE('',#7148,#7153);
#7148 = PLANE('',#7149);
#7149 = AXIS2_PLACEMENT_3D('',#7150,#7151,#7152);
#7150 = CARTESIAN_POINT('',(-185.,-30.,42.5));
#7151 = DIRECTION('',(1.,0.,0.));
#7152 = DIRECTION('',(0.,0.,1.));
#7153 = DEFINITIONAL_REPRESENTATION('',(#7154),#7158);
#7154 = LINE('',#7155,#7156);
#7155 = CARTESIAN_POINT('',(0.,0.));
#7156 = VECTOR('',#7157,1.);
#7157 = DIRECTION('',(1.,0.));
#7158 = ( GEOMETRIC_REPRESENTATION_CONTEXT(2)
PARAMETRIC_REPRESENTATION_CONTEXT() REPRESENTATION_CONTEXT('2D SPACE',''
  ) );
#7159 = FACE_BOUND('',#7160,.F.);
#7160 = EDGE_LOOP('',(#7161,#7192,#7220,#7248));
#7161 = ORIENTED_EDGE('',*,*,#7162,.F.);
#7162 = EDGE_CURVE('',#7163,#7165,#7167,.T.);
#7163 = VERTEX_POINT('',#7164);
#7164 = CARTESIAN_POINT('',(-202.5,-30.,78.124038404636));
#7165 = VERTEX_POINT('',#7166);
#7166 = CARTESIAN_POINT('',(-207.5,-30.,78.124038404636));
#7167 = SURFACE_CURVE('',#7168,(#7173,#7180),.PCURVE_S1.);
#7168 = CIRCLE('',#7169,8.5);
#7169 = AXIS2_PLACEMENT_3D('',#7170,#7171,#7172);
#7170 = CARTESIAN_POINT('',(-205.,-30.,70.));
#7171 = DIRECTION('',(0.,1.,0.));
#7172 = DIRECTION('',(0.,-0.,1.));
#7173 = PCURVE('',#6990,#7174);
#7174 = DEFINITIONAL_REPRESENTATION('',(#7175),#7179);
#7175 = CIRCLE('',#7176,8.5);
#7176 = AXIS2_PLACEMENT_2D('',#7177,#7178);
#7177 = CARTESIAN_POINT('',(27.5,65.));
#7178 = DIRECTION('',(1.,0.));
#7179 = ( GEOMETRIC_REPRESENTATION_CONTEXT(2)
PARAMETRIC_REPRESENTATION_CONTEXT() REPRESENTATION_CONTEXT('2D SPACE',''
  ) );
#7180 = PCURVE('',#7181,#7186);
#7181 = CYLINDRICAL_SURFACE('',#7182,8.5);
#7182 = AXIS2_PLACEMENT_3D('',#7183,#7184,#7185);
#7183 = CARTESIAN_POINT('',(-205.,-31.,70.));
#7184 = DIRECTION('',(0.,1.,0.));
#7185 = DIRECTION('',(0.,-0.,1.));
#7186 = DEFINITIONAL_REPRESENTATION('',(#7187),#7191);
#7187 = LINE('',#7188,#7189);
#7188 = CARTESIAN_POINT('',(0.,1.));
#7189 = VECTOR('',#7190,1.);
#7190 = DIRECTION('',(1.,0.));
#7191 = ( GEOMETRIC_REPRESENTATION_CONTEXT(2)
PARAMETRIC_REPRESENTATION_CONTEXT() REPRESENTATION_CONTEXT('2D SPACE',''
  ) );
#7192 = ORIENTED_EDGE('',*,*,#7193,.F.);
#7193 = EDGE_CURVE('',#7194,#7163,#7196,.T.);
#7194 = VERTEX_POINT('',#7195);
#7195 = CARTESIAN_POINT('',(-202.5,-30.,81.));
#7196 = SURFACE_CURVE('',#7197,(#7201,#7208),.PCURVE_S1.);
#7197 = LINE('',#7198,#7199);
#7198 = CARTESIAN_POINT('',(-202.5,-30.,59.25));
#7199 = VECTOR('',#7200,1.);
#7200 = DIRECTION('',(0.,0.,-1.));
#7201 = PCURVE('',#6990,#7202);
#7202 = DEFINITIONAL_REPRESENTATION('',(#7203),#7207);
#7203 = LINE('',#7204,#7205);
#7204 = CARTESIAN_POINT('',(16.75,67.5));
#7205 = VECTOR('',#7206,1.);
#7206 = DIRECTION('',(-1.,0.));
#7207 = ( GEOMETRIC_REPRESENTATION_CONTEXT(2)
PARAMETRIC_REPRESENTATION_CONTEXT() REPRESENTATION_CONTEXT('2D SPACE',''
  ) );
#7208 = PCURVE('',#7209,#7214);
#7209 = PLANE('',#7210);
#7210 = AXIS2_PLACEMENT_3D('',#7211,#7212,#7213);
#7211 = CARTESIAN_POINT('',(-202.5,-31.,76.));
#7212 = DIRECTION('',(1.,0.,0.));
#7213 = DIRECTION('',(0.,0.,1.));
#7214 = DEFINITIONAL_REPRESENTATION('',(#7215),#7219);
#7215 = LINE('',#7216,#7217);
#7216 = CARTESIAN_POINT('',(-16.75,-1.));
#7217 = VECTOR('',#7218,1.);
#7218 = DIRECTION('',(-1.,0.));
#7219 = ( GEOMETRIC_REPRESENTATION_CONTEXT(2)
PARAMETRIC_REPRESENTATION_CONTEXT() REPRESENTATION_CONTEXT('2D SPACE',''
  ) );
#7220 = ORIENTED_EDGE('',*,*,#7221,.F.);
#7221 = EDGE_CURVE('',#7222,#7194,#7224,.T.);
#7222 = VERTEX_POINT('',#7223);
#7223 = CARTESIAN_POINT('',(-207.5,-30.,81.));
#7224 = SURFACE_CURVE('',#7225,(#7229,#7236),.PCURVE_S1.);
#7225 = LINE('',#7226,#7227);
#7226 = CARTESIAN_POINT('',(-238.75,-30.,81.));
#7227 = VECTOR('',#7228,1.);
#7228 = DIRECTION('',(1.,0.,0.));
#7229 = PCURVE('',#6990,#7230);
#7230 = DEFINITIONAL_REPRESENTATION('',(#7231),#7235);
#7231 = LINE('',#7232,#7233);
#7232 = CARTESIAN_POINT('',(38.5,31.25));
#7233 = VECTOR('',#7234,1.);
#7234 = DIRECTION('',(0.,1.));
#7235 = ( GEOMETRIC_REPRESENTATION_CONTEXT(2)
PARAMETRIC_REPRESENTATION_CONTEXT() REPRESENTATION_CONTEXT('2D SPACE',''
  ) );
#7236 = PCURVE('',#7237,#7242);
#7237 = PLANE('',#7238);
#7238 = AXIS2_PLACEMENT_3D('',#7239,#7240,#7241);
#7239 = CARTESIAN_POINT('',(-207.5,-31.,81.));
#7240 = DIRECTION('',(0.,0.,1.));
#7241 = DIRECTION('',(1.,0.,0.));
#7242 = DEFINITIONAL_REPRESENTATION('',(#7243),#7247);
#7243 = LINE('',#7244,#7245);
#7244 = CARTESIAN_POINT('',(-31.25,1.));
#7245 = VECTOR('',#7246,1.);
#7246 = DIRECTION('',(1.,0.));
#7247 = ( GEOMETRIC_REPRESENTATION_CONTEXT(2)
PARAMETRIC_REPRESENTATION_CONTEXT() REPRESENTATION_CONTEXT('2D SPACE',''
  ) );
#7248 = ORIENTED_EDGE('',*,*,#7249,.T.);
#7249 = EDGE_CURVE('',#7222,#7165,#7250,.T.);
#7250 = SURFACE_CURVE('',#7251,(#7255,#7262),.PCURVE_S1.);
#7251 = LINE('',#7252,#7253);
#7252 = CARTESIAN_POINT('',(-207.5,-30.,59.25));
#7253 = VECTOR('',#7254,1.);
#7254 = DIRECTION('',(0.,0.,-1.));
#7255 = PCURVE('',#6990,#7256);
#7256 = DEFINITIONAL_REPRESENTATION('',(#7257),#7261);
#7257 = LINE('',#7258,#7259);
#7258 = CARTESIAN_POINT('',(16.75,62.5));
#7259 = VECTOR('',#7260,1.);
#7260 = DIRECTION('',(-1.,0.));
#7261 = ( GEOMETRIC_REPRESENTATION_CONTEXT(2)
PARAMETRIC_REPRESENTATION_CONTEXT() REPRESENTATION_CONTEXT('2D SPACE',''
  ) );
#7262 = PCURVE('',#7263,#7268);
#7263 = PLANE('',#7264);
#7264 = AXIS2_PLACEMENT_3D('',#7265,#7266,#7267);
#7265 = CARTESIAN_POINT('',(-207.5,-31.,76.));
#7266 = DIRECTION('',(1.,0.,0.));
#7267 = DIRECTION('',(0.,0.,1.));
#7268 = DEFINITIONAL_REPRESENTATION('',(#7269),#7273);
#7269 = LINE('',#7270,#7271);
#7270 = CARTESIAN_POINT('',(-16.75,-1.));
#7271 = VECTOR('',#7272,1.);
#7272 = DIRECTION('',(-1.,0.));
#7273 = ( GEOMETRIC_REPRESENTATION_CONTEXT(2)
PARAMETRIC_REPRESENTATION_CONTEXT() REPRESENTATION_CONTEXT('2D SPACE',''
  ) );
#7274 = ADVANCED_FACE('',(#7275,#7323),#7072,.T.);
#7275 = FACE_BOUND('',#7276,.T.);
#7276 = EDGE_LOOP('',(#7277,#7278,#7279,#7302));
#7277 = ORIENTED_EDGE('',*,*,#7058,.F.);
#7278 = ORIENTED_EDGE('',*,*,#7111,.T.);
#7279 = ORIENTED_EDGE('',*,*,#7280,.T.);
#7280 = EDGE_CURVE('',#7112,#7281,#7283,.T.);
#7281 = VERTEX_POINT('',#7282);
#7282 = CARTESIAN_POINT('',(-185.,10.,97.5));
#7283 = SURFACE_CURVE('',#7284,(#7288,#7295),.PCURVE_S1.);
#7284 = LINE('',#7285,#7286);
#7285 = CARTESIAN_POINT('',(-185.,-30.,97.5));
#7286 = VECTOR('',#7287,1.);
#7287 = DIRECTION('',(0.,1.,0.));
#7288 = PCURVE('',#7072,#7289);
#7289 = DEFINITIONAL_REPRESENTATION('',(#7290),#7294);
#7290 = LINE('',#7291,#7292);
#7291 = CARTESIAN_POINT('',(85.,0.));
#7292 = VECTOR('',#7293,1.);
#7293 = DIRECTION('',(0.,1.));
#7294 = ( GEOMETRIC_REPRESENTATION_CONTEXT(2)
PARAMETRIC_REPRESENTATION_CONTEXT() REPRESENTATION_CONTEXT('2D SPACE',''
  ) );
#7295 = PCURVE('',#7148,#7296);
#7296 = DEFINITIONAL_REPRESENTATION('',(#7297),#7301);
#7297 = LINE('',#7298,#7299);
#7298 = CARTESIAN_POINT('',(55.,0.));
#7299 = VECTOR('',#7300,1.);
#7300 = DIRECTION('',(0.,-1.));
#7301 = ( GEOMETRIC_REPRESENTATION_CONTEXT(2)
PARAMETRIC_REPRESENTATION_CONTEXT() REPRESENTATION_CONTEXT('2D SPACE',''
  ) );
#7302 = ORIENTED_EDGE('',*,*,#7303,.F.);
#7303 = EDGE_CURVE('',#7031,#7281,#7304,.T.);
#7304 = SURFACE_CURVE('',#7305,(#7309,#7316),.PCURVE_S1.);
#7305 = LINE('',#7306,#7307);
#7306 = CARTESIAN_POINT('',(-270.,10.,97.5));
#7307 = VECTOR('',#7308,1.);
#7308 = DIRECTION('',(1.,0.,0.));
#7309 = PCURVE('',#7072,#7310);
#7310 = DEFINITIONAL_REPRESENTATION('',(#7311),#7315);
#7311 = LINE('',#7312,#7313);
#7312 = CARTESIAN_POINT('',(0.,40.));
#7313 = VECTOR('',#7314,1.);
#7314 = DIRECTION('',(1.,0.));
#7315 = ( GEOMETRIC_REPRESENTATION_CONTEXT(2)
PARAMETRIC_REPRESENTATION_CONTEXT() REPRESENTATION_CONTEXT('2D SPACE',''
  ) );
#7316 = PCURVE('',#7046,#7317);
#7317 = DEFINITIONAL_REPRESENTATION('',(#7318),#7322);
#7318 = LINE('',#7319,#7320);
#7319 = CARTESIAN_POINT('',(55.,0.));
#7320 = VECTOR('',#7321,1.);
#7321 = DIRECTION('',(0.,1.));
#7322 = ( GEOMETRIC_REPRESENTATION_CONTEXT(2)
PARAMETRIC_REPRESENTATION_CONTEXT() REPRESENTATION_CONTEXT('2D SPACE',''
  ) );
#7323 = FACE_BOUND('',#7324,.T.);
#7324 = EDGE_LOOP('',(#7325,#7355,#7383,#7412,#7440,#7469,#7497,#7525,
    #7553,#7582,#7610,#7639));
#7325 = ORIENTED_EDGE('',*,*,#7326,.T.);
#7326 = EDGE_CURVE('',#7327,#7329,#7331,.T.);
#7327 = VERTEX_POINT('',#7328);
#7328 = CARTESIAN_POINT('',(-247.5,-10.75,97.5));
#7329 = VERTEX_POINT('',#7330);
#7330 = CARTESIAN_POINT('',(-247.5,-9.25,97.5));
#7331 = SURFACE_CURVE('',#7332,(#7336,#7343),.PCURVE_S1.);
#7332 = LINE('',#7333,#7334);
#7333 = CARTESIAN_POINT('',(-247.5,-10.75,97.5));
#7334 = VECTOR('',#7335,1.);
#7335 = DIRECTION('',(0.,1.,0.));
#7336 = PCURVE('',#7072,#7337);
#7337 = DEFINITIONAL_REPRESENTATION('',(#7338),#7342);
#7338 = LINE('',#7339,#7340);
#7339 = CARTESIAN_POINT('',(22.5,19.25));
#7340 = VECTOR('',#7341,1.);
#7341 = DIRECTION('',(0.,1.));
#7342 = ( GEOMETRIC_REPRESENTATION_CONTEXT(2)
PARAMETRIC_REPRESENTATION_CONTEXT() REPRESENTATION_CONTEXT('2D SPACE',''
  ) );
#7343 = PCURVE('',#7344,#7349);
#7344 = PLANE('',#7345);
#7345 = AXIS2_PLACEMENT_3D('',#7346,#7347,#7348);
#7346 = CARTESIAN_POINT('',(-247.5,-10.75,70.));
#7347 = DIRECTION('',(1.,0.,0.));
#7348 = DIRECTION('',(0.,0.,1.));
#7349 = DEFINITIONAL_REPRESENTATION('',(#7350),#7354);
#7350 = LINE('',#7351,#7352);
#7351 = CARTESIAN_POINT('',(27.5,0.));
#7352 = VECTOR('',#7353,1.);
#7353 = DIRECTION('',(0.,-1.));
#7354 = ( GEOMETRIC_REPRESENTATION_CONTEXT(2)
PARAMETRIC_REPRESENTATION_CONTEXT() REPRESENTATION_CONTEXT('2D SPACE',''
  ) );
#7355 = ORIENTED_EDGE('',*,*,#7356,.T.);
#7356 = EDGE_CURVE('',#7329,#7357,#7359,.T.);
#7357 = VERTEX_POINT('',#7358);
#7358 = CARTESIAN_POINT('',(-240.2136427928,-9.25,97.5));
#7359 = SURFACE_CURVE('',#7360,(#7364,#7371),.PCURVE_S1.);
#7360 = LINE('',#7361,#7362);
#7361 = CARTESIAN_POINT('',(-247.5,-9.25,97.5));
#7362 = VECTOR('',#7363,1.);
#7363 = DIRECTION('',(1.,0.,0.));
#7364 = PCURVE('',#7072,#7365);
#7365 = DEFINITIONAL_REPRESENTATION('',(#7366),#7370);
#7366 = LINE('',#7367,#7368);
#7367 = CARTESIAN_POINT('',(22.5,20.75));
#7368 = VECTOR('',#7369,1.);
#7369 = DIRECTION('',(1.,0.));
#7370 = ( GEOMETRIC_REPRESENTATION_CONTEXT(2)
PARAMETRIC_REPRESENTATION_CONTEXT() REPRESENTATION_CONTEXT('2D SPACE',''
  ) );
#7371 = PCURVE('',#7372,#7377);
#7372 = PLANE('',#7373);
#7373 = AXIS2_PLACEMENT_3D('',#7374,#7375,#7376);
#7374 = CARTESIAN_POINT('',(-247.5,-9.25,70.));
#7375 = DIRECTION('',(0.,1.,0.));
#7376 = DIRECTION('',(0.,0.,1.));
#7377 = DEFINITIONAL_REPRESENTATION('',(#7378),#7382);
#7378 = LINE('',#7379,#7380);
#7379 = CARTESIAN_POINT('',(27.5,0.));
#7380 = VECTOR('',#7381,1.);
#7381 = DIRECTION('',(0.,1.));
#7382 = ( GEOMETRIC_REPRESENTATION_CONTEXT(2)
PARAMETRIC_REPRESENTATION_CONTEXT() REPRESENTATION_CONTEXT('2D SPACE',''
  ) );
#7383 = ORIENTED_EDGE('',*,*,#7384,.F.);
#7384 = EDGE_CURVE('',#7385,#7357,#7387,.T.);
#7385 = VERTEX_POINT('',#7386);
#7386 = CARTESIAN_POINT('',(-233.7863572071,-9.25,97.5));
#7387 = SURFACE_CURVE('',#7388,(#7393,#7400),.PCURVE_S1.);
#7388 = CIRCLE('',#7389,3.3);
#7389 = AXIS2_PLACEMENT_3D('',#7390,#7391,#7392);
#7390 = CARTESIAN_POINT('',(-237.,-10.,97.5));
#7391 = DIRECTION('',(0.,0.,1.));
#7392 = DIRECTION('',(1.,0.,-0.));
#7393 = PCURVE('',#7072,#7394);
#7394 = DEFINITIONAL_REPRESENTATION('',(#7395),#7399);
#7395 = CIRCLE('',#7396,3.3);
#7396 = AXIS2_PLACEMENT_2D('',#7397,#7398);
#7397 = CARTESIAN_POINT('',(33.,20.));
#7398 = DIRECTION('',(1.,0.));
#7399 = ( GEOMETRIC_REPRESENTATION_CONTEXT(2)
PARAMETRIC_REPRESENTATION_CONTEXT() REPRESENTATION_CONTEXT('2D SPACE',''
  ) );
#7400 = PCURVE('',#7401,#7406);
#7401 = CYLINDRICAL_SURFACE('',#7402,3.3);
#7402 = AXIS2_PLACEMENT_3D('',#7403,#7404,#7405);
#7403 = CARTESIAN_POINT('',(-237.,-10.,41.5));
#7404 = DIRECTION('',(0.,0.,1.));
#7405 = DIRECTION('',(1.,0.,-0.));
#7406 = DEFINITIONAL_REPRESENTATION('',(#7407),#7411);
#7407 = LINE('',#7408,#7409);
#7408 = CARTESIAN_POINT('',(0.,56.));
#7409 = VECTOR('',#7410,1.);
#7410 = DIRECTION('',(1.,0.));
#7411 = ( GEOMETRIC_REPRESENTATION_CONTEXT(2)
PARAMETRIC_REPRESENTATION_CONTEXT() REPRESENTATION_CONTEXT('2D SPACE',''
  ) );
#7412 = ORIENTED_EDGE('',*,*,#7413,.T.);
#7413 = EDGE_CURVE('',#7385,#7414,#7416,.T.);
#7414 = VERTEX_POINT('',#7415);
#7415 = CARTESIAN_POINT('',(-228.2136427928,-9.25,97.5));
#7416 = SURFACE_CURVE('',#7417,(#7421,#7428),.PCURVE_S1.);
#7417 = LINE('',#7418,#7419);
#7418 = CARTESIAN_POINT('',(-247.5,-9.25,97.5));
#7419 = VECTOR('',#7420,1.);
#7420 = DIRECTION('',(1.,0.,0.));
#7421 = PCURVE('',#7072,#7422);
#7422 = DEFINITIONAL_REPRESENTATION('',(#7423),#7427);
#7423 = LINE('',#7424,#7425);
#7424 = CARTESIAN_POINT('',(22.5,20.75));
#7425 = VECTOR('',#7426,1.);
#7426 = DIRECTION('',(1.,0.));
#7427 = ( GEOMETRIC_REPRESENTATION_CONTEXT(2)
PARAMETRIC_REPRESENTATION_CONTEXT() REPRESENTATION_CONTEXT('2D SPACE',''
  ) );
#7428 = PCURVE('',#7429,#7434);
#7429 = PLANE('',#7430);
#7430 = AXIS2_PLACEMENT_3D('',#7431,#7432,#7433);
#7431 = CARTESIAN_POINT('',(-247.5,-9.25,70.));
#7432 = DIRECTION('',(0.,1.,0.));
#7433 = DIRECTION('',(0.,0.,1.));
#7434 = DEFINITIONAL_REPRESENTATION('',(#7435),#7439);
#7435 = LINE('',#7436,#7437);
#7436 = CARTESIAN_POINT('',(27.5,0.));
#7437 = VECTOR('',#7438,1.);
#7438 = DIRECTION('',(0.,1.));
#7439 = ( GEOMETRIC_REPRESENTATION_CONTEXT(2)
PARAMETRIC_REPRESENTATION_CONTEXT() REPRESENTATION_CONTEXT('2D SPACE',''
  ) );
#7440 = ORIENTED_EDGE('',*,*,#7441,.F.);
#7441 = EDGE_CURVE('',#7442,#7414,#7444,.T.);
#7442 = VERTEX_POINT('',#7443);
#7443 = CARTESIAN_POINT('',(-221.7863572071,-9.25,97.5));
#7444 = SURFACE_CURVE('',#7445,(#7450,#7457),.PCURVE_S1.);
#7445 = CIRCLE('',#7446,3.3);
#7446 = AXIS2_PLACEMENT_3D('',#7447,#7448,#7449);
#7447 = CARTESIAN_POINT('',(-225.,-10.,97.5));
#7448 = DIRECTION('',(0.,0.,1.));
#7449 = DIRECTION('',(1.,0.,-0.));
#7450 = PCURVE('',#7072,#7451);
#7451 = DEFINITIONAL_REPRESENTATION('',(#7452),#7456);
#7452 = CIRCLE('',#7453,3.3);
#7453 = AXIS2_PLACEMENT_2D('',#7454,#7455);
#7454 = CARTESIAN_POINT('',(45.,20.));
#7455 = DIRECTION('',(1.,0.));
#7456 = ( GEOMETRIC_REPRESENTATION_CONTEXT(2)
PARAMETRIC_REPRESENTATION_CONTEXT() REPRESENTATION_CONTEXT('2D SPACE',''
  ) );
#7457 = PCURVE('',#7458,#7463);
#7458 = CYLINDRICAL_SURFACE('',#7459,3.3);
#7459 = AXIS2_PLACEMENT_3D('',#7460,#7461,#7462);
#7460 = CARTESIAN_POINT('',(-225.,-10.,41.5));
#7461 = DIRECTION('',(0.,0.,1.));
#7462 = DIRECTION('',(1.,0.,-0.));
#7463 = DEFINITIONAL_REPRESENTATION('',(#7464),#7468);
#7464 = LINE('',#7465,#7466);
#7465 = CARTESIAN_POINT('',(0.,56.));
#7466 = VECTOR('',#7467,1.);
#7467 = DIRECTION('',(1.,0.));
#7468 = ( GEOMETRIC_REPRESENTATION_CONTEXT(2)
PARAMETRIC_REPRESENTATION_CONTEXT() REPRESENTATION_CONTEXT('2D SPACE',''
  ) );
#7469 = ORIENTED_EDGE('',*,*,#7470,.T.);
#7470 = EDGE_CURVE('',#7442,#7471,#7473,.T.);
#7471 = VERTEX_POINT('',#7472);
#7472 = CARTESIAN_POINT('',(-214.5,-9.25,97.5));
#7473 = SURFACE_CURVE('',#7474,(#7478,#7485),.PCURVE_S1.);
#7474 = LINE('',#7475,#7476);
#7475 = CARTESIAN_POINT('',(-247.5,-9.25,97.5));
#7476 = VECTOR('',#7477,1.);
#7477 = DIRECTION('',(1.,0.,0.));
#7478 = PCURVE('',#7072,#7479);
#7479 = DEFINITIONAL_REPRESENTATION('',(#7480),#7484);
#7480 = LINE('',#7481,#7482);
#7481 = CARTESIAN_POINT('',(22.5,20.75));
#7482 = VECTOR('',#7483,1.);
#7483 = DIRECTION('',(1.,0.));
#7484 = ( GEOMETRIC_REPRESENTATION_CONTEXT(2)
PARAMETRIC_REPRESENTATION_CONTEXT() REPRESENTATION_CONTEXT('2D SPACE',''
  ) );
#7485 = PCURVE('',#7486,#7491);
#7486 = PLANE('',#7487);
#7487 = AXIS2_PLACEMENT_3D('',#7488,#7489,#7490);
#7488 = CARTESIAN_POINT('',(-247.5,-9.25,70.));
#7489 = DIRECTION('',(0.,1.,0.));
#7490 = DIRECTION('',(0.,0.,1.));
#7491 = DEFINITIONAL_REPRESENTATION('',(#7492),#7496);
#7492 = LINE('',#7493,#7494);
#7493 = CARTESIAN_POINT('',(27.5,0.));
#7494 = VECTOR('',#7495,1.);
#7495 = DIRECTION('',(0.,1.));
#7496 = ( GEOMETRIC_REPRESENTATION_CONTEXT(2)
PARAMETRIC_REPRESENTATION_CONTEXT() REPRESENTATION_CONTEXT('2D SPACE',''
  ) );
#7497 = ORIENTED_EDGE('',*,*,#7498,.F.);
#7498 = EDGE_CURVE('',#7499,#7471,#7501,.T.);
#7499 = VERTEX_POINT('',#7500);
#7500 = CARTESIAN_POINT('',(-214.5,-10.75,97.5));
#7501 = SURFACE_CURVE('',#7502,(#7506,#7513),.PCURVE_S1.);
#7502 = LINE('',#7503,#7504);
#7503 = CARTESIAN_POINT('',(-214.5,-10.75,97.5));
#7504 = VECTOR('',#7505,1.);
#7505 = DIRECTION('',(0.,1.,0.));
#7506 = PCURVE('',#7072,#7507);
#7507 = DEFINITIONAL_REPRESENTATION('',(#7508),#7512);
#7508 = LINE('',#7509,#7510);
#7509 = CARTESIAN_POINT('',(55.5,19.25));
#7510 = VECTOR('',#7511,1.);
#7511 = DIRECTION('',(0.,1.));
#7512 = ( GEOMETRIC_REPRESENTATION_CONTEXT(2)
PARAMETRIC_REPRESENTATION_CONTEXT() REPRESENTATION_CONTEXT('2D SPACE',''
  ) );
#7513 = PCURVE('',#7514,#7519);
#7514 = PLANE('',#7515);
#7515 = AXIS2_PLACEMENT_3D('',#7516,#7517,#7518);
#7516 = CARTESIAN_POINT('',(-214.5,-10.75,70.));
#7517 = DIRECTION('',(1.,0.,0.));
#7518 = DIRECTION('',(0.,0.,1.));
#7519 = DEFINITIONAL_REPRESENTATION('',(#7520),#7524);
#7520 = LINE('',#7521,#7522);
#7521 = CARTESIAN_POINT('',(27.5,0.));
#7522 = VECTOR('',#7523,1.);
#7523 = DIRECTION('',(0.,-1.));
#7524 = ( GEOMETRIC_REPRESENTATION_CONTEXT(2)
PARAMETRIC_REPRESENTATION_CONTEXT() REPRESENTATION_CONTEXT('2D SPACE',''
  ) );
#7525 = ORIENTED_EDGE('',*,*,#7526,.F.);
#7526 = EDGE_CURVE('',#7527,#7499,#7529,.T.);
#7527 = VERTEX_POINT('',#7528);
#7528 = CARTESIAN_POINT('',(-221.7863572071,-10.75,97.5));
#7529 = SURFACE_CURVE('',#7530,(#7534,#7541),.PCURVE_S1.);
#7530 = LINE('',#7531,#7532);
#7531 = CARTESIAN_POINT('',(-247.5,-10.75,97.5));
#7532 = VECTOR('',#7533,1.);
#7533 = DIRECTION('',(1.,0.,0.));
#7534 = PCURVE('',#7072,#7535);
#7535 = DEFINITIONAL_REPRESENTATION('',(#7536),#7540);
#7536 = LINE('',#7537,#7538);
#7537 = CARTESIAN_POINT('',(22.5,19.25));
#7538 = VECTOR('',#7539,1.);
#7539 = DIRECTION('',(1.,0.));
#7540 = ( GEOMETRIC_REPRESENTATION_CONTEXT(2)
PARAMETRIC_REPRESENTATION_CONTEXT() REPRESENTATION_CONTEXT('2D SPACE',''
  ) );
#7541 = PCURVE('',#7542,#7547);
#7542 = PLANE('',#7543);
#7543 = AXIS2_PLACEMENT_3D('',#7544,#7545,#7546);
#7544 = CARTESIAN_POINT('',(-247.5,-10.75,70.));
#7545 = DIRECTION('',(0.,1.,0.));
#7546 = DIRECTION('',(0.,0.,1.));
#7547 = DEFINITIONAL_REPRESENTATION('',(#7548),#7552);
#7548 = LINE('',#7549,#7550);
#7549 = CARTESIAN_POINT('',(27.5,0.));
#7550 = VECTOR('',#7551,1.);
#7551 = DIRECTION('',(0.,1.));
#7552 = ( GEOMETRIC_REPRESENTATION_CONTEXT(2)
PARAMETRIC_REPRESENTATION_CONTEXT() REPRESENTATION_CONTEXT('2D SPACE',''
  ) );
#7553 = ORIENTED_EDGE('',*,*,#7554,.F.);
#7554 = EDGE_CURVE('',#7555,#7527,#7557,.T.);
#7555 = VERTEX_POINT('',#7556);
#7556 = CARTESIAN_POINT('',(-228.2136427928,-10.75,97.5));
#7557 = SURFACE_CURVE('',#7558,(#7563,#7570),.PCURVE_S1.);
#7558 = CIRCLE('',#7559,3.3);
#7559 = AXIS2_PLACEMENT_3D('',#7560,#7561,#7562);
#7560 = CARTESIAN_POINT('',(-225.,-10.,97.5));
#7561 = DIRECTION('',(0.,0.,1.));
#7562 = DIRECTION('',(1.,0.,-0.));
#7563 = PCURVE('',#7072,#7564);
#7564 = DEFINITIONAL_REPRESENTATION('',(#7565),#7569);
#7565 = CIRCLE('',#7566,3.3);
#7566 = AXIS2_PLACEMENT_2D('',#7567,#7568);
#7567 = CARTESIAN_POINT('',(45.,20.));
#7568 = DIRECTION('',(1.,0.));
#7569 = ( GEOMETRIC_REPRESENTATION_CONTEXT(2)
PARAMETRIC_REPRESENTATION_CONTEXT() REPRESENTATION_CONTEXT('2D SPACE',''
  ) );
#7570 = PCURVE('',#7571,#7576);
#7571 = CYLINDRICAL_SURFACE('',#7572,3.3);
#7572 = AXIS2_PLACEMENT_3D('',#7573,#7574,#7575);
#7573 = CARTESIAN_POINT('',(-225.,-10.,41.5));
#7574 = DIRECTION('',(0.,0.,1.));
#7575 = DIRECTION('',(1.,0.,-0.));
#7576 = DEFINITIONAL_REPRESENTATION('',(#7577),#7581);
#7577 = LINE('',#7578,#7579);
#7578 = CARTESIAN_POINT('',(0.,56.));
#7579 = VECTOR('',#7580,1.);
#7580 = DIRECTION('',(1.,0.));
#7581 = ( GEOMETRIC_REPRESENTATION_CONTEXT(2)
PARAMETRIC_REPRESENTATION_CONTEXT() REPRESENTATION_CONTEXT('2D SPACE',''
  ) );
#7582 = ORIENTED_EDGE('',*,*,#7583,.F.);
#7583 = EDGE_CURVE('',#7584,#7555,#7586,.T.);
#7584 = VERTEX_POINT('',#7585);
#7585 = CARTESIAN_POINT('',(-233.7863572071,-10.75,97.5));
#7586 = SURFACE_CURVE('',#7587,(#7591,#7598),.PCURVE_S1.);
#7587 = LINE('',#7588,#7589);
#7588 = CARTESIAN_POINT('',(-247.5,-10.75,97.5));
#7589 = VECTOR('',#7590,1.);
#7590 = DIRECTION('',(1.,0.,0.));
#7591 = PCURVE('',#7072,#7592);
#7592 = DEFINITIONAL_REPRESENTATION('',(#7593),#7597);
#7593 = LINE('',#7594,#7595);
#7594 = CARTESIAN_POINT('',(22.5,19.25));
#7595 = VECTOR('',#7596,1.);
#7596 = DIRECTION('',(1.,0.));
#7597 = ( GEOMETRIC_REPRESENTATION_CONTEXT(2)
PARAMETRIC_REPRESENTATION_CONTEXT() REPRESENTATION_CONTEXT('2D SPACE',''
  ) );
#7598 = PCURVE('',#7599,#7604);
#7599 = PLANE('',#7600);
#7600 = AXIS2_PLACEMENT_3D('',#7601,#7602,#7603);
#7601 = CARTESIAN_POINT('',(-247.5,-10.75,70.));
#7602 = DIRECTION('',(0.,1.,0.));
#7603 = DIRECTION('',(0.,0.,1.));
#7604 = DEFINITIONAL_REPRESENTATION('',(#7605),#7609);
#7605 = LINE('',#7606,#7607);
#7606 = CARTESIAN_POINT('',(27.5,0.));
#7607 = VECTOR('',#7608,1.);
#7608 = DIRECTION('',(0.,1.));
#7609 = ( GEOMETRIC_REPRESENTATION_CONTEXT(2)
PARAMETRIC_REPRESENTATION_CONTEXT() REPRESENTATION_CONTEXT('2D SPACE',''
  ) );
#7610 = ORIENTED_EDGE('',*,*,#7611,.F.);
#7611 = EDGE_CURVE('',#7612,#7584,#7614,.T.);
#7612 = VERTEX_POINT('',#7613);
#7613 = CARTESIAN_POINT('',(-240.2136427928,-10.75,97.5));
#7614 = SURFACE_CURVE('',#7615,(#7620,#7627),.PCURVE_S1.);
#7615 = CIRCLE('',#7616,3.3);
#7616 = AXIS2_PLACEMENT_3D('',#7617,#7618,#7619);
#7617 = CARTESIAN_POINT('',(-237.,-10.,97.5));
#7618 = DIRECTION('',(0.,0.,1.));
#7619 = DIRECTION('',(1.,0.,-0.));
#7620 = PCURVE('',#7072,#7621);
#7621 = DEFINITIONAL_REPRESENTATION('',(#7622),#7626);
#7622 = CIRCLE('',#7623,3.3);
#7623 = AXIS2_PLACEMENT_2D('',#7624,#7625);
#7624 = CARTESIAN_POINT('',(33.,20.));
#7625 = DIRECTION('',(1.,0.));
#7626 = ( GEOMETRIC_REPRESENTATION_CONTEXT(2)
PARAMETRIC_REPRESENTATION_CONTEXT() REPRESENTATION_CONTEXT('2D SPACE',''
  ) );
#7627 = PCURVE('',#7628,#7633);
#7628 = CYLINDRICAL_SURFACE('',#7629,3.3);
#7629 = AXIS2_PLACEMENT_3D('',#7630,#7631,#7632);
#7630 = CARTESIAN_POINT('',(-237.,-10.,41.5));
#7631 = DIRECTION('',(0.,0.,1.));
#7632 = DIRECTION('',(1.,0.,-0.));
#7633 = DEFINITIONAL_REPRESENTATION('',(#7634),#7638);
#7634 = LINE('',#7635,#7636);
#7635 = CARTESIAN_POINT('',(0.,56.));
#7636 = VECTOR('',#7637,1.);
#7637 = DIRECTION('',(1.,0.));
#7638 = ( GEOMETRIC_REPRESENTATION_CONTEXT(2)
PARAMETRIC_REPRESENTATION_CONTEXT() REPRESENTATION_CONTEXT('2D SPACE',''
  ) );
#7639 = ORIENTED_EDGE('',*,*,#7640,.F.);
#7640 = EDGE_CURVE('',#7327,#7612,#7641,.T.);
#7641 = SURFACE_CURVE('',#7642,(#7646,#7653),.PCURVE_S1.);
#7642 = LINE('',#7643,#7644);
#7643 = CARTESIAN_POINT('',(-247.5,-10.75,97.5));
#7644 = VECTOR('',#7645,1.);
#7645 = DIRECTION('',(1.,0.,0.));
#7646 = PCURVE('',#7072,#7647);
#7647 = DEFINITIONAL_REPRESENTATION('',(#7648),#7652);
#7648 = LINE('',#7649,#7650);
#7649 = CARTESIAN_POINT('',(22.5,19.25));
#7650 = VECTOR('',#7651,1.);
#7651 = DIRECTION('',(1.,0.));
#7652 = ( GEOMETRIC_REPRESENTATION_CONTEXT(2)
PARAMETRIC_REPRESENTATION_CONTEXT() REPRESENTATION_CONTEXT('2D SPACE',''
  ) );
#7653 = PCURVE('',#7654,#7659);
#7654 = PLANE('',#7655);
#7655 = AXIS2_PLACEMENT_3D('',#7656,#7657,#7658);
#7656 = CARTESIAN_POINT('',(-247.5,-10.75,70.));
#7657 = DIRECTION('',(0.,1.,0.));
#7658 = DIRECTION('',(0.,0.,1.));
#7659 = DEFINITIONAL_REPRESENTATION('',(#7660),#7664);
#7660 = LINE('',#7661,#7662);
#7661 = CARTESIAN_POINT('',(27.5,0.));
#7662 = VECTOR('',#7663,1.);
#7663 = DIRECTION('',(0.,1.));
#7664 = ( GEOMETRIC_REPRESENTATION_CONTEXT(2)
PARAMETRIC_REPRESENTATION_CONTEXT() REPRESENTATION_CONTEXT('2D SPACE',''
  ) );
#7665 = ADVANCED_FACE('',(#7666,#7714),#7046,.T.);
#7666 = FACE_BOUND('',#7667,.T.);
#7667 = EDGE_LOOP('',(#7668,#7691,#7692,#7693));
#7668 = ORIENTED_EDGE('',*,*,#7669,.F.);
#7669 = EDGE_CURVE('',#7003,#7670,#7672,.T.);
#7670 = VERTEX_POINT('',#7671);
#7671 = CARTESIAN_POINT('',(-185.,10.,42.5));
#7672 = SURFACE_CURVE('',#7673,(#7677,#7684),.PCURVE_S1.);
#7673 = LINE('',#7674,#7675);
#7674 = CARTESIAN_POINT('',(-270.,10.,42.5));
#7675 = VECTOR('',#7676,1.);
#7676 = DIRECTION('',(1.,0.,0.));
#7677 = PCURVE('',#7046,#7678);
#7678 = DEFINITIONAL_REPRESENTATION('',(#7679),#7683);
#7679 = LINE('',#7680,#7681);
#7680 = CARTESIAN_POINT('',(0.,0.));
#7681 = VECTOR('',#7682,1.);
#7682 = DIRECTION('',(0.,1.));
#7683 = ( GEOMETRIC_REPRESENTATION_CONTEXT(2)
PARAMETRIC_REPRESENTATION_CONTEXT() REPRESENTATION_CONTEXT('2D SPACE',''
  ) );
#7684 = PCURVE('',#7018,#7685);
#7685 = DEFINITIONAL_REPRESENTATION('',(#7686),#7690);
#7686 = LINE('',#7687,#7688);
#7687 = CARTESIAN_POINT('',(0.,40.));
#7688 = VECTOR('',#7689,1.);
#7689 = DIRECTION('',(1.,0.));
#7690 = ( GEOMETRIC_REPRESENTATION_CONTEXT(2)
PARAMETRIC_REPRESENTATION_CONTEXT() REPRESENTATION_CONTEXT('2D SPACE',''
  ) );
#7691 = ORIENTED_EDGE('',*,*,#7030,.T.);
#7692 = ORIENTED_EDGE('',*,*,#7303,.T.);
#7693 = ORIENTED_EDGE('',*,*,#7694,.F.);
#7694 = EDGE_CURVE('',#7670,#7281,#7695,.T.);
#7695 = SURFACE_CURVE('',#7696,(#7700,#7707),.PCURVE_S1.);
#7696 = LINE('',#7697,#7698);
#7697 = CARTESIAN_POINT('',(-185.,10.,42.5));
#7698 = VECTOR('',#7699,1.);
#7699 = DIRECTION('',(0.,0.,1.));
#7700 = PCURVE('',#7046,#7701);
#7701 = DEFINITIONAL_REPRESENTATION('',(#7702),#7706);
#7702 = LINE('',#7703,#7704);
#7703 = CARTESIAN_POINT('',(0.,85.));
#7704 = VECTOR('',#7705,1.);
#7705 = DIRECTION('',(1.,0.));
#7706 = ( GEOMETRIC_REPRESENTATION_CONTEXT(2)
PARAMETRIC_REPRESENTATION_CONTEXT() REPRESENTATION_CONTEXT('2D SPACE',''
  ) );
#7707 = PCURVE('',#7148,#7708);
#7708 = DEFINITIONAL_REPRESENTATION('',(#7709),#7713);
#7709 = LINE('',#7710,#7711);
#7710 = CARTESIAN_POINT('',(0.,-40.));
#7711 = VECTOR('',#7712,1.);
#7712 = DIRECTION('',(1.,0.));
#7713 = ( GEOMETRIC_REPRESENTATION_CONTEXT(2)
PARAMETRIC_REPRESENTATION_CONTEXT() REPRESENTATION_CONTEXT('2D SPACE',''
  ) );
#7714 = FACE_BOUND('',#7715,.T.);
#7715 = EDGE_LOOP('',(#7716,#7742,#7765,#7788));
#7716 = ORIENTED_EDGE('',*,*,#7717,.F.);
#7717 = EDGE_CURVE('',#7718,#7720,#7722,.T.);
#7718 = VERTEX_POINT('',#7719);
#7719 = CARTESIAN_POINT('',(-202.5,10.,78.124038404636));
#7720 = VERTEX_POINT('',#7721);
#7721 = CARTESIAN_POINT('',(-207.5,10.,78.124038404636));
#7722 = SURFACE_CURVE('',#7723,(#7728,#7735),.PCURVE_S1.);
#7723 = CIRCLE('',#7724,8.5);
#7724 = AXIS2_PLACEMENT_3D('',#7725,#7726,#7727);
#7725 = CARTESIAN_POINT('',(-205.,10.,70.));
#7726 = DIRECTION('',(0.,1.,0.));
#7727 = DIRECTION('',(0.,-0.,1.));
#7728 = PCURVE('',#7046,#7729);
#7729 = DEFINITIONAL_REPRESENTATION('',(#7730),#7734);
#7730 = CIRCLE('',#7731,8.5);
#7731 = AXIS2_PLACEMENT_2D('',#7732,#7733);
#7732 = CARTESIAN_POINT('',(27.5,65.));
#7733 = DIRECTION('',(1.,0.));
#7734 = ( GEOMETRIC_REPRESENTATION_CONTEXT(2)
PARAMETRIC_REPRESENTATION_CONTEXT() REPRESENTATION_CONTEXT('2D SPACE',''
  ) );
#7735 = PCURVE('',#7181,#7736);
#7736 = DEFINITIONAL_REPRESENTATION('',(#7737),#7741);
#7737 = LINE('',#7738,#7739);
#7738 = CARTESIAN_POINT('',(0.,41.));
#7739 = VECTOR('',#7740,1.);
#7740 = DIRECTION('',(1.,0.));
#7741 = ( GEOMETRIC_REPRESENTATION_CONTEXT(2)
PARAMETRIC_REPRESENTATION_CONTEXT() REPRESENTATION_CONTEXT('2D SPACE',''
  ) );
#7742 = ORIENTED_EDGE('',*,*,#7743,.F.);
#7743 = EDGE_CURVE('',#7744,#7718,#7746,.T.);
#7744 = VERTEX_POINT('',#7745);
#7745 = CARTESIAN_POINT('',(-202.5,10.,81.));
#7746 = SURFACE_CURVE('',#7747,(#7751,#7758),.PCURVE_S1.);
#7747 = LINE('',#7748,#7749);
#7748 = CARTESIAN_POINT('',(-202.5,10.,59.25));
#7749 = VECTOR('',#7750,1.);
#7750 = DIRECTION('',(0.,0.,-1.));
#7751 = PCURVE('',#7046,#7752);
#7752 = DEFINITIONAL_REPRESENTATION('',(#7753),#7757);
#7753 = LINE('',#7754,#7755);
#7754 = CARTESIAN_POINT('',(16.75,67.5));
#7755 = VECTOR('',#7756,1.);
#7756 = DIRECTION('',(-1.,0.));
#7757 = ( GEOMETRIC_REPRESENTATION_CONTEXT(2)
PARAMETRIC_REPRESENTATION_CONTEXT() REPRESENTATION_CONTEXT('2D SPACE',''
  ) );
#7758 = PCURVE('',#7209,#7759);
#7759 = DEFINITIONAL_REPRESENTATION('',(#7760),#7764);
#7760 = LINE('',#7761,#7762);
#7761 = CARTESIAN_POINT('',(-16.75,-41.));
#7762 = VECTOR('',#7763,1.);
#7763 = DIRECTION('',(-1.,0.));
#7764 = ( GEOMETRIC_REPRESENTATION_CONTEXT(2)
PARAMETRIC_REPRESENTATION_CONTEXT() REPRESENTATION_CONTEXT('2D SPACE',''
  ) );
#7765 = ORIENTED_EDGE('',*,*,#7766,.F.);
#7766 = EDGE_CURVE('',#7767,#7744,#7769,.T.);
#7767 = VERTEX_POINT('',#7768);
#7768 = CARTESIAN_POINT('',(-207.5,10.,81.));
#7769 = SURFACE_CURVE('',#7770,(#7774,#7781),.PCURVE_S1.);
#7770 = LINE('',#7771,#7772);
#7771 = CARTESIAN_POINT('',(-238.75,10.,81.));
#7772 = VECTOR('',#7773,1.);
#7773 = DIRECTION('',(1.,0.,0.));
#7774 = PCURVE('',#7046,#7775);
#7775 = DEFINITIONAL_REPRESENTATION('',(#7776),#7780);
#7776 = LINE('',#7777,#7778);
#7777 = CARTESIAN_POINT('',(38.5,31.25));
#7778 = VECTOR('',#7779,1.);
#7779 = DIRECTION('',(0.,1.));
#7780 = ( GEOMETRIC_REPRESENTATION_CONTEXT(2)
PARAMETRIC_REPRESENTATION_CONTEXT() REPRESENTATION_CONTEXT('2D SPACE',''
  ) );
#7781 = PCURVE('',#7237,#7782);
#7782 = DEFINITIONAL_REPRESENTATION('',(#7783),#7787);
#7783 = LINE('',#7784,#7785);
#7784 = CARTESIAN_POINT('',(-31.25,41.));
#7785 = VECTOR('',#7786,1.);
#7786 = DIRECTION('',(1.,0.));
#7787 = ( GEOMETRIC_REPRESENTATION_CONTEXT(2)
PARAMETRIC_REPRESENTATION_CONTEXT() REPRESENTATION_CONTEXT('2D SPACE',''
  ) );
#7788 = ORIENTED_EDGE('',*,*,#7789,.T.);
#7789 = EDGE_CURVE('',#7767,#7720,#7790,.T.);
#7790 = SURFACE_CURVE('',#7791,(#7795,#7802),.PCURVE_S1.);
#7791 = LINE('',#7792,#7793);
#7792 = CARTESIAN_POINT('',(-207.5,10.,59.25));
#7793 = VECTOR('',#7794,1.);
#7794 = DIRECTION('',(0.,0.,-1.));
#7795 = PCURVE('',#7046,#7796);
#7796 = DEFINITIONAL_REPRESENTATION('',(#7797),#7801);
#7797 = LINE('',#7798,#7799);
#7798 = CARTESIAN_POINT('',(16.75,62.5));
#7799 = VECTOR('',#7800,1.);
#7800 = DIRECTION('',(-1.,0.));
#7801 = ( GEOMETRIC_REPRESENTATION_CONTEXT(2)
PARAMETRIC_REPRESENTATION_CONTEXT() REPRESENTATION_CONTEXT('2D SPACE',''
  ) );
#7802 = PCURVE('',#7263,#7803);
#7803 = DEFINITIONAL_REPRESENTATION('',(#7804),#7808);
#7804 = LINE('',#7805,#7806);
#7805 = CARTESIAN_POINT('',(-16.75,-41.));
#7806 = VECTOR('',#7807,1.);
#7807 = DIRECTION('',(-1.,0.));
#7808 = ( GEOMETRIC_REPRESENTATION_CONTEXT(2)
PARAMETRIC_REPRESENTATION_CONTEXT() REPRESENTATION_CONTEXT('2D SPACE',''
  ) );
#7809 = ADVANCED_FACE('',(#7810,#7836,#7867),#7018,.F.);
#7810 = FACE_BOUND('',#7811,.F.);
#7811 = EDGE_LOOP('',(#7812,#7813,#7814,#7835));
#7812 = ORIENTED_EDGE('',*,*,#7002,.F.);
#7813 = ORIENTED_EDGE('',*,*,#7087,.T.);
#7814 = ORIENTED_EDGE('',*,*,#7815,.T.);
#7815 = EDGE_CURVE('',#7088,#7670,#7816,.T.);
#7816 = SURFACE_CURVE('',#7817,(#7821,#7828),.PCURVE_S1.);
#7817 = LINE('',#7818,#7819);
#7818 = CARTESIAN_POINT('',(-185.,-30.,42.5));
#7819 = VECTOR('',#7820,1.);
#7820 = DIRECTION('',(0.,1.,0.));
#7821 = PCURVE('',#7018,#7822);
#7822 = DEFINITIONAL_REPRESENTATION('',(#7823),#7827);
#7823 = LINE('',#7824,#7825);
#7824 = CARTESIAN_POINT('',(85.,0.));
#7825 = VECTOR('',#7826,1.);
#7826 = DIRECTION('',(0.,1.));
#7827 = ( GEOMETRIC_REPRESENTATION_CONTEXT(2)
PARAMETRIC_REPRESENTATION_CONTEXT() REPRESENTATION_CONTEXT('2D SPACE',''
  ) );
#7828 = PCURVE('',#7148,#7829);
#7829 = DEFINITIONAL_REPRESENTATION('',(#7830),#7834);
#7830 = LINE('',#7831,#7832);
#7831 = CARTESIAN_POINT('',(0.,0.));
#7832 = VECTOR('',#7833,1.);
#7833 = DIRECTION('',(0.,-1.));
#7834 = ( GEOMETRIC_REPRESENTATION_CONTEXT(2)
PARAMETRIC_REPRESENTATION_CONTEXT() REPRESENTATION_CONTEXT('2D SPACE',''
  ) );
#7835 = ORIENTED_EDGE('',*,*,#7669,.F.);
#7836 = FACE_BOUND('',#7837,.F.);
#7837 = EDGE_LOOP('',(#7838));
#7838 = ORIENTED_EDGE('',*,*,#7839,.F.);
#7839 = EDGE_CURVE('',#7840,#7840,#7842,.T.);
#7840 = VERTEX_POINT('',#7841);
#7841 = CARTESIAN_POINT('',(-233.7,-10.,42.5));
#7842 = SURFACE_CURVE('',#7843,(#7848,#7855),.PCURVE_S1.);
#7843 = CIRCLE('',#7844,3.3);
#7844 = AXIS2_PLACEMENT_3D('',#7845,#7846,#7847);
#7845 = CARTESIAN_POINT('',(-237.,-10.,42.5));
#7846 = DIRECTION('',(0.,0.,1.));
#7847 = DIRECTION('',(1.,0.,-0.));
#7848 = PCURVE('',#7018,#7849);
#7849 = DEFINITIONAL_REPRESENTATION('',(#7850),#7854);
#7850 = CIRCLE('',#7851,3.3);
#7851 = AXIS2_PLACEMENT_2D('',#7852,#7853);
#7852 = CARTESIAN_POINT('',(33.,20.));
#7853 = DIRECTION('',(1.,0.));
#7854 = ( GEOMETRIC_REPRESENTATION_CONTEXT(2)
PARAMETRIC_REPRESENTATION_CONTEXT() REPRESENTATION_CONTEXT('2D SPACE',''
  ) );
#7855 = PCURVE('',#7856,#7861);
#7856 = CYLINDRICAL_SURFACE('',#7857,3.3);
#7857 = AXIS2_PLACEMENT_3D('',#7858,#7859,#7860);
#7858 = CARTESIAN_POINT('',(-237.,-10.,41.5));
#7859 = DIRECTION('',(0.,0.,1.));
#7860 = DIRECTION('',(1.,0.,-0.));
#7861 = DEFINITIONAL_REPRESENTATION('',(#7862),#7866);
#7862 = LINE('',#7863,#7864);
#7863 = CARTESIAN_POINT('',(0.,1.));
#7864 = VECTOR('',#7865,1.);
#7865 = DIRECTION('',(1.,0.));
#7866 = ( GEOMETRIC_REPRESENTATION_CONTEXT(2)
PARAMETRIC_REPRESENTATION_CONTEXT() REPRESENTATION_CONTEXT('2D SPACE',''
  ) );
#7867 = FACE_BOUND('',#7868,.F.);
#7868 = EDGE_LOOP('',(#7869));
#7869 = ORIENTED_EDGE('',*,*,#7870,.F.);
#7870 = EDGE_CURVE('',#7871,#7871,#7873,.T.);
#7871 = VERTEX_POINT('',#7872);
#7872 = CARTESIAN_POINT('',(-221.7,-10.,42.5));
#7873 = SURFACE_CURVE('',#7874,(#7879,#7886),.PCURVE_S1.);
#7874 = CIRCLE('',#7875,3.3);
#7875 = AXIS2_PLACEMENT_3D('',#7876,#7877,#7878);
#7876 = CARTESIAN_POINT('',(-225.,-10.,42.5));
#7877 = DIRECTION('',(0.,0.,1.));
#7878 = DIRECTION('',(1.,0.,-0.));
#7879 = PCURVE('',#7018,#7880);
#7880 = DEFINITIONAL_REPRESENTATION('',(#7881),#7885);
#7881 = CIRCLE('',#7882,3.3);
#7882 = AXIS2_PLACEMENT_2D('',#7883,#7884);
#7883 = CARTESIAN_POINT('',(45.,20.));
#7884 = DIRECTION('',(1.,0.));
#7885 = ( GEOMETRIC_REPRESENTATION_CONTEXT(2)
PARAMETRIC_REPRESENTATION_CONTEXT() REPRESENTATION_CONTEXT('2D SPACE',''
  ) );
#7886 = PCURVE('',#7887,#7892);
#7887 = CYLINDRICAL_SURFACE('',#7888,3.3);
#7888 = AXIS2_PLACEMENT_3D('',#7889,#7890,#7891);
#7889 = CARTESIAN_POINT('',(-225.,-10.,41.5));
#7890 = DIRECTION('',(0.,0.,1.));
#7891 = DIRECTION('',(1.,0.,-0.));
#7892 = DEFINITIONAL_REPRESENTATION('',(#7893),#7897);
#7893 = LINE('',#7894,#7895);
#7894 = CARTESIAN_POINT('',(0.,1.));
#7895 = VECTOR('',#7896,1.);
#7896 = DIRECTION('',(1.,0.));
#7897 = ( GEOMETRIC_REPRESENTATION_CONTEXT(2)
PARAMETRIC_REPRESENTATION_CONTEXT() REPRESENTATION_CONTEXT('2D SPACE',''
  ) );
#7898 = ADVANCED_FACE('',(#7899),#7148,.T.);
#7899 = FACE_BOUND('',#7900,.T.);
#7900 = EDGE_LOOP('',(#7901,#7902,#7903,#7904));
#7901 = ORIENTED_EDGE('',*,*,#7134,.F.);
#7902 = ORIENTED_EDGE('',*,*,#7815,.T.);
#7903 = ORIENTED_EDGE('',*,*,#7694,.T.);
#7904 = ORIENTED_EDGE('',*,*,#7280,.F.);
#7905 = ADVANCED_FACE('',(#7906),#7181,.F.);
#7906 = FACE_BOUND('',#7907,.F.);
#7907 = EDGE_LOOP('',(#7908,#7909,#7930,#7931));
#7908 = ORIENTED_EDGE('',*,*,#7717,.F.);
#7909 = ORIENTED_EDGE('',*,*,#7910,.F.);
#7910 = EDGE_CURVE('',#7163,#7718,#7911,.T.);
#7911 = SURFACE_CURVE('',#7912,(#7916,#7923),.PCURVE_S1.);
#7912 = LINE('',#7913,#7914);
#7913 = CARTESIAN_POINT('',(-202.5,-31.,78.124038404636));
#7914 = VECTOR('',#7915,1.);
#7915 = DIRECTION('',(0.,1.,0.));
#7916 = PCURVE('',#7181,#7917);
#7917 = DEFINITIONAL_REPRESENTATION('',(#7918),#7922);
#7918 = LINE('',#7919,#7920);
#7919 = CARTESIAN_POINT('',(0.298532201185,0.));
#7920 = VECTOR('',#7921,1.);
#7921 = DIRECTION('',(0.,1.));
#7922 = ( GEOMETRIC_REPRESENTATION_CONTEXT(2)
PARAMETRIC_REPRESENTATION_CONTEXT() REPRESENTATION_CONTEXT('2D SPACE',''
  ) );
#7923 = PCURVE('',#7209,#7924);
#7924 = DEFINITIONAL_REPRESENTATION('',(#7925),#7929);
#7925 = LINE('',#7926,#7927);
#7926 = CARTESIAN_POINT('',(2.124038404636,0.));
#7927 = VECTOR('',#7928,1.);
#7928 = DIRECTION('',(0.,-1.));
#7929 = ( GEOMETRIC_REPRESENTATION_CONTEXT(2)
PARAMETRIC_REPRESENTATION_CONTEXT() REPRESENTATION_CONTEXT('2D SPACE',''
  ) );
#7930 = ORIENTED_EDGE('',*,*,#7162,.T.);
#7931 = ORIENTED_EDGE('',*,*,#7932,.T.);
#7932 = EDGE_CURVE('',#7165,#7720,#7933,.T.);
#7933 = SURFACE_CURVE('',#7934,(#7938,#7945),.PCURVE_S1.);
#7934 = LINE('',#7935,#7936);
#7935 = CARTESIAN_POINT('',(-207.5,-31.,78.124038404636));
#7936 = VECTOR('',#7937,1.);
#7937 = DIRECTION('',(0.,1.,0.));
#7938 = PCURVE('',#7181,#7939);
#7939 = DEFINITIONAL_REPRESENTATION('',(#7940),#7944);
#7940 = LINE('',#7941,#7942);
#7941 = CARTESIAN_POINT('',(5.984653105995,0.));
#7942 = VECTOR('',#7943,1.);
#7943 = DIRECTION('',(0.,1.));
#7944 = ( GEOMETRIC_REPRESENTATION_CONTEXT(2)
PARAMETRIC_REPRESENTATION_CONTEXT() REPRESENTATION_CONTEXT('2D SPACE',''
  ) );
#7945 = PCURVE('',#7263,#7946);
#7946 = DEFINITIONAL_REPRESENTATION('',(#7947),#7951);
#7947 = LINE('',#7948,#7949);
#7948 = CARTESIAN_POINT('',(2.124038404636,0.));
#7949 = VECTOR('',#7950,1.);
#7950 = DIRECTION('',(0.,-1.));
#7951 = ( GEOMETRIC_REPRESENTATION_CONTEXT(2)
PARAMETRIC_REPRESENTATION_CONTEXT() REPRESENTATION_CONTEXT('2D SPACE',''
  ) );
#7952 = ADVANCED_FACE('',(#7953),#7263,.T.);
#7953 = FACE_BOUND('',#7954,.T.);
#7954 = EDGE_LOOP('',(#7955,#7976,#7977,#7978));
#7955 = ORIENTED_EDGE('',*,*,#7956,.F.);
#7956 = EDGE_CURVE('',#7222,#7767,#7957,.T.);
#7957 = SURFACE_CURVE('',#7958,(#7962,#7969),.PCURVE_S1.);
#7958 = LINE('',#7959,#7960);
#7959 = CARTESIAN_POINT('',(-207.5,-31.,81.));
#7960 = VECTOR('',#7961,1.);
#7961 = DIRECTION('',(0.,1.,0.));
#7962 = PCURVE('',#7263,#7963);
#7963 = DEFINITIONAL_REPRESENTATION('',(#7964),#7968);
#7964 = LINE('',#7965,#7966);
#7965 = CARTESIAN_POINT('',(5.,0.));
#7966 = VECTOR('',#7967,1.);
#7967 = DIRECTION('',(0.,-1.));
#7968 = ( GEOMETRIC_REPRESENTATION_CONTEXT(2)
PARAMETRIC_REPRESENTATION_CONTEXT() REPRESENTATION_CONTEXT('2D SPACE',''
  ) );
#7969 = PCURVE('',#7237,#7970);
#7970 = DEFINITIONAL_REPRESENTATION('',(#7971),#7975);
#7971 = LINE('',#7972,#7973);
#7972 = CARTESIAN_POINT('',(0.,0.));
#7973 = VECTOR('',#7974,1.);
#7974 = DIRECTION('',(0.,1.));
#7975 = ( GEOMETRIC_REPRESENTATION_CONTEXT(2)
PARAMETRIC_REPRESENTATION_CONTEXT() REPRESENTATION_CONTEXT('2D SPACE',''
  ) );
#7976 = ORIENTED_EDGE('',*,*,#7249,.T.);
#7977 = ORIENTED_EDGE('',*,*,#7932,.T.);
#7978 = ORIENTED_EDGE('',*,*,#7789,.F.);
#7979 = ADVANCED_FACE('',(#7980),#7237,.F.);
#7980 = FACE_BOUND('',#7981,.F.);
#7981 = EDGE_LOOP('',(#7982,#7983,#7984,#8005));
#7982 = ORIENTED_EDGE('',*,*,#7956,.F.);
#7983 = ORIENTED_EDGE('',*,*,#7221,.T.);
#7984 = ORIENTED_EDGE('',*,*,#7985,.T.);
#7985 = EDGE_CURVE('',#7194,#7744,#7986,.T.);
#7986 = SURFACE_CURVE('',#7987,(#7991,#7998),.PCURVE_S1.);
#7987 = LINE('',#7988,#7989);
#7988 = CARTESIAN_POINT('',(-202.5,-31.,81.));
#7989 = VECTOR('',#7990,1.);
#7990 = DIRECTION('',(0.,1.,0.));
#7991 = PCURVE('',#7237,#7992);
#7992 = DEFINITIONAL_REPRESENTATION('',(#7993),#7997);
#7993 = LINE('',#7994,#7995);
#7994 = CARTESIAN_POINT('',(5.,0.));
#7995 = VECTOR('',#7996,1.);
#7996 = DIRECTION('',(0.,1.));
#7997 = ( GEOMETRIC_REPRESENTATION_CONTEXT(2)
PARAMETRIC_REPRESENTATION_CONTEXT() REPRESENTATION_CONTEXT('2D SPACE',''
  ) );
#7998 = PCURVE('',#7209,#7999);
#7999 = DEFINITIONAL_REPRESENTATION('',(#8000),#8004);
#8000 = LINE('',#8001,#8002);
#8001 = CARTESIAN_POINT('',(5.,0.));
#8002 = VECTOR('',#8003,1.);
#8003 = DIRECTION('',(0.,-1.));
#8004 = ( GEOMETRIC_REPRESENTATION_CONTEXT(2)
PARAMETRIC_REPRESENTATION_CONTEXT() REPRESENTATION_CONTEXT('2D SPACE',''
  ) );
#8005 = ORIENTED_EDGE('',*,*,#7766,.F.);
#8006 = ADVANCED_FACE('',(#8007),#7209,.F.);
#8007 = FACE_BOUND('',#8008,.F.);
#8008 = EDGE_LOOP('',(#8009,#8010,#8011,#8012));
#8009 = ORIENTED_EDGE('',*,*,#7985,.F.);
#8010 = ORIENTED_EDGE('',*,*,#7193,.T.);
#8011 = ORIENTED_EDGE('',*,*,#7910,.T.);
#8012 = ORIENTED_EDGE('',*,*,#7743,.F.);
#8013 = ADVANCED_FACE('',(#8014),#7344,.T.);
#8014 = FACE_BOUND('',#8015,.T.);
#8015 = EDGE_LOOP('',(#8016,#8039,#8067,#8088));
#8016 = ORIENTED_EDGE('',*,*,#8017,.F.);
#8017 = EDGE_CURVE('',#8018,#7327,#8020,.T.);
#8018 = VERTEX_POINT('',#8019);
#8019 = CARTESIAN_POINT('',(-247.5,-10.75,70.));
#8020 = SURFACE_CURVE('',#8021,(#8025,#8032),.PCURVE_S1.);
#8021 = LINE('',#8022,#8023);
#8022 = CARTESIAN_POINT('',(-247.5,-10.75,70.));
#8023 = VECTOR('',#8024,1.);
#8024 = DIRECTION('',(0.,0.,1.));
#8025 = PCURVE('',#7344,#8026);
#8026 = DEFINITIONAL_REPRESENTATION('',(#8027),#8031);
#8027 = LINE('',#8028,#8029);
#8028 = CARTESIAN_POINT('',(0.,0.));
#8029 = VECTOR('',#8030,1.);
#8030 = DIRECTION('',(1.,0.));
#8031 = ( GEOMETRIC_REPRESENTATION_CONTEXT(2)
PARAMETRIC_REPRESENTATION_CONTEXT() REPRESENTATION_CONTEXT('2D SPACE',''
  ) );
#8032 = PCURVE('',#7654,#8033);
#8033 = DEFINITIONAL_REPRESENTATION('',(#8034),#8038);
#8034 = LINE('',#8035,#8036);
#8035 = CARTESIAN_POINT('',(0.,0.));
#8036 = VECTOR('',#8037,1.);
#8037 = DIRECTION('',(1.,0.));
#8038 = ( GEOMETRIC_REPRESENTATION_CONTEXT(2)
PARAMETRIC_REPRESENTATION_CONTEXT() REPRESENTATION_CONTEXT('2D SPACE',''
  ) );
#8039 = ORIENTED_EDGE('',*,*,#8040,.T.);
#8040 = EDGE_CURVE('',#8018,#8041,#8043,.T.);
#8041 = VERTEX_POINT('',#8042);
#8042 = CARTESIAN_POINT('',(-247.5,-9.25,70.));
#8043 = SURFACE_CURVE('',#8044,(#8048,#8055),.PCURVE_S1.);
#8044 = LINE('',#8045,#8046);
#8045 = CARTESIAN_POINT('',(-247.5,-10.75,70.));
#8046 = VECTOR('',#8047,1.);
#8047 = DIRECTION('',(0.,1.,0.));
#8048 = PCURVE('',#7344,#8049);
#8049 = DEFINITIONAL_REPRESENTATION('',(#8050),#8054);
#8050 = LINE('',#8051,#8052);
#8051 = CARTESIAN_POINT('',(0.,0.));
#8052 = VECTOR('',#8053,1.);
#8053 = DIRECTION('',(0.,-1.));
#8054 = ( GEOMETRIC_REPRESENTATION_CONTEXT(2)
PARAMETRIC_REPRESENTATION_CONTEXT() REPRESENTATION_CONTEXT('2D SPACE',''
  ) );
#8055 = PCURVE('',#8056,#8061);
#8056 = PLANE('',#8057);
#8057 = AXIS2_PLACEMENT_3D('',#8058,#8059,#8060);
#8058 = CARTESIAN_POINT('',(-247.5,-10.75,70.));
#8059 = DIRECTION('',(0.,0.,1.));
#8060 = DIRECTION('',(1.,0.,0.));
#8061 = DEFINITIONAL_REPRESENTATION('',(#8062),#8066);
#8062 = LINE('',#8063,#8064);
#8063 = CARTESIAN_POINT('',(0.,0.));
#8064 = VECTOR('',#8065,1.);
#8065 = DIRECTION('',(0.,1.));
#8066 = ( GEOMETRIC_REPRESENTATION_CONTEXT(2)
PARAMETRIC_REPRESENTATION_CONTEXT() REPRESENTATION_CONTEXT('2D SPACE',''
  ) );
#8067 = ORIENTED_EDGE('',*,*,#8068,.T.);
#8068 = EDGE_CURVE('',#8041,#7329,#8069,.T.);
#8069 = SURFACE_CURVE('',#8070,(#8074,#8081),.PCURVE_S1.);
#8070 = LINE('',#8071,#8072);
#8071 = CARTESIAN_POINT('',(-247.5,-9.25,70.));
#8072 = VECTOR('',#8073,1.);
#8073 = DIRECTION('',(0.,0.,1.));
#8074 = PCURVE('',#7344,#8075);
#8075 = DEFINITIONAL_REPRESENTATION('',(#8076),#8080);
#8076 = LINE('',#8077,#8078);
#8077 = CARTESIAN_POINT('',(0.,-1.5));
#8078 = VECTOR('',#8079,1.);
#8079 = DIRECTION('',(1.,0.));
#8080 = ( GEOMETRIC_REPRESENTATION_CONTEXT(2)
PARAMETRIC_REPRESENTATION_CONTEXT() REPRESENTATION_CONTEXT('2D SPACE',''
  ) );
#8081 = PCURVE('',#7372,#8082);
#8082 = DEFINITIONAL_REPRESENTATION('',(#8083),#8087);
#8083 = LINE('',#8084,#8085);
#8084 = CARTESIAN_POINT('',(0.,0.));
#8085 = VECTOR('',#8086,1.);
#8086 = DIRECTION('',(1.,0.));
#8087 = ( GEOMETRIC_REPRESENTATION_CONTEXT(2)
PARAMETRIC_REPRESENTATION_CONTEXT() REPRESENTATION_CONTEXT('2D SPACE',''
  ) );
#8088 = ORIENTED_EDGE('',*,*,#7326,.F.);
#8089 = ADVANCED_FACE('',(#8090),#7654,.T.);
#8090 = FACE_BOUND('',#8091,.T.);
#8091 = EDGE_LOOP('',(#8092,#8115,#8116,#8117,#8140,#8168));
#8092 = ORIENTED_EDGE('',*,*,#8093,.F.);
#8093 = EDGE_CURVE('',#8018,#8094,#8096,.T.);
#8094 = VERTEX_POINT('',#8095);
#8095 = CARTESIAN_POINT('',(-245.5,-10.75,70.));
#8096 = SURFACE_CURVE('',#8097,(#8101,#8108),.PCURVE_S1.);
#8097 = LINE('',#8098,#8099);
#8098 = CARTESIAN_POINT('',(-247.5,-10.75,70.));
#8099 = VECTOR('',#8100,1.);
#8100 = DIRECTION('',(1.,0.,0.));
#8101 = PCURVE('',#7654,#8102);
#8102 = DEFINITIONAL_REPRESENTATION('',(#8103),#8107);
#8103 = LINE('',#8104,#8105);
#8104 = CARTESIAN_POINT('',(0.,0.));
#8105 = VECTOR('',#8106,1.);
#8106 = DIRECTION('',(0.,1.));
#8107 = ( GEOMETRIC_REPRESENTATION_CONTEXT(2)
PARAMETRIC_REPRESENTATION_CONTEXT() REPRESENTATION_CONTEXT('2D SPACE',''
  ) );
#8108 = PCURVE('',#8056,#8109);
#8109 = DEFINITIONAL_REPRESENTATION('',(#8110),#8114);
#8110 = LINE('',#8111,#8112);
#8111 = CARTESIAN_POINT('',(0.,0.));
#8112 = VECTOR('',#8113,1.);
#8113 = DIRECTION('',(1.,0.));
#8114 = ( GEOMETRIC_REPRESENTATION_CONTEXT(2)
PARAMETRIC_REPRESENTATION_CONTEXT() REPRESENTATION_CONTEXT('2D SPACE',''
  ) );
#8115 = ORIENTED_EDGE('',*,*,#8017,.T.);
#8116 = ORIENTED_EDGE('',*,*,#7640,.T.);
#8117 = ORIENTED_EDGE('',*,*,#8118,.F.);
#8118 = EDGE_CURVE('',#8119,#7612,#8121,.T.);
#8119 = VERTEX_POINT('',#8120);
#8120 = CARTESIAN_POINT('',(-240.2136427928,-10.75,82.75));
#8121 = SURFACE_CURVE('',#8122,(#8126,#8133),.PCURVE_S1.);
#8122 = LINE('',#8123,#8124);
#8123 = CARTESIAN_POINT('',(-240.2136427928,-10.75,41.5));
#8124 = VECTOR('',#8125,1.);
#8125 = DIRECTION('',(0.,0.,1.));
#8126 = PCURVE('',#7654,#8127);
#8127 = DEFINITIONAL_REPRESENTATION('',(#8128),#8132);
#8128 = LINE('',#8129,#8130);
#8129 = CARTESIAN_POINT('',(-28.5,7.286357207156));
#8130 = VECTOR('',#8131,1.);
#8131 = DIRECTION('',(1.,0.));
#8132 = ( GEOMETRIC_REPRESENTATION_CONTEXT(2)
PARAMETRIC_REPRESENTATION_CONTEXT() REPRESENTATION_CONTEXT('2D SPACE',''
  ) );
#8133 = PCURVE('',#7628,#8134);
#8134 = DEFINITIONAL_REPRESENTATION('',(#8135),#8139);
#8135 = LINE('',#8136,#8137);
#8136 = CARTESIAN_POINT('',(3.370868856804,0.));
#8137 = VECTOR('',#8138,1.);
#8138 = DIRECTION('',(0.,1.));
#8139 = ( GEOMETRIC_REPRESENTATION_CONTEXT(2)
PARAMETRIC_REPRESENTATION_CONTEXT() REPRESENTATION_CONTEXT('2D SPACE',''
  ) );
#8140 = ORIENTED_EDGE('',*,*,#8141,.T.);
#8141 = EDGE_CURVE('',#8119,#8142,#8144,.T.);
#8142 = VERTEX_POINT('',#8143);
#8143 = CARTESIAN_POINT('',(-245.5,-10.75,82.75));
#8144 = SURFACE_CURVE('',#8145,(#8149,#8156),.PCURVE_S1.);
#8145 = LINE('',#8146,#8147);
#8146 = CARTESIAN_POINT('',(-246.5,-10.75,82.75));
#8147 = VECTOR('',#8148,1.);
#8148 = DIRECTION('',(-1.,0.,0.));
#8149 = PCURVE('',#7654,#8150);
#8150 = DEFINITIONAL_REPRESENTATION('',(#8151),#8155);
#8151 = LINE('',#8152,#8153);
#8152 = CARTESIAN_POINT('',(12.75,1.));
#8153 = VECTOR('',#8154,1.);
#8154 = DIRECTION('',(0.,-1.));
#8155 = ( GEOMETRIC_REPRESENTATION_CONTEXT(2)
PARAMETRIC_REPRESENTATION_CONTEXT() REPRESENTATION_CONTEXT('2D SPACE',''
  ) );
#8156 = PCURVE('',#8157,#8162);
#8157 = PLANE('',#8158);
#8158 = AXIS2_PLACEMENT_3D('',#8159,#8160,#8161);
#8159 = CARTESIAN_POINT('',(-245.5,-22.75,82.75));
#8160 = DIRECTION('',(0.,0.,1.));
#8161 = DIRECTION('',(1.,0.,0.));
#8162 = DEFINITIONAL_REPRESENTATION('',(#8163),#8167);
#8163 = LINE('',#8164,#8165);
#8164 = CARTESIAN_POINT('',(-1.,12.));
#8165 = VECTOR('',#8166,1.);
#8166 = DIRECTION('',(-1.,0.));
#8167 = ( GEOMETRIC_REPRESENTATION_CONTEXT(2)
PARAMETRIC_REPRESENTATION_CONTEXT() REPRESENTATION_CONTEXT('2D SPACE',''
  ) );
#8168 = ORIENTED_EDGE('',*,*,#8169,.F.);
#8169 = EDGE_CURVE('',#8094,#8142,#8170,.T.);
#8170 = SURFACE_CURVE('',#8171,(#8175,#8182),.PCURVE_S1.);
#8171 = LINE('',#8172,#8173);
#8172 = CARTESIAN_POINT('',(-245.5,-10.75,63.625));
#8173 = VECTOR('',#8174,1.);
#8174 = DIRECTION('',(0.,0.,1.));
#8175 = PCURVE('',#7654,#8176);
#8176 = DEFINITIONAL_REPRESENTATION('',(#8177),#8181);
#8177 = LINE('',#8178,#8179);
#8178 = CARTESIAN_POINT('',(-6.375,2.));
#8179 = VECTOR('',#8180,1.);
#8180 = DIRECTION('',(1.,0.));
#8181 = ( GEOMETRIC_REPRESENTATION_CONTEXT(2)
PARAMETRIC_REPRESENTATION_CONTEXT() REPRESENTATION_CONTEXT('2D SPACE',''
  ) );
#8182 = PCURVE('',#8183,#8188);
#8183 = PLANE('',#8184);
#8184 = AXIS2_PLACEMENT_3D('',#8185,#8186,#8187);
#8185 = CARTESIAN_POINT('',(-245.5,-22.75,57.25));
#8186 = DIRECTION('',(1.,0.,0.));
#8187 = DIRECTION('',(0.,0.,1.));
#8188 = DEFINITIONAL_REPRESENTATION('',(#8189),#8193);
#8189 = LINE('',#8190,#8191);
#8190 = CARTESIAN_POINT('',(6.375,-12.));
#8191 = VECTOR('',#8192,1.);
#8192 = DIRECTION('',(1.,0.));
#8193 = ( GEOMETRIC_REPRESENTATION_CONTEXT(2)
PARAMETRIC_REPRESENTATION_CONTEXT() REPRESENTATION_CONTEXT('2D SPACE',''
  ) );
#8194 = ADVANCED_FACE('',(#8195),#7628,.F.);
#8195 = FACE_BOUND('',#8196,.F.);
#8196 = EDGE_LOOP('',(#8197,#8198,#8199,#8223));
#8197 = ORIENTED_EDGE('',*,*,#7611,.F.);
#8198 = ORIENTED_EDGE('',*,*,#8118,.F.);
#8199 = ORIENTED_EDGE('',*,*,#8200,.T.);
#8200 = EDGE_CURVE('',#8119,#8201,#8203,.T.);
#8201 = VERTEX_POINT('',#8202);
#8202 = CARTESIAN_POINT('',(-233.7863572071,-10.75,82.75));
#8203 = SURFACE_CURVE('',#8204,(#8209,#8216),.PCURVE_S1.);
#8204 = CIRCLE('',#8205,3.3);
#8205 = AXIS2_PLACEMENT_3D('',#8206,#8207,#8208);
#8206 = CARTESIAN_POINT('',(-237.,-10.,82.75));
#8207 = DIRECTION('',(0.,0.,1.));
#8208 = DIRECTION('',(1.,0.,-0.));
#8209 = PCURVE('',#7628,#8210);
#8210 = DEFINITIONAL_REPRESENTATION('',(#8211),#8215);
#8211 = LINE('',#8212,#8213);
#8212 = CARTESIAN_POINT('',(0.,41.25));
#8213 = VECTOR('',#8214,1.);
#8214 = DIRECTION('',(1.,0.));
#8215 = ( GEOMETRIC_REPRESENTATION_CONTEXT(2)
PARAMETRIC_REPRESENTATION_CONTEXT() REPRESENTATION_CONTEXT('2D SPACE',''
  ) );
#8216 = PCURVE('',#8157,#8217);
#8217 = DEFINITIONAL_REPRESENTATION('',(#8218),#8222);
#8218 = CIRCLE('',#8219,3.3);
#8219 = AXIS2_PLACEMENT_2D('',#8220,#8221);
#8220 = CARTESIAN_POINT('',(8.5,12.75));
#8221 = DIRECTION('',(1.,0.));
#8222 = ( GEOMETRIC_REPRESENTATION_CONTEXT(2)
PARAMETRIC_REPRESENTATION_CONTEXT() REPRESENTATION_CONTEXT('2D SPACE',''
  ) );
#8223 = ORIENTED_EDGE('',*,*,#8224,.T.);
#8224 = EDGE_CURVE('',#8201,#7584,#8225,.T.);
#8225 = SURFACE_CURVE('',#8226,(#8230,#8237),.PCURVE_S1.);
#8226 = LINE('',#8227,#8228);
#8227 = CARTESIAN_POINT('',(-233.7863572071,-10.75,41.5));
#8228 = VECTOR('',#8229,1.);
#8229 = DIRECTION('',(0.,0.,1.));
#8230 = PCURVE('',#7628,#8231);
#8231 = DEFINITIONAL_REPRESENTATION('',(#8232),#8236);
#8232 = LINE('',#8233,#8234);
#8233 = CARTESIAN_POINT('',(6.053909103966,0.));
#8234 = VECTOR('',#8235,1.);
#8235 = DIRECTION('',(0.,1.));
#8236 = ( GEOMETRIC_REPRESENTATION_CONTEXT(2)
PARAMETRIC_REPRESENTATION_CONTEXT() REPRESENTATION_CONTEXT('2D SPACE',''
  ) );
#8237 = PCURVE('',#7599,#8238);
#8238 = DEFINITIONAL_REPRESENTATION('',(#8239),#8243);
#8239 = LINE('',#8240,#8241);
#8240 = CARTESIAN_POINT('',(-28.5,13.713642792844));
#8241 = VECTOR('',#8242,1.);
#8242 = DIRECTION('',(1.,0.));
#8243 = ( GEOMETRIC_REPRESENTATION_CONTEXT(2)
PARAMETRIC_REPRESENTATION_CONTEXT() REPRESENTATION_CONTEXT('2D SPACE',''
  ) );
#8244 = ADVANCED_FACE('',(#8245),#7599,.T.);
#8245 = FACE_BOUND('',#8246,.T.);
#8246 = EDGE_LOOP('',(#8247,#8248,#8249,#8272));
#8247 = ORIENTED_EDGE('',*,*,#8224,.T.);
#8248 = ORIENTED_EDGE('',*,*,#7583,.T.);
#8249 = ORIENTED_EDGE('',*,*,#8250,.F.);
#8250 = EDGE_CURVE('',#8251,#7555,#8253,.T.);
#8251 = VERTEX_POINT('',#8252);
#8252 = CARTESIAN_POINT('',(-228.2136427928,-10.75,82.75));
#8253 = SURFACE_CURVE('',#8254,(#8258,#8265),.PCURVE_S1.);
#8254 = LINE('',#8255,#8256);
#8255 = CARTESIAN_POINT('',(-228.2136427928,-10.75,41.5));
#8256 = VECTOR('',#8257,1.);
#8257 = DIRECTION('',(0.,0.,1.));
#8258 = PCURVE('',#7599,#8259);
#8259 = DEFINITIONAL_REPRESENTATION('',(#8260),#8264);
#8260 = LINE('',#8261,#8262);
#8261 = CARTESIAN_POINT('',(-28.5,19.286357207156));
#8262 = VECTOR('',#8263,1.);
#8263 = DIRECTION('',(1.,0.));
#8264 = ( GEOMETRIC_REPRESENTATION_CONTEXT(2)
PARAMETRIC_REPRESENTATION_CONTEXT() REPRESENTATION_CONTEXT('2D SPACE',''
  ) );
#8265 = PCURVE('',#7571,#8266);
#8266 = DEFINITIONAL_REPRESENTATION('',(#8267),#8271);
#8267 = LINE('',#8268,#8269);
#8268 = CARTESIAN_POINT('',(3.370868856804,0.));
#8269 = VECTOR('',#8270,1.);
#8270 = DIRECTION('',(0.,1.));
#8271 = ( GEOMETRIC_REPRESENTATION_CONTEXT(2)
PARAMETRIC_REPRESENTATION_CONTEXT() REPRESENTATION_CONTEXT('2D SPACE',''
  ) );
#8272 = ORIENTED_EDGE('',*,*,#8273,.T.);
#8273 = EDGE_CURVE('',#8251,#8201,#8274,.T.);
#8274 = SURFACE_CURVE('',#8275,(#8279,#8286),.PCURVE_S1.);
#8275 = LINE('',#8276,#8277);
#8276 = CARTESIAN_POINT('',(-246.5,-10.75,82.75));
#8277 = VECTOR('',#8278,1.);
#8278 = DIRECTION('',(-1.,0.,0.));
#8279 = PCURVE('',#7599,#8280);
#8280 = DEFINITIONAL_REPRESENTATION('',(#8281),#8285);
#8281 = LINE('',#8282,#8283);
#8282 = CARTESIAN_POINT('',(12.75,1.));
#8283 = VECTOR('',#8284,1.);
#8284 = DIRECTION('',(0.,-1.));
#8285 = ( GEOMETRIC_REPRESENTATION_CONTEXT(2)
PARAMETRIC_REPRESENTATION_CONTEXT() REPRESENTATION_CONTEXT('2D SPACE',''
  ) );
#8286 = PCURVE('',#8157,#8287);
#8287 = DEFINITIONAL_REPRESENTATION('',(#8288),#8292);
#8288 = LINE('',#8289,#8290);
#8289 = CARTESIAN_POINT('',(-1.,12.));
#8290 = VECTOR('',#8291,1.);
#8291 = DIRECTION('',(-1.,0.));
#8292 = ( GEOMETRIC_REPRESENTATION_CONTEXT(2)
PARAMETRIC_REPRESENTATION_CONTEXT() REPRESENTATION_CONTEXT('2D SPACE',''
  ) );
#8293 = ADVANCED_FACE('',(#8294),#7571,.F.);
#8294 = FACE_BOUND('',#8295,.F.);
#8295 = EDGE_LOOP('',(#8296,#8297,#8298,#8322));
#8296 = ORIENTED_EDGE('',*,*,#7554,.F.);
#8297 = ORIENTED_EDGE('',*,*,#8250,.F.);
#8298 = ORIENTED_EDGE('',*,*,#8299,.T.);
#8299 = EDGE_CURVE('',#8251,#8300,#8302,.T.);
#8300 = VERTEX_POINT('',#8301);
#8301 = CARTESIAN_POINT('',(-221.7863572071,-10.75,82.75));
#8302 = SURFACE_CURVE('',#8303,(#8308,#8315),.PCURVE_S1.);
#8303 = CIRCLE('',#8304,3.3);
#8304 = AXIS2_PLACEMENT_3D('',#8305,#8306,#8307);
#8305 = CARTESIAN_POINT('',(-225.,-10.,82.75));
#8306 = DIRECTION('',(0.,0.,1.));
#8307 = DIRECTION('',(1.,0.,-0.));
#8308 = PCURVE('',#7571,#8309);
#8309 = DEFINITIONAL_REPRESENTATION('',(#8310),#8314);
#8310 = LINE('',#8311,#8312);
#8311 = CARTESIAN_POINT('',(0.,41.25));
#8312 = VECTOR('',#8313,1.);
#8313 = DIRECTION('',(1.,0.));
#8314 = ( GEOMETRIC_REPRESENTATION_CONTEXT(2)
PARAMETRIC_REPRESENTATION_CONTEXT() REPRESENTATION_CONTEXT('2D SPACE',''
  ) );
#8315 = PCURVE('',#8157,#8316);
#8316 = DEFINITIONAL_REPRESENTATION('',(#8317),#8321);
#8317 = CIRCLE('',#8318,3.3);
#8318 = AXIS2_PLACEMENT_2D('',#8319,#8320);
#8319 = CARTESIAN_POINT('',(20.5,12.75));
#8320 = DIRECTION('',(1.,0.));
#8321 = ( GEOMETRIC_REPRESENTATION_CONTEXT(2)
PARAMETRIC_REPRESENTATION_CONTEXT() REPRESENTATION_CONTEXT('2D SPACE',''
  ) );
#8322 = ORIENTED_EDGE('',*,*,#8323,.T.);
#8323 = EDGE_CURVE('',#8300,#7527,#8324,.T.);
#8324 = SURFACE_CURVE('',#8325,(#8329,#8336),.PCURVE_S1.);
#8325 = LINE('',#8326,#8327);
#8326 = CARTESIAN_POINT('',(-221.7863572071,-10.75,41.5));
#8327 = VECTOR('',#8328,1.);
#8328 = DIRECTION('',(0.,0.,1.));
#8329 = PCURVE('',#7571,#8330);
#8330 = DEFINITIONAL_REPRESENTATION('',(#8331),#8335);
#8331 = LINE('',#8332,#8333);
#8332 = CARTESIAN_POINT('',(6.053909103966,0.));
#8333 = VECTOR('',#8334,1.);
#8334 = DIRECTION('',(0.,1.));
#8335 = ( GEOMETRIC_REPRESENTATION_CONTEXT(2)
PARAMETRIC_REPRESENTATION_CONTEXT() REPRESENTATION_CONTEXT('2D SPACE',''
  ) );
#8336 = PCURVE('',#7542,#8337);
#8337 = DEFINITIONAL_REPRESENTATION('',(#8338),#8342);
#8338 = LINE('',#8339,#8340);
#8339 = CARTESIAN_POINT('',(-28.5,25.713642792844));
#8340 = VECTOR('',#8341,1.);
#8341 = DIRECTION('',(1.,0.));
#8342 = ( GEOMETRIC_REPRESENTATION_CONTEXT(2)
PARAMETRIC_REPRESENTATION_CONTEXT() REPRESENTATION_CONTEXT('2D SPACE',''
  ) );
#8343 = ADVANCED_FACE('',(#8344),#7542,.T.);
#8344 = FACE_BOUND('',#8345,.T.);
#8345 = EDGE_LOOP('',(#8346,#8347,#8348,#8371,#8399,#8427));
#8346 = ORIENTED_EDGE('',*,*,#8323,.T.);
#8347 = ORIENTED_EDGE('',*,*,#7526,.T.);
#8348 = ORIENTED_EDGE('',*,*,#8349,.F.);
#8349 = EDGE_CURVE('',#8350,#7499,#8352,.T.);
#8350 = VERTEX_POINT('',#8351);
#8351 = CARTESIAN_POINT('',(-214.5,-10.75,70.));
#8352 = SURFACE_CURVE('',#8353,(#8357,#8364),.PCURVE_S1.);
#8353 = LINE('',#8354,#8355);
#8354 = CARTESIAN_POINT('',(-214.5,-10.75,70.));
#8355 = VECTOR('',#8356,1.);
#8356 = DIRECTION('',(0.,0.,1.));
#8357 = PCURVE('',#7542,#8358);
#8358 = DEFINITIONAL_REPRESENTATION('',(#8359),#8363);
#8359 = LINE('',#8360,#8361);
#8360 = CARTESIAN_POINT('',(0.,33.));
#8361 = VECTOR('',#8362,1.);
#8362 = DIRECTION('',(1.,0.));
#8363 = ( GEOMETRIC_REPRESENTATION_CONTEXT(2)
PARAMETRIC_REPRESENTATION_CONTEXT() REPRESENTATION_CONTEXT('2D SPACE',''
  ) );
#8364 = PCURVE('',#7514,#8365);
#8365 = DEFINITIONAL_REPRESENTATION('',(#8366),#8370);
#8366 = LINE('',#8367,#8368);
#8367 = CARTESIAN_POINT('',(0.,0.));
#8368 = VECTOR('',#8369,1.);
#8369 = DIRECTION('',(1.,0.));
#8370 = ( GEOMETRIC_REPRESENTATION_CONTEXT(2)
PARAMETRIC_REPRESENTATION_CONTEXT() REPRESENTATION_CONTEXT('2D SPACE',''
  ) );
#8371 = ORIENTED_EDGE('',*,*,#8372,.F.);
#8372 = EDGE_CURVE('',#8373,#8350,#8375,.T.);
#8373 = VERTEX_POINT('',#8374);
#8374 = CARTESIAN_POINT('',(-216.5,-10.75,70.));
#8375 = SURFACE_CURVE('',#8376,(#8380,#8387),.PCURVE_S1.);
#8376 = LINE('',#8377,#8378);
#8377 = CARTESIAN_POINT('',(-247.5,-10.75,70.));
#8378 = VECTOR('',#8379,1.);
#8379 = DIRECTION('',(1.,0.,0.));
#8380 = PCURVE('',#7542,#8381);
#8381 = DEFINITIONAL_REPRESENTATION('',(#8382),#8386);
#8382 = LINE('',#8383,#8384);
#8383 = CARTESIAN_POINT('',(0.,0.));
#8384 = VECTOR('',#8385,1.);
#8385 = DIRECTION('',(0.,1.));
#8386 = ( GEOMETRIC_REPRESENTATION_CONTEXT(2)
PARAMETRIC_REPRESENTATION_CONTEXT() REPRESENTATION_CONTEXT('2D SPACE',''
  ) );
#8387 = PCURVE('',#8388,#8393);
#8388 = PLANE('',#8389);
#8389 = AXIS2_PLACEMENT_3D('',#8390,#8391,#8392);
#8390 = CARTESIAN_POINT('',(-247.5,-10.75,70.));
#8391 = DIRECTION('',(0.,0.,1.));
#8392 = DIRECTION('',(1.,0.,0.));
#8393 = DEFINITIONAL_REPRESENTATION('',(#8394),#8398);
#8394 = LINE('',#8395,#8396);
#8395 = CARTESIAN_POINT('',(0.,0.));
#8396 = VECTOR('',#8397,1.);
#8397 = DIRECTION('',(1.,0.));
#8398 = ( GEOMETRIC_REPRESENTATION_CONTEXT(2)
PARAMETRIC_REPRESENTATION_CONTEXT() REPRESENTATION_CONTEXT('2D SPACE',''
  ) );
#8399 = ORIENTED_EDGE('',*,*,#8400,.T.);
#8400 = EDGE_CURVE('',#8373,#8401,#8403,.T.);
#8401 = VERTEX_POINT('',#8402);
#8402 = CARTESIAN_POINT('',(-216.5,-10.75,82.75));
#8403 = SURFACE_CURVE('',#8404,(#8408,#8415),.PCURVE_S1.);
#8404 = LINE('',#8405,#8406);
#8405 = CARTESIAN_POINT('',(-216.5,-10.75,63.625));
#8406 = VECTOR('',#8407,1.);
#8407 = DIRECTION('',(0.,0.,1.));
#8408 = PCURVE('',#7542,#8409);
#8409 = DEFINITIONAL_REPRESENTATION('',(#8410),#8414);
#8410 = LINE('',#8411,#8412);
#8411 = CARTESIAN_POINT('',(-6.375,31.));
#8412 = VECTOR('',#8413,1.);
#8413 = DIRECTION('',(1.,0.));
#8414 = ( GEOMETRIC_REPRESENTATION_CONTEXT(2)
PARAMETRIC_REPRESENTATION_CONTEXT() REPRESENTATION_CONTEXT('2D SPACE',''
  ) );
#8415 = PCURVE('',#8416,#8421);
#8416 = PLANE('',#8417);
#8417 = AXIS2_PLACEMENT_3D('',#8418,#8419,#8420);
#8418 = CARTESIAN_POINT('',(-216.5,-22.75,57.25));
#8419 = DIRECTION('',(1.,0.,0.));
#8420 = DIRECTION('',(0.,0.,1.));
#8421 = DEFINITIONAL_REPRESENTATION('',(#8422),#8426);
#8422 = LINE('',#8423,#8424);
#8423 = CARTESIAN_POINT('',(6.375,-12.));
#8424 = VECTOR('',#8425,1.);
#8425 = DIRECTION('',(1.,0.));
#8426 = ( GEOMETRIC_REPRESENTATION_CONTEXT(2)
PARAMETRIC_REPRESENTATION_CONTEXT() REPRESENTATION_CONTEXT('2D SPACE',''
  ) );
#8427 = ORIENTED_EDGE('',*,*,#8428,.T.);
#8428 = EDGE_CURVE('',#8401,#8300,#8429,.T.);
#8429 = SURFACE_CURVE('',#8430,(#8434,#8441),.PCURVE_S1.);
#8430 = LINE('',#8431,#8432);
#8431 = CARTESIAN_POINT('',(-246.5,-10.75,82.75));
#8432 = VECTOR('',#8433,1.);
#8433 = DIRECTION('',(-1.,0.,0.));
#8434 = PCURVE('',#7542,#8435);
#8435 = DEFINITIONAL_REPRESENTATION('',(#8436),#8440);
#8436 = LINE('',#8437,#8438);
#8437 = CARTESIAN_POINT('',(12.75,1.));
#8438 = VECTOR('',#8439,1.);
#8439 = DIRECTION('',(0.,-1.));
#8440 = ( GEOMETRIC_REPRESENTATION_CONTEXT(2)
PARAMETRIC_REPRESENTATION_CONTEXT() REPRESENTATION_CONTEXT('2D SPACE',''
  ) );
#8441 = PCURVE('',#8157,#8442);
#8442 = DEFINITIONAL_REPRESENTATION('',(#8443),#8447);
#8443 = LINE('',#8444,#8445);
#8444 = CARTESIAN_POINT('',(-1.,12.));
#8445 = VECTOR('',#8446,1.);
#8446 = DIRECTION('',(-1.,0.));
#8447 = ( GEOMETRIC_REPRESENTATION_CONTEXT(2)
PARAMETRIC_REPRESENTATION_CONTEXT() REPRESENTATION_CONTEXT('2D SPACE',''
  ) );
#8448 = ADVANCED_FACE('',(#8449),#7514,.F.);
#8449 = FACE_BOUND('',#8450,.F.);
#8450 = EDGE_LOOP('',(#8451,#8452,#8475,#8496));
#8451 = ORIENTED_EDGE('',*,*,#8349,.F.);
#8452 = ORIENTED_EDGE('',*,*,#8453,.T.);
#8453 = EDGE_CURVE('',#8350,#8454,#8456,.T.);
#8454 = VERTEX_POINT('',#8455);
#8455 = CARTESIAN_POINT('',(-214.5,-9.25,70.));
#8456 = SURFACE_CURVE('',#8457,(#8461,#8468),.PCURVE_S1.);
#8457 = LINE('',#8458,#8459);
#8458 = CARTESIAN_POINT('',(-214.5,-10.75,70.));
#8459 = VECTOR('',#8460,1.);
#8460 = DIRECTION('',(0.,1.,0.));
#8461 = PCURVE('',#7514,#8462);
#8462 = DEFINITIONAL_REPRESENTATION('',(#8463),#8467);
#8463 = LINE('',#8464,#8465);
#8464 = CARTESIAN_POINT('',(0.,0.));
#8465 = VECTOR('',#8466,1.);
#8466 = DIRECTION('',(0.,-1.));
#8467 = ( GEOMETRIC_REPRESENTATION_CONTEXT(2)
PARAMETRIC_REPRESENTATION_CONTEXT() REPRESENTATION_CONTEXT('2D SPACE',''
  ) );
#8468 = PCURVE('',#8388,#8469);
#8469 = DEFINITIONAL_REPRESENTATION('',(#8470),#8474);
#8470 = LINE('',#8471,#8472);
#8471 = CARTESIAN_POINT('',(33.,0.));
#8472 = VECTOR('',#8473,1.);
#8473 = DIRECTION('',(0.,1.));
#8474 = ( GEOMETRIC_REPRESENTATION_CONTEXT(2)
PARAMETRIC_REPRESENTATION_CONTEXT() REPRESENTATION_CONTEXT('2D SPACE',''
  ) );
#8475 = ORIENTED_EDGE('',*,*,#8476,.T.);
#8476 = EDGE_CURVE('',#8454,#7471,#8477,.T.);
#8477 = SURFACE_CURVE('',#8478,(#8482,#8489),.PCURVE_S1.);
#8478 = LINE('',#8479,#8480);
#8479 = CARTESIAN_POINT('',(-214.5,-9.25,70.));
#8480 = VECTOR('',#8481,1.);
#8481 = DIRECTION('',(0.,0.,1.));
#8482 = PCURVE('',#7514,#8483);
#8483 = DEFINITIONAL_REPRESENTATION('',(#8484),#8488);
#8484 = LINE('',#8485,#8486);
#8485 = CARTESIAN_POINT('',(0.,-1.5));
#8486 = VECTOR('',#8487,1.);
#8487 = DIRECTION('',(1.,0.));
#8488 = ( GEOMETRIC_REPRESENTATION_CONTEXT(2)
PARAMETRIC_REPRESENTATION_CONTEXT() REPRESENTATION_CONTEXT('2D SPACE',''
  ) );
#8489 = PCURVE('',#7486,#8490);
#8490 = DEFINITIONAL_REPRESENTATION('',(#8491),#8495);
#8491 = LINE('',#8492,#8493);
#8492 = CARTESIAN_POINT('',(0.,33.));
#8493 = VECTOR('',#8494,1.);
#8494 = DIRECTION('',(1.,0.));
#8495 = ( GEOMETRIC_REPRESENTATION_CONTEXT(2)
PARAMETRIC_REPRESENTATION_CONTEXT() REPRESENTATION_CONTEXT('2D SPACE',''
  ) );
#8496 = ORIENTED_EDGE('',*,*,#7498,.F.);
#8497 = ADVANCED_FACE('',(#8498),#7486,.F.);
#8498 = FACE_BOUND('',#8499,.F.);
#8499 = EDGE_LOOP('',(#8500,#8523,#8524,#8525,#8548,#8571));
#8500 = ORIENTED_EDGE('',*,*,#8501,.T.);
#8501 = EDGE_CURVE('',#8502,#7442,#8504,.T.);
#8502 = VERTEX_POINT('',#8503);
#8503 = CARTESIAN_POINT('',(-221.7863572071,-9.25,82.75));
#8504 = SURFACE_CURVE('',#8505,(#8509,#8516),.PCURVE_S1.);
#8505 = LINE('',#8506,#8507);
#8506 = CARTESIAN_POINT('',(-221.7863572071,-9.25,41.5));
#8507 = VECTOR('',#8508,1.);
#8508 = DIRECTION('',(0.,0.,1.));
#8509 = PCURVE('',#7486,#8510);
#8510 = DEFINITIONAL_REPRESENTATION('',(#8511),#8515);
#8511 = LINE('',#8512,#8513);
#8512 = CARTESIAN_POINT('',(-28.5,25.713642792844));
#8513 = VECTOR('',#8514,1.);
#8514 = DIRECTION('',(1.,0.));
#8515 = ( GEOMETRIC_REPRESENTATION_CONTEXT(2)
PARAMETRIC_REPRESENTATION_CONTEXT() REPRESENTATION_CONTEXT('2D SPACE',''
  ) );
#8516 = PCURVE('',#7458,#8517);
#8517 = DEFINITIONAL_REPRESENTATION('',(#8518),#8522);
#8518 = LINE('',#8519,#8520);
#8519 = CARTESIAN_POINT('',(0.229276203214,0.));
#8520 = VECTOR('',#8521,1.);
#8521 = DIRECTION('',(0.,1.));
#8522 = ( GEOMETRIC_REPRESENTATION_CONTEXT(2)
PARAMETRIC_REPRESENTATION_CONTEXT() REPRESENTATION_CONTEXT('2D SPACE',''
  ) );
#8523 = ORIENTED_EDGE('',*,*,#7470,.T.);
#8524 = ORIENTED_EDGE('',*,*,#8476,.F.);
#8525 = ORIENTED_EDGE('',*,*,#8526,.F.);
#8526 = EDGE_CURVE('',#8527,#8454,#8529,.T.);
#8527 = VERTEX_POINT('',#8528);
#8528 = CARTESIAN_POINT('',(-216.5,-9.25,70.));
#8529 = SURFACE_CURVE('',#8530,(#8534,#8541),.PCURVE_S1.);
#8530 = LINE('',#8531,#8532);
#8531 = CARTESIAN_POINT('',(-247.5,-9.25,70.));
#8532 = VECTOR('',#8533,1.);
#8533 = DIRECTION('',(1.,0.,0.));
#8534 = PCURVE('',#7486,#8535);
#8535 = DEFINITIONAL_REPRESENTATION('',(#8536),#8540);
#8536 = LINE('',#8537,#8538);
#8537 = CARTESIAN_POINT('',(0.,0.));
#8538 = VECTOR('',#8539,1.);
#8539 = DIRECTION('',(0.,1.));
#8540 = ( GEOMETRIC_REPRESENTATION_CONTEXT(2)
PARAMETRIC_REPRESENTATION_CONTEXT() REPRESENTATION_CONTEXT('2D SPACE',''
  ) );
#8541 = PCURVE('',#8388,#8542);
#8542 = DEFINITIONAL_REPRESENTATION('',(#8543),#8547);
#8543 = LINE('',#8544,#8545);
#8544 = CARTESIAN_POINT('',(0.,1.5));
#8545 = VECTOR('',#8546,1.);
#8546 = DIRECTION('',(1.,0.));
#8547 = ( GEOMETRIC_REPRESENTATION_CONTEXT(2)
PARAMETRIC_REPRESENTATION_CONTEXT() REPRESENTATION_CONTEXT('2D SPACE',''
  ) );
#8548 = ORIENTED_EDGE('',*,*,#8549,.T.);
#8549 = EDGE_CURVE('',#8527,#8550,#8552,.T.);
#8550 = VERTEX_POINT('',#8551);
#8551 = CARTESIAN_POINT('',(-216.5,-9.25,82.75));
#8552 = SURFACE_CURVE('',#8553,(#8557,#8564),.PCURVE_S1.);
#8553 = LINE('',#8554,#8555);
#8554 = CARTESIAN_POINT('',(-216.5,-9.25,63.625));
#8555 = VECTOR('',#8556,1.);
#8556 = DIRECTION('',(0.,0.,1.));
#8557 = PCURVE('',#7486,#8558);
#8558 = DEFINITIONAL_REPRESENTATION('',(#8559),#8563);
#8559 = LINE('',#8560,#8561);
#8560 = CARTESIAN_POINT('',(-6.375,31.));
#8561 = VECTOR('',#8562,1.);
#8562 = DIRECTION('',(1.,0.));
#8563 = ( GEOMETRIC_REPRESENTATION_CONTEXT(2)
PARAMETRIC_REPRESENTATION_CONTEXT() REPRESENTATION_CONTEXT('2D SPACE',''
  ) );
#8564 = PCURVE('',#8416,#8565);
#8565 = DEFINITIONAL_REPRESENTATION('',(#8566),#8570);
#8566 = LINE('',#8567,#8568);
#8567 = CARTESIAN_POINT('',(6.375,-13.5));
#8568 = VECTOR('',#8569,1.);
#8569 = DIRECTION('',(1.,0.));
#8570 = ( GEOMETRIC_REPRESENTATION_CONTEXT(2)
PARAMETRIC_REPRESENTATION_CONTEXT() REPRESENTATION_CONTEXT('2D SPACE',''
  ) );
#8571 = ORIENTED_EDGE('',*,*,#8572,.T.);
#8572 = EDGE_CURVE('',#8550,#8502,#8573,.T.);
#8573 = SURFACE_CURVE('',#8574,(#8578,#8585),.PCURVE_S1.);
#8574 = LINE('',#8575,#8576);
#8575 = CARTESIAN_POINT('',(-246.5,-9.25,82.75));
#8576 = VECTOR('',#8577,1.);
#8577 = DIRECTION('',(-1.,0.,0.));
#8578 = PCURVE('',#7486,#8579);
#8579 = DEFINITIONAL_REPRESENTATION('',(#8580),#8584);
#8580 = LINE('',#8581,#8582);
#8581 = CARTESIAN_POINT('',(12.75,1.));
#8582 = VECTOR('',#8583,1.);
#8583 = DIRECTION('',(0.,-1.));
#8584 = ( GEOMETRIC_REPRESENTATION_CONTEXT(2)
PARAMETRIC_REPRESENTATION_CONTEXT() REPRESENTATION_CONTEXT('2D SPACE',''
  ) );
#8585 = PCURVE('',#8586,#8591);
#8586 = PLANE('',#8587);
#8587 = AXIS2_PLACEMENT_3D('',#8588,#8589,#8590);
#8588 = CARTESIAN_POINT('',(-245.5,-22.75,82.75));
#8589 = DIRECTION('',(0.,0.,1.));
#8590 = DIRECTION('',(1.,0.,0.));
#8591 = DEFINITIONAL_REPRESENTATION('',(#8592),#8596);
#8592 = LINE('',#8593,#8594);
#8593 = CARTESIAN_POINT('',(-1.,13.5));
#8594 = VECTOR('',#8595,1.);
#8595 = DIRECTION('',(-1.,0.));
#8596 = ( GEOMETRIC_REPRESENTATION_CONTEXT(2)
PARAMETRIC_REPRESENTATION_CONTEXT() REPRESENTATION_CONTEXT('2D SPACE',''
  ) );
#8597 = ADVANCED_FACE('',(#8598),#7458,.F.);
#8598 = FACE_BOUND('',#8599,.F.);
#8599 = EDGE_LOOP('',(#8600,#8601,#8602,#8626));
#8600 = ORIENTED_EDGE('',*,*,#7441,.F.);
#8601 = ORIENTED_EDGE('',*,*,#8501,.F.);
#8602 = ORIENTED_EDGE('',*,*,#8603,.T.);
#8603 = EDGE_CURVE('',#8502,#8604,#8606,.T.);
#8604 = VERTEX_POINT('',#8605);
#8605 = CARTESIAN_POINT('',(-228.2136427928,-9.25,82.75));
#8606 = SURFACE_CURVE('',#8607,(#8612,#8619),.PCURVE_S1.);
#8607 = CIRCLE('',#8608,3.3);
#8608 = AXIS2_PLACEMENT_3D('',#8609,#8610,#8611);
#8609 = CARTESIAN_POINT('',(-225.,-10.,82.75));
#8610 = DIRECTION('',(0.,0.,1.));
#8611 = DIRECTION('',(1.,0.,-0.));
#8612 = PCURVE('',#7458,#8613);
#8613 = DEFINITIONAL_REPRESENTATION('',(#8614),#8618);
#8614 = LINE('',#8615,#8616);
#8615 = CARTESIAN_POINT('',(0.,41.25));
#8616 = VECTOR('',#8617,1.);
#8617 = DIRECTION('',(1.,0.));
#8618 = ( GEOMETRIC_REPRESENTATION_CONTEXT(2)
PARAMETRIC_REPRESENTATION_CONTEXT() REPRESENTATION_CONTEXT('2D SPACE',''
  ) );
#8619 = PCURVE('',#8586,#8620);
#8620 = DEFINITIONAL_REPRESENTATION('',(#8621),#8625);
#8621 = CIRCLE('',#8622,3.3);
#8622 = AXIS2_PLACEMENT_2D('',#8623,#8624);
#8623 = CARTESIAN_POINT('',(20.5,12.75));
#8624 = DIRECTION('',(1.,0.));
#8625 = ( GEOMETRIC_REPRESENTATION_CONTEXT(2)
PARAMETRIC_REPRESENTATION_CONTEXT() REPRESENTATION_CONTEXT('2D SPACE',''
  ) );
#8626 = ORIENTED_EDGE('',*,*,#8627,.T.);
#8627 = EDGE_CURVE('',#8604,#7414,#8628,.T.);
#8628 = SURFACE_CURVE('',#8629,(#8633,#8640),.PCURVE_S1.);
#8629 = LINE('',#8630,#8631);
#8630 = CARTESIAN_POINT('',(-228.2136427928,-9.25,41.5));
#8631 = VECTOR('',#8632,1.);
#8632 = DIRECTION('',(0.,0.,1.));
#8633 = PCURVE('',#7458,#8634);
#8634 = DEFINITIONAL_REPRESENTATION('',(#8635),#8639);
#8635 = LINE('',#8636,#8637);
#8636 = CARTESIAN_POINT('',(2.912316450376,0.));
#8637 = VECTOR('',#8638,1.);
#8638 = DIRECTION('',(0.,1.));
#8639 = ( GEOMETRIC_REPRESENTATION_CONTEXT(2)
PARAMETRIC_REPRESENTATION_CONTEXT() REPRESENTATION_CONTEXT('2D SPACE',''
  ) );
#8640 = PCURVE('',#7429,#8641);
#8641 = DEFINITIONAL_REPRESENTATION('',(#8642),#8646);
#8642 = LINE('',#8643,#8644);
#8643 = CARTESIAN_POINT('',(-28.5,19.286357207156));
#8644 = VECTOR('',#8645,1.);
#8645 = DIRECTION('',(1.,0.));
#8646 = ( GEOMETRIC_REPRESENTATION_CONTEXT(2)
PARAMETRIC_REPRESENTATION_CONTEXT() REPRESENTATION_CONTEXT('2D SPACE',''
  ) );
#8647 = ADVANCED_FACE('',(#8648),#7429,.F.);
#8648 = FACE_BOUND('',#8649,.F.);
#8649 = EDGE_LOOP('',(#8650,#8673,#8674,#8675));
#8650 = ORIENTED_EDGE('',*,*,#8651,.T.);
#8651 = EDGE_CURVE('',#8652,#7385,#8654,.T.);
#8652 = VERTEX_POINT('',#8653);
#8653 = CARTESIAN_POINT('',(-233.7863572071,-9.25,82.75));
#8654 = SURFACE_CURVE('',#8655,(#8659,#8666),.PCURVE_S1.);
#8655 = LINE('',#8656,#8657);
#8656 = CARTESIAN_POINT('',(-233.7863572071,-9.25,41.5));
#8657 = VECTOR('',#8658,1.);
#8658 = DIRECTION('',(0.,0.,1.));
#8659 = PCURVE('',#7429,#8660);
#8660 = DEFINITIONAL_REPRESENTATION('',(#8661),#8665);
#8661 = LINE('',#8662,#8663);
#8662 = CARTESIAN_POINT('',(-28.5,13.713642792844));
#8663 = VECTOR('',#8664,1.);
#8664 = DIRECTION('',(1.,0.));
#8665 = ( GEOMETRIC_REPRESENTATION_CONTEXT(2)
PARAMETRIC_REPRESENTATION_CONTEXT() REPRESENTATION_CONTEXT('2D SPACE',''
  ) );
#8666 = PCURVE('',#7401,#8667);
#8667 = DEFINITIONAL_REPRESENTATION('',(#8668),#8672);
#8668 = LINE('',#8669,#8670);
#8669 = CARTESIAN_POINT('',(0.229276203214,0.));
#8670 = VECTOR('',#8671,1.);
#8671 = DIRECTION('',(0.,1.));
#8672 = ( GEOMETRIC_REPRESENTATION_CONTEXT(2)
PARAMETRIC_REPRESENTATION_CONTEXT() REPRESENTATION_CONTEXT('2D SPACE',''
  ) );
#8673 = ORIENTED_EDGE('',*,*,#7413,.T.);
#8674 = ORIENTED_EDGE('',*,*,#8627,.F.);
#8675 = ORIENTED_EDGE('',*,*,#8676,.T.);
#8676 = EDGE_CURVE('',#8604,#8652,#8677,.T.);
#8677 = SURFACE_CURVE('',#8678,(#8682,#8689),.PCURVE_S1.);
#8678 = LINE('',#8679,#8680);
#8679 = CARTESIAN_POINT('',(-246.5,-9.25,82.75));
#8680 = VECTOR('',#8681,1.);
#8681 = DIRECTION('',(-1.,0.,0.));
#8682 = PCURVE('',#7429,#8683);
#8683 = DEFINITIONAL_REPRESENTATION('',(#8684),#8688);
#8684 = LINE('',#8685,#8686);
#8685 = CARTESIAN_POINT('',(12.75,1.));
#8686 = VECTOR('',#8687,1.);
#8687 = DIRECTION('',(0.,-1.));
#8688 = ( GEOMETRIC_REPRESENTATION_CONTEXT(2)
PARAMETRIC_REPRESENTATION_CONTEXT() REPRESENTATION_CONTEXT('2D SPACE',''
  ) );
#8689 = PCURVE('',#8586,#8690);
#8690 = DEFINITIONAL_REPRESENTATION('',(#8691),#8695);
#8691 = LINE('',#8692,#8693);
#8692 = CARTESIAN_POINT('',(-1.,13.5));
#8693 = VECTOR('',#8694,1.);
#8694 = DIRECTION('',(-1.,0.));
#8695 = ( GEOMETRIC_REPRESENTATION_CONTEXT(2)
PARAMETRIC_REPRESENTATION_CONTEXT() REPRESENTATION_CONTEXT('2D SPACE',''
  ) );
#8696 = ADVANCED_FACE('',(#8697),#7401,.F.);
#8697 = FACE_BOUND('',#8698,.F.);
#8698 = EDGE_LOOP('',(#8699,#8700,#8701,#8725));
#8699 = ORIENTED_EDGE('',*,*,#7384,.F.);
#8700 = ORIENTED_EDGE('',*,*,#8651,.F.);
#8701 = ORIENTED_EDGE('',*,*,#8702,.T.);
#8702 = EDGE_CURVE('',#8652,#8703,#8705,.T.);
#8703 = VERTEX_POINT('',#8704);
#8704 = CARTESIAN_POINT('',(-240.2136427928,-9.25,82.75));
#8705 = SURFACE_CURVE('',#8706,(#8711,#8718),.PCURVE_S1.);
#8706 = CIRCLE('',#8707,3.3);
#8707 = AXIS2_PLACEMENT_3D('',#8708,#8709,#8710);
#8708 = CARTESIAN_POINT('',(-237.,-10.,82.75));
#8709 = DIRECTION('',(0.,0.,1.));
#8710 = DIRECTION('',(1.,0.,-0.));
#8711 = PCURVE('',#7401,#8712);
#8712 = DEFINITIONAL_REPRESENTATION('',(#8713),#8717);
#8713 = LINE('',#8714,#8715);
#8714 = CARTESIAN_POINT('',(0.,41.25));
#8715 = VECTOR('',#8716,1.);
#8716 = DIRECTION('',(1.,0.));
#8717 = ( GEOMETRIC_REPRESENTATION_CONTEXT(2)
PARAMETRIC_REPRESENTATION_CONTEXT() REPRESENTATION_CONTEXT('2D SPACE',''
  ) );
#8718 = PCURVE('',#8586,#8719);
#8719 = DEFINITIONAL_REPRESENTATION('',(#8720),#8724);
#8720 = CIRCLE('',#8721,3.3);
#8721 = AXIS2_PLACEMENT_2D('',#8722,#8723);
#8722 = CARTESIAN_POINT('',(8.5,12.75));
#8723 = DIRECTION('',(1.,0.));
#8724 = ( GEOMETRIC_REPRESENTATION_CONTEXT(2)
PARAMETRIC_REPRESENTATION_CONTEXT() REPRESENTATION_CONTEXT('2D SPACE',''
  ) );
#8725 = ORIENTED_EDGE('',*,*,#8726,.T.);
#8726 = EDGE_CURVE('',#8703,#7357,#8727,.T.);
#8727 = SURFACE_CURVE('',#8728,(#8732,#8739),.PCURVE_S1.);
#8728 = LINE('',#8729,#8730);
#8729 = CARTESIAN_POINT('',(-240.2136427928,-9.25,41.5));
#8730 = VECTOR('',#8731,1.);
#8731 = DIRECTION('',(0.,0.,1.));
#8732 = PCURVE('',#7401,#8733);
#8733 = DEFINITIONAL_REPRESENTATION('',(#8734),#8738);
#8734 = LINE('',#8735,#8736);
#8735 = CARTESIAN_POINT('',(2.912316450376,0.));
#8736 = VECTOR('',#8737,1.);
#8737 = DIRECTION('',(0.,1.));
#8738 = ( GEOMETRIC_REPRESENTATION_CONTEXT(2)
PARAMETRIC_REPRESENTATION_CONTEXT() REPRESENTATION_CONTEXT('2D SPACE',''
  ) );
#8739 = PCURVE('',#7372,#8740);
#8740 = DEFINITIONAL_REPRESENTATION('',(#8741),#8745);
#8741 = LINE('',#8742,#8743);
#8742 = CARTESIAN_POINT('',(-28.5,7.286357207156));
#8743 = VECTOR('',#8744,1.);
#8744 = DIRECTION('',(1.,0.));
#8745 = ( GEOMETRIC_REPRESENTATION_CONTEXT(2)
PARAMETRIC_REPRESENTATION_CONTEXT() REPRESENTATION_CONTEXT('2D SPACE',''
  ) );
#8746 = ADVANCED_FACE('',(#8747),#7372,.F.);
#8747 = FACE_BOUND('',#8748,.F.);
#8748 = EDGE_LOOP('',(#8749,#8772,#8773,#8774,#8775,#8798));
#8749 = ORIENTED_EDGE('',*,*,#8750,.F.);
#8750 = EDGE_CURVE('',#8041,#8751,#8753,.T.);
#8751 = VERTEX_POINT('',#8752);
#8752 = CARTESIAN_POINT('',(-245.5,-9.25,70.));
#8753 = SURFACE_CURVE('',#8754,(#8758,#8765),.PCURVE_S1.);
#8754 = LINE('',#8755,#8756);
#8755 = CARTESIAN_POINT('',(-247.5,-9.25,70.));
#8756 = VECTOR('',#8757,1.);
#8757 = DIRECTION('',(1.,0.,0.));
#8758 = PCURVE('',#7372,#8759);
#8759 = DEFINITIONAL_REPRESENTATION('',(#8760),#8764);
#8760 = LINE('',#8761,#8762);
#8761 = CARTESIAN_POINT('',(0.,0.));
#8762 = VECTOR('',#8763,1.);
#8763 = DIRECTION('',(0.,1.));
#8764 = ( GEOMETRIC_REPRESENTATION_CONTEXT(2)
PARAMETRIC_REPRESENTATION_CONTEXT() REPRESENTATION_CONTEXT('2D SPACE',''
  ) );
#8765 = PCURVE('',#8056,#8766);
#8766 = DEFINITIONAL_REPRESENTATION('',(#8767),#8771);
#8767 = LINE('',#8768,#8769);
#8768 = CARTESIAN_POINT('',(0.,1.5));
#8769 = VECTOR('',#8770,1.);
#8770 = DIRECTION('',(1.,0.));
#8771 = ( GEOMETRIC_REPRESENTATION_CONTEXT(2)
PARAMETRIC_REPRESENTATION_CONTEXT() REPRESENTATION_CONTEXT('2D SPACE',''
  ) );
#8772 = ORIENTED_EDGE('',*,*,#8068,.T.);
#8773 = ORIENTED_EDGE('',*,*,#7356,.T.);
#8774 = ORIENTED_EDGE('',*,*,#8726,.F.);
#8775 = ORIENTED_EDGE('',*,*,#8776,.T.);
#8776 = EDGE_CURVE('',#8703,#8777,#8779,.T.);
#8777 = VERTEX_POINT('',#8778);
#8778 = CARTESIAN_POINT('',(-245.5,-9.25,82.75));
#8779 = SURFACE_CURVE('',#8780,(#8784,#8791),.PCURVE_S1.);
#8780 = LINE('',#8781,#8782);
#8781 = CARTESIAN_POINT('',(-246.5,-9.25,82.75));
#8782 = VECTOR('',#8783,1.);
#8783 = DIRECTION('',(-1.,0.,0.));
#8784 = PCURVE('',#7372,#8785);
#8785 = DEFINITIONAL_REPRESENTATION('',(#8786),#8790);
#8786 = LINE('',#8787,#8788);
#8787 = CARTESIAN_POINT('',(12.75,1.));
#8788 = VECTOR('',#8789,1.);
#8789 = DIRECTION('',(0.,-1.));
#8790 = ( GEOMETRIC_REPRESENTATION_CONTEXT(2)
PARAMETRIC_REPRESENTATION_CONTEXT() REPRESENTATION_CONTEXT('2D SPACE',''
  ) );
#8791 = PCURVE('',#8586,#8792);
#8792 = DEFINITIONAL_REPRESENTATION('',(#8793),#8797);
#8793 = LINE('',#8794,#8795);
#8794 = CARTESIAN_POINT('',(-1.,13.5));
#8795 = VECTOR('',#8796,1.);
#8796 = DIRECTION('',(-1.,0.));
#8797 = ( GEOMETRIC_REPRESENTATION_CONTEXT(2)
PARAMETRIC_REPRESENTATION_CONTEXT() REPRESENTATION_CONTEXT('2D SPACE',''
  ) );
#8798 = ORIENTED_EDGE('',*,*,#8799,.F.);
#8799 = EDGE_CURVE('',#8751,#8777,#8800,.T.);
#8800 = SURFACE_CURVE('',#8801,(#8805,#8812),.PCURVE_S1.);
#8801 = LINE('',#8802,#8803);
#8802 = CARTESIAN_POINT('',(-245.5,-9.25,63.625));
#8803 = VECTOR('',#8804,1.);
#8804 = DIRECTION('',(0.,0.,1.));
#8805 = PCURVE('',#7372,#8806);
#8806 = DEFINITIONAL_REPRESENTATION('',(#8807),#8811);
#8807 = LINE('',#8808,#8809);
#8808 = CARTESIAN_POINT('',(-6.375,2.));
#8809 = VECTOR('',#8810,1.);
#8810 = DIRECTION('',(1.,0.));
#8811 = ( GEOMETRIC_REPRESENTATION_CONTEXT(2)
PARAMETRIC_REPRESENTATION_CONTEXT() REPRESENTATION_CONTEXT('2D SPACE',''
  ) );
#8812 = PCURVE('',#8183,#8813);
#8813 = DEFINITIONAL_REPRESENTATION('',(#8814),#8818);
#8814 = LINE('',#8815,#8816);
#8815 = CARTESIAN_POINT('',(6.375,-13.5));
#8816 = VECTOR('',#8817,1.);
#8817 = DIRECTION('',(1.,0.));
#8818 = ( GEOMETRIC_REPRESENTATION_CONTEXT(2)
PARAMETRIC_REPRESENTATION_CONTEXT() REPRESENTATION_CONTEXT('2D SPACE',''
  ) );
#8819 = ADVANCED_FACE('',(#8820),#7856,.F.);
#8820 = FACE_BOUND('',#8821,.F.);
#8821 = EDGE_LOOP('',(#8822,#8851,#8872,#8873));
#8822 = ORIENTED_EDGE('',*,*,#8823,.F.);
#8823 = EDGE_CURVE('',#8824,#8824,#8826,.T.);
#8824 = VERTEX_POINT('',#8825);
#8825 = CARTESIAN_POINT('',(-233.7,-10.,57.25));
#8826 = SURFACE_CURVE('',#8827,(#8832,#8839),.PCURVE_S1.);
#8827 = CIRCLE('',#8828,3.3);
#8828 = AXIS2_PLACEMENT_3D('',#8829,#8830,#8831);
#8829 = CARTESIAN_POINT('',(-237.,-10.,57.25));
#8830 = DIRECTION('',(0.,0.,1.));
#8831 = DIRECTION('',(1.,0.,-0.));
#8832 = PCURVE('',#7856,#8833);
#8833 = DEFINITIONAL_REPRESENTATION('',(#8834),#8838);
#8834 = LINE('',#8835,#8836);
#8835 = CARTESIAN_POINT('',(0.,15.75));
#8836 = VECTOR('',#8837,1.);
#8837 = DIRECTION('',(1.,0.));
#8838 = ( GEOMETRIC_REPRESENTATION_CONTEXT(2)
PARAMETRIC_REPRESENTATION_CONTEXT() REPRESENTATION_CONTEXT('2D SPACE',''
  ) );
#8839 = PCURVE('',#8840,#8845);
#8840 = PLANE('',#8841);
#8841 = AXIS2_PLACEMENT_3D('',#8842,#8843,#8844);
#8842 = CARTESIAN_POINT('',(-245.5,-22.75,57.25));
#8843 = DIRECTION('',(0.,0.,1.));
#8844 = DIRECTION('',(1.,0.,0.));
#8845 = DEFINITIONAL_REPRESENTATION('',(#8846),#8850);
#8846 = CIRCLE('',#8847,3.3);
#8847 = AXIS2_PLACEMENT_2D('',#8848,#8849);
#8848 = CARTESIAN_POINT('',(8.5,12.75));
#8849 = DIRECTION('',(1.,0.));
#8850 = ( GEOMETRIC_REPRESENTATION_CONTEXT(2)
PARAMETRIC_REPRESENTATION_CONTEXT() REPRESENTATION_CONTEXT('2D SPACE',''
  ) );
#8851 = ORIENTED_EDGE('',*,*,#8852,.F.);
#8852 = EDGE_CURVE('',#7840,#8824,#8853,.T.);
#8853 = SEAM_CURVE('',#8854,(#8858,#8865),.PCURVE_S1.);
#8854 = LINE('',#8855,#8856);
#8855 = CARTESIAN_POINT('',(-233.7,-10.,41.5));
#8856 = VECTOR('',#8857,1.);
#8857 = DIRECTION('',(0.,0.,1.));
#8858 = PCURVE('',#7856,#8859);
#8859 = DEFINITIONAL_REPRESENTATION('',(#8860),#8864);
#8860 = LINE('',#8861,#8862);
#8861 = CARTESIAN_POINT('',(6.28318530718,-0.));
#8862 = VECTOR('',#8863,1.);
#8863 = DIRECTION('',(0.,1.));
#8864 = ( GEOMETRIC_REPRESENTATION_CONTEXT(2)
PARAMETRIC_REPRESENTATION_CONTEXT() REPRESENTATION_CONTEXT('2D SPACE',''
  ) );
#8865 = PCURVE('',#7856,#8866);
#8866 = DEFINITIONAL_REPRESENTATION('',(#8867),#8871);
#8867 = LINE('',#8868,#8869);
#8868 = CARTESIAN_POINT('',(0.,-0.));
#8869 = VECTOR('',#8870,1.);
#8870 = DIRECTION('',(0.,1.));
#8871 = ( GEOMETRIC_REPRESENTATION_CONTEXT(2)
PARAMETRIC_REPRESENTATION_CONTEXT() REPRESENTATION_CONTEXT('2D SPACE',''
  ) );
#8872 = ORIENTED_EDGE('',*,*,#7839,.T.);
#8873 = ORIENTED_EDGE('',*,*,#8852,.T.);
#8874 = ADVANCED_FACE('',(#8875),#7887,.F.);
#8875 = FACE_BOUND('',#8876,.F.);
#8876 = EDGE_LOOP('',(#8877,#8901,#8922,#8923));
#8877 = ORIENTED_EDGE('',*,*,#8878,.F.);
#8878 = EDGE_CURVE('',#8879,#8879,#8881,.T.);
#8879 = VERTEX_POINT('',#8880);
#8880 = CARTESIAN_POINT('',(-221.7,-10.,57.25));
#8881 = SURFACE_CURVE('',#8882,(#8887,#8894),.PCURVE_S1.);
#8882 = CIRCLE('',#8883,3.3);
#8883 = AXIS2_PLACEMENT_3D('',#8884,#8885,#8886);
#8884 = CARTESIAN_POINT('',(-225.,-10.,57.25));
#8885 = DIRECTION('',(0.,0.,1.));
#8886 = DIRECTION('',(1.,0.,-0.));
#8887 = PCURVE('',#7887,#8888);
#8888 = DEFINITIONAL_REPRESENTATION('',(#8889),#8893);
#8889 = LINE('',#8890,#8891);
#8890 = CARTESIAN_POINT('',(0.,15.75));
#8891 = VECTOR('',#8892,1.);
#8892 = DIRECTION('',(1.,0.));
#8893 = ( GEOMETRIC_REPRESENTATION_CONTEXT(2)
PARAMETRIC_REPRESENTATION_CONTEXT() REPRESENTATION_CONTEXT('2D SPACE',''
  ) );
#8894 = PCURVE('',#8840,#8895);
#8895 = DEFINITIONAL_REPRESENTATION('',(#8896),#8900);
#8896 = CIRCLE('',#8897,3.3);
#8897 = AXIS2_PLACEMENT_2D('',#8898,#8899);
#8898 = CARTESIAN_POINT('',(20.5,12.75));
#8899 = DIRECTION('',(1.,0.));
#8900 = ( GEOMETRIC_REPRESENTATION_CONTEXT(2)
PARAMETRIC_REPRESENTATION_CONTEXT() REPRESENTATION_CONTEXT('2D SPACE',''
  ) );
#8901 = ORIENTED_EDGE('',*,*,#8902,.F.);
#8902 = EDGE_CURVE('',#7871,#8879,#8903,.T.);
#8903 = SEAM_CURVE('',#8904,(#8908,#8915),.PCURVE_S1.);
#8904 = LINE('',#8905,#8906);
#8905 = CARTESIAN_POINT('',(-221.7,-10.,41.5));
#8906 = VECTOR('',#8907,1.);
#8907 = DIRECTION('',(0.,0.,1.));
#8908 = PCURVE('',#7887,#8909);
#8909 = DEFINITIONAL_REPRESENTATION('',(#8910),#8914);
#8910 = LINE('',#8911,#8912);
#8911 = CARTESIAN_POINT('',(6.28318530718,-0.));
#8912 = VECTOR('',#8913,1.);
#8913 = DIRECTION('',(0.,1.));
#8914 = ( GEOMETRIC_REPRESENTATION_CONTEXT(2)
PARAMETRIC_REPRESENTATION_CONTEXT() REPRESENTATION_CONTEXT('2D SPACE',''
  ) );
#8915 = PCURVE('',#7887,#8916);
#8916 = DEFINITIONAL_REPRESENTATION('',(#8917),#8921);
#8917 = LINE('',#8918,#8919);
#8918 = CARTESIAN_POINT('',(0.,-0.));
#8919 = VECTOR('',#8920,1.);
#8920 = DIRECTION('',(0.,1.));
#8921 = ( GEOMETRIC_REPRESENTATION_CONTEXT(2)
PARAMETRIC_REPRESENTATION_CONTEXT() REPRESENTATION_CONTEXT('2D SPACE',''
  ) );
#8922 = ORIENTED_EDGE('',*,*,#7870,.T.);
#8923 = ORIENTED_EDGE('',*,*,#8902,.T.);
#8924 = ADVANCED_FACE('',(#8925),#8056,.T.);
#8925 = FACE_BOUND('',#8926,.T.);
#8926 = EDGE_LOOP('',(#8927,#8928,#8929,#8930));
#8927 = ORIENTED_EDGE('',*,*,#8750,.F.);
#8928 = ORIENTED_EDGE('',*,*,#8040,.F.);
#8929 = ORIENTED_EDGE('',*,*,#8093,.T.);
#8930 = ORIENTED_EDGE('',*,*,#8931,.F.);
#8931 = EDGE_CURVE('',#8751,#8094,#8932,.T.);
#8932 = SURFACE_CURVE('',#8933,(#8937,#8944),.PCURVE_S1.);
#8933 = LINE('',#8934,#8935);
#8934 = CARTESIAN_POINT('',(-245.5,-16.75,70.));
#8935 = VECTOR('',#8936,1.);
#8936 = DIRECTION('',(0.,-1.,0.));
#8937 = PCURVE('',#8056,#8938);
#8938 = DEFINITIONAL_REPRESENTATION('',(#8939),#8943);
#8939 = LINE('',#8940,#8941);
#8940 = CARTESIAN_POINT('',(2.,-6.));
#8941 = VECTOR('',#8942,1.);
#8942 = DIRECTION('',(0.,-1.));
#8943 = ( GEOMETRIC_REPRESENTATION_CONTEXT(2)
PARAMETRIC_REPRESENTATION_CONTEXT() REPRESENTATION_CONTEXT('2D SPACE',''
  ) );
#8944 = PCURVE('',#8183,#8945);
#8945 = DEFINITIONAL_REPRESENTATION('',(#8946),#8950);
#8946 = LINE('',#8947,#8948);
#8947 = CARTESIAN_POINT('',(12.75,-6.));
#8948 = VECTOR('',#8949,1.);
#8949 = DIRECTION('',(0.,1.));
#8950 = ( GEOMETRIC_REPRESENTATION_CONTEXT(2)
PARAMETRIC_REPRESENTATION_CONTEXT() REPRESENTATION_CONTEXT('2D SPACE',''
  ) );
#8951 = ADVANCED_FACE('',(#8952),#8183,.T.);
#8952 = FACE_BOUND('',#8953,.T.);
#8953 = EDGE_LOOP('',(#8954,#8977,#9005,#9028,#9056,#9077,#9078,#9079));
#8954 = ORIENTED_EDGE('',*,*,#8955,.F.);
#8955 = EDGE_CURVE('',#8956,#8142,#8958,.T.);
#8956 = VERTEX_POINT('',#8957);
#8957 = CARTESIAN_POINT('',(-245.5,-22.75,82.75));
#8958 = SURFACE_CURVE('',#8959,(#8963,#8970),.PCURVE_S1.);
#8959 = LINE('',#8960,#8961);
#8960 = CARTESIAN_POINT('',(-245.5,-22.75,82.75));
#8961 = VECTOR('',#8962,1.);
#8962 = DIRECTION('',(0.,1.,0.));
#8963 = PCURVE('',#8183,#8964);
#8964 = DEFINITIONAL_REPRESENTATION('',(#8965),#8969);
#8965 = LINE('',#8966,#8967);
#8966 = CARTESIAN_POINT('',(25.5,0.));
#8967 = VECTOR('',#8968,1.);
#8968 = DIRECTION('',(0.,-1.));
#8969 = ( GEOMETRIC_REPRESENTATION_CONTEXT(2)
PARAMETRIC_REPRESENTATION_CONTEXT() REPRESENTATION_CONTEXT('2D SPACE',''
  ) );
#8970 = PCURVE('',#8157,#8971);
#8971 = DEFINITIONAL_REPRESENTATION('',(#8972),#8976);
#8972 = LINE('',#8973,#8974);
#8973 = CARTESIAN_POINT('',(0.,0.));
#8974 = VECTOR('',#8975,1.);
#8975 = DIRECTION('',(0.,1.));
#8976 = ( GEOMETRIC_REPRESENTATION_CONTEXT(2)
PARAMETRIC_REPRESENTATION_CONTEXT() REPRESENTATION_CONTEXT('2D SPACE',''
  ) );
#8977 = ORIENTED_EDGE('',*,*,#8978,.F.);
#8978 = EDGE_CURVE('',#8979,#8956,#8981,.T.);
#8979 = VERTEX_POINT('',#8980);
#8980 = CARTESIAN_POINT('',(-245.5,-22.75,57.25));
#8981 = SURFACE_CURVE('',#8982,(#8986,#8993),.PCURVE_S1.);
#8982 = LINE('',#8983,#8984);
#8983 = CARTESIAN_POINT('',(-245.5,-22.75,57.25));
#8984 = VECTOR('',#8985,1.);
#8985 = DIRECTION('',(0.,0.,1.));
#8986 = PCURVE('',#8183,#8987);
#8987 = DEFINITIONAL_REPRESENTATION('',(#8988),#8992);
#8988 = LINE('',#8989,#8990);
#8989 = CARTESIAN_POINT('',(0.,0.));
#8990 = VECTOR('',#8991,1.);
#8991 = DIRECTION('',(1.,0.));
#8992 = ( GEOMETRIC_REPRESENTATION_CONTEXT(2)
PARAMETRIC_REPRESENTATION_CONTEXT() REPRESENTATION_CONTEXT('2D SPACE',''
  ) );
#8993 = PCURVE('',#8994,#8999);
#8994 = PLANE('',#8995);
#8995 = AXIS2_PLACEMENT_3D('',#8996,#8997,#8998);
#8996 = CARTESIAN_POINT('',(-245.5,-22.75,57.25));
#8997 = DIRECTION('',(0.,1.,0.));
#8998 = DIRECTION('',(0.,0.,1.));
#8999 = DEFINITIONAL_REPRESENTATION('',(#9000),#9004);
#9000 = LINE('',#9001,#9002);
#9001 = CARTESIAN_POINT('',(0.,0.));
#9002 = VECTOR('',#9003,1.);
#9003 = DIRECTION('',(1.,0.));
#9004 = ( GEOMETRIC_REPRESENTATION_CONTEXT(2)
PARAMETRIC_REPRESENTATION_CONTEXT() REPRESENTATION_CONTEXT('2D SPACE',''
  ) );
#9005 = ORIENTED_EDGE('',*,*,#9006,.T.);
#9006 = EDGE_CURVE('',#8979,#9007,#9009,.T.);
#9007 = VERTEX_POINT('',#9008);
#9008 = CARTESIAN_POINT('',(-245.5,2.75,57.25));
#9009 = SURFACE_CURVE('',#9010,(#9014,#9021),.PCURVE_S1.);
#9010 = LINE('',#9011,#9012);
#9011 = CARTESIAN_POINT('',(-245.5,-22.75,57.25));
#9012 = VECTOR('',#9013,1.);
#9013 = DIRECTION('',(0.,1.,0.));
#9014 = PCURVE('',#8183,#9015);
#9015 = DEFINITIONAL_REPRESENTATION('',(#9016),#9020);
#9016 = LINE('',#9017,#9018);
#9017 = CARTESIAN_POINT('',(0.,0.));
#9018 = VECTOR('',#9019,1.);
#9019 = DIRECTION('',(0.,-1.));
#9020 = ( GEOMETRIC_REPRESENTATION_CONTEXT(2)
PARAMETRIC_REPRESENTATION_CONTEXT() REPRESENTATION_CONTEXT('2D SPACE',''
  ) );
#9021 = PCURVE('',#8840,#9022);
#9022 = DEFINITIONAL_REPRESENTATION('',(#9023),#9027);
#9023 = LINE('',#9024,#9025);
#9024 = CARTESIAN_POINT('',(0.,0.));
#9025 = VECTOR('',#9026,1.);
#9026 = DIRECTION('',(0.,1.));
#9027 = ( GEOMETRIC_REPRESENTATION_CONTEXT(2)
PARAMETRIC_REPRESENTATION_CONTEXT() REPRESENTATION_CONTEXT('2D SPACE',''
  ) );
#9028 = ORIENTED_EDGE('',*,*,#9029,.T.);
#9029 = EDGE_CURVE('',#9007,#9030,#9032,.T.);
#9030 = VERTEX_POINT('',#9031);
#9031 = CARTESIAN_POINT('',(-245.5,2.75,82.75));
#9032 = SURFACE_CURVE('',#9033,(#9037,#9044),.PCURVE_S1.);
#9033 = LINE('',#9034,#9035);
#9034 = CARTESIAN_POINT('',(-245.5,2.75,57.25));
#9035 = VECTOR('',#9036,1.);
#9036 = DIRECTION('',(0.,0.,1.));
#9037 = PCURVE('',#8183,#9038);
#9038 = DEFINITIONAL_REPRESENTATION('',(#9039),#9043);
#9039 = LINE('',#9040,#9041);
#9040 = CARTESIAN_POINT('',(0.,-25.5));
#9041 = VECTOR('',#9042,1.);
#9042 = DIRECTION('',(1.,0.));
#9043 = ( GEOMETRIC_REPRESENTATION_CONTEXT(2)
PARAMETRIC_REPRESENTATION_CONTEXT() REPRESENTATION_CONTEXT('2D SPACE',''
  ) );
#9044 = PCURVE('',#9045,#9050);
#9045 = PLANE('',#9046);
#9046 = AXIS2_PLACEMENT_3D('',#9047,#9048,#9049);
#9047 = CARTESIAN_POINT('',(-245.5,2.75,57.25));
#9048 = DIRECTION('',(0.,1.,0.));
#9049 = DIRECTION('',(0.,0.,1.));
#9050 = DEFINITIONAL_REPRESENTATION('',(#9051),#9055);
#9051 = LINE('',#9052,#9053);
#9052 = CARTESIAN_POINT('',(0.,0.));
#9053 = VECTOR('',#9054,1.);
#9054 = DIRECTION('',(1.,0.));
#9055 = ( GEOMETRIC_REPRESENTATION_CONTEXT(2)
PARAMETRIC_REPRESENTATION_CONTEXT() REPRESENTATION_CONTEXT('2D SPACE',''
  ) );
#9056 = ORIENTED_EDGE('',*,*,#9057,.F.);
#9057 = EDGE_CURVE('',#8777,#9030,#9058,.T.);
#9058 = SURFACE_CURVE('',#9059,(#9063,#9070),.PCURVE_S1.);
#9059 = LINE('',#9060,#9061);
#9060 = CARTESIAN_POINT('',(-245.5,-22.75,82.75));
#9061 = VECTOR('',#9062,1.);
#9062 = DIRECTION('',(0.,1.,0.));
#9063 = PCURVE('',#8183,#9064);
#9064 = DEFINITIONAL_REPRESENTATION('',(#9065),#9069);
#9065 = LINE('',#9066,#9067);
#9066 = CARTESIAN_POINT('',(25.5,0.));
#9067 = VECTOR('',#9068,1.);
#9068 = DIRECTION('',(0.,-1.));
#9069 = ( GEOMETRIC_REPRESENTATION_CONTEXT(2)
PARAMETRIC_REPRESENTATION_CONTEXT() REPRESENTATION_CONTEXT('2D SPACE',''
  ) );
#9070 = PCURVE('',#8586,#9071);
#9071 = DEFINITIONAL_REPRESENTATION('',(#9072),#9076);
#9072 = LINE('',#9073,#9074);
#9073 = CARTESIAN_POINT('',(0.,0.));
#9074 = VECTOR('',#9075,1.);
#9075 = DIRECTION('',(0.,1.));
#9076 = ( GEOMETRIC_REPRESENTATION_CONTEXT(2)
PARAMETRIC_REPRESENTATION_CONTEXT() REPRESENTATION_CONTEXT('2D SPACE',''
  ) );
#9077 = ORIENTED_EDGE('',*,*,#8799,.F.);
#9078 = ORIENTED_EDGE('',*,*,#8931,.T.);
#9079 = ORIENTED_EDGE('',*,*,#8169,.T.);
#9080 = ADVANCED_FACE('',(#9081),#8157,.F.);
#9081 = FACE_BOUND('',#9082,.F.);
#9082 = EDGE_LOOP('',(#9083,#9084,#9107,#9128,#9129,#9130,#9131,#9132));
#9083 = ORIENTED_EDGE('',*,*,#8955,.F.);
#9084 = ORIENTED_EDGE('',*,*,#9085,.T.);
#9085 = EDGE_CURVE('',#8956,#9086,#9088,.T.);
#9086 = VERTEX_POINT('',#9087);
#9087 = CARTESIAN_POINT('',(-216.5,-22.75,82.75));
#9088 = SURFACE_CURVE('',#9089,(#9093,#9100),.PCURVE_S1.);
#9089 = LINE('',#9090,#9091);
#9090 = CARTESIAN_POINT('',(-245.5,-22.75,82.75));
#9091 = VECTOR('',#9092,1.);
#9092 = DIRECTION('',(1.,0.,0.));
#9093 = PCURVE('',#8157,#9094);
#9094 = DEFINITIONAL_REPRESENTATION('',(#9095),#9099);
#9095 = LINE('',#9096,#9097);
#9096 = CARTESIAN_POINT('',(0.,0.));
#9097 = VECTOR('',#9098,1.);
#9098 = DIRECTION('',(1.,0.));
#9099 = ( GEOMETRIC_REPRESENTATION_CONTEXT(2)
PARAMETRIC_REPRESENTATION_CONTEXT() REPRESENTATION_CONTEXT('2D SPACE',''
  ) );
#9100 = PCURVE('',#8994,#9101);
#9101 = DEFINITIONAL_REPRESENTATION('',(#9102),#9106);
#9102 = LINE('',#9103,#9104);
#9103 = CARTESIAN_POINT('',(25.5,0.));
#9104 = VECTOR('',#9105,1.);
#9105 = DIRECTION('',(0.,1.));
#9106 = ( GEOMETRIC_REPRESENTATION_CONTEXT(2)
PARAMETRIC_REPRESENTATION_CONTEXT() REPRESENTATION_CONTEXT('2D SPACE',''
  ) );
#9107 = ORIENTED_EDGE('',*,*,#9108,.T.);
#9108 = EDGE_CURVE('',#9086,#8401,#9109,.T.);
#9109 = SURFACE_CURVE('',#9110,(#9114,#9121),.PCURVE_S1.);
#9110 = LINE('',#9111,#9112);
#9111 = CARTESIAN_POINT('',(-216.5,-22.75,82.75));
#9112 = VECTOR('',#9113,1.);
#9113 = DIRECTION('',(0.,1.,0.));
#9114 = PCURVE('',#8157,#9115);
#9115 = DEFINITIONAL_REPRESENTATION('',(#9116),#9120);
#9116 = LINE('',#9117,#9118);
#9117 = CARTESIAN_POINT('',(29.,0.));
#9118 = VECTOR('',#9119,1.);
#9119 = DIRECTION('',(0.,1.));
#9120 = ( GEOMETRIC_REPRESENTATION_CONTEXT(2)
PARAMETRIC_REPRESENTATION_CONTEXT() REPRESENTATION_CONTEXT('2D SPACE',''
  ) );
#9121 = PCURVE('',#8416,#9122);
#9122 = DEFINITIONAL_REPRESENTATION('',(#9123),#9127);
#9123 = LINE('',#9124,#9125);
#9124 = CARTESIAN_POINT('',(25.5,0.));
#9125 = VECTOR('',#9126,1.);
#9126 = DIRECTION('',(0.,-1.));
#9127 = ( GEOMETRIC_REPRESENTATION_CONTEXT(2)
PARAMETRIC_REPRESENTATION_CONTEXT() REPRESENTATION_CONTEXT('2D SPACE',''
  ) );
#9128 = ORIENTED_EDGE('',*,*,#8428,.T.);
#9129 = ORIENTED_EDGE('',*,*,#8299,.F.);
#9130 = ORIENTED_EDGE('',*,*,#8273,.T.);
#9131 = ORIENTED_EDGE('',*,*,#8200,.F.);
#9132 = ORIENTED_EDGE('',*,*,#8141,.T.);
#9133 = ADVANCED_FACE('',(#9134),#8416,.F.);
#9134 = FACE_BOUND('',#9135,.F.);
#9135 = EDGE_LOOP('',(#9136,#9137,#9160,#9183,#9206,#9227,#9228,#9249));
#9136 = ORIENTED_EDGE('',*,*,#9108,.F.);
#9137 = ORIENTED_EDGE('',*,*,#9138,.F.);
#9138 = EDGE_CURVE('',#9139,#9086,#9141,.T.);
#9139 = VERTEX_POINT('',#9140);
#9140 = CARTESIAN_POINT('',(-216.5,-22.75,57.25));
#9141 = SURFACE_CURVE('',#9142,(#9146,#9153),.PCURVE_S1.);
#9142 = LINE('',#9143,#9144);
#9143 = CARTESIAN_POINT('',(-216.5,-22.75,57.25));
#9144 = VECTOR('',#9145,1.);
#9145 = DIRECTION('',(0.,0.,1.));
#9146 = PCURVE('',#8416,#9147);
#9147 = DEFINITIONAL_REPRESENTATION('',(#9148),#9152);
#9148 = LINE('',#9149,#9150);
#9149 = CARTESIAN_POINT('',(0.,0.));
#9150 = VECTOR('',#9151,1.);
#9151 = DIRECTION('',(1.,0.));
#9152 = ( GEOMETRIC_REPRESENTATION_CONTEXT(2)
PARAMETRIC_REPRESENTATION_CONTEXT() REPRESENTATION_CONTEXT('2D SPACE',''
  ) );
#9153 = PCURVE('',#8994,#9154);
#9154 = DEFINITIONAL_REPRESENTATION('',(#9155),#9159);
#9155 = LINE('',#9156,#9157);
#9156 = CARTESIAN_POINT('',(0.,29.));
#9157 = VECTOR('',#9158,1.);
#9158 = DIRECTION('',(1.,0.));
#9159 = ( GEOMETRIC_REPRESENTATION_CONTEXT(2)
PARAMETRIC_REPRESENTATION_CONTEXT() REPRESENTATION_CONTEXT('2D SPACE',''
  ) );
#9160 = ORIENTED_EDGE('',*,*,#9161,.T.);
#9161 = EDGE_CURVE('',#9139,#9162,#9164,.T.);
#9162 = VERTEX_POINT('',#9163);
#9163 = CARTESIAN_POINT('',(-216.5,2.75,57.25));
#9164 = SURFACE_CURVE('',#9165,(#9169,#9176),.PCURVE_S1.);
#9165 = LINE('',#9166,#9167);
#9166 = CARTESIAN_POINT('',(-216.5,-22.75,57.25));
#9167 = VECTOR('',#9168,1.);
#9168 = DIRECTION('',(0.,1.,0.));
#9169 = PCURVE('',#8416,#9170);
#9170 = DEFINITIONAL_REPRESENTATION('',(#9171),#9175);
#9171 = LINE('',#9172,#9173);
#9172 = CARTESIAN_POINT('',(0.,0.));
#9173 = VECTOR('',#9174,1.);
#9174 = DIRECTION('',(0.,-1.));
#9175 = ( GEOMETRIC_REPRESENTATION_CONTEXT(2)
PARAMETRIC_REPRESENTATION_CONTEXT() REPRESENTATION_CONTEXT('2D SPACE',''
  ) );
#9176 = PCURVE('',#8840,#9177);
#9177 = DEFINITIONAL_REPRESENTATION('',(#9178),#9182);
#9178 = LINE('',#9179,#9180);
#9179 = CARTESIAN_POINT('',(29.,0.));
#9180 = VECTOR('',#9181,1.);
#9181 = DIRECTION('',(0.,1.));
#9182 = ( GEOMETRIC_REPRESENTATION_CONTEXT(2)
PARAMETRIC_REPRESENTATION_CONTEXT() REPRESENTATION_CONTEXT('2D SPACE',''
  ) );
#9183 = ORIENTED_EDGE('',*,*,#9184,.T.);
#9184 = EDGE_CURVE('',#9162,#9185,#9187,.T.);
#9185 = VERTEX_POINT('',#9186);
#9186 = CARTESIAN_POINT('',(-216.5,2.75,82.75));
#9187 = SURFACE_CURVE('',#9188,(#9192,#9199),.PCURVE_S1.);
#9188 = LINE('',#9189,#9190);
#9189 = CARTESIAN_POINT('',(-216.5,2.75,57.25));
#9190 = VECTOR('',#9191,1.);
#9191 = DIRECTION('',(0.,0.,1.));
#9192 = PCURVE('',#8416,#9193);
#9193 = DEFINITIONAL_REPRESENTATION('',(#9194),#9198);
#9194 = LINE('',#9195,#9196);
#9195 = CARTESIAN_POINT('',(0.,-25.5));
#9196 = VECTOR('',#9197,1.);
#9197 = DIRECTION('',(1.,0.));
#9198 = ( GEOMETRIC_REPRESENTATION_CONTEXT(2)
PARAMETRIC_REPRESENTATION_CONTEXT() REPRESENTATION_CONTEXT('2D SPACE',''
  ) );
#9199 = PCURVE('',#9045,#9200);
#9200 = DEFINITIONAL_REPRESENTATION('',(#9201),#9205);
#9201 = LINE('',#9202,#9203);
#9202 = CARTESIAN_POINT('',(0.,29.));
#9203 = VECTOR('',#9204,1.);
#9204 = DIRECTION('',(1.,0.));
#9205 = ( GEOMETRIC_REPRESENTATION_CONTEXT(2)
PARAMETRIC_REPRESENTATION_CONTEXT() REPRESENTATION_CONTEXT('2D SPACE',''
  ) );
#9206 = ORIENTED_EDGE('',*,*,#9207,.F.);
#9207 = EDGE_CURVE('',#8550,#9185,#9208,.T.);
#9208 = SURFACE_CURVE('',#9209,(#9213,#9220),.PCURVE_S1.);
#9209 = LINE('',#9210,#9211);
#9210 = CARTESIAN_POINT('',(-216.5,-22.75,82.75));
#9211 = VECTOR('',#9212,1.);
#9212 = DIRECTION('',(0.,1.,0.));
#9213 = PCURVE('',#8416,#9214);
#9214 = DEFINITIONAL_REPRESENTATION('',(#9215),#9219);
#9215 = LINE('',#9216,#9217);
#9216 = CARTESIAN_POINT('',(25.5,0.));
#9217 = VECTOR('',#9218,1.);
#9218 = DIRECTION('',(0.,-1.));
#9219 = ( GEOMETRIC_REPRESENTATION_CONTEXT(2)
PARAMETRIC_REPRESENTATION_CONTEXT() REPRESENTATION_CONTEXT('2D SPACE',''
  ) );
#9220 = PCURVE('',#8586,#9221);
#9221 = DEFINITIONAL_REPRESENTATION('',(#9222),#9226);
#9222 = LINE('',#9223,#9224);
#9223 = CARTESIAN_POINT('',(29.,0.));
#9224 = VECTOR('',#9225,1.);
#9225 = DIRECTION('',(0.,1.));
#9226 = ( GEOMETRIC_REPRESENTATION_CONTEXT(2)
PARAMETRIC_REPRESENTATION_CONTEXT() REPRESENTATION_CONTEXT('2D SPACE',''
  ) );
#9227 = ORIENTED_EDGE('',*,*,#8549,.F.);
#9228 = ORIENTED_EDGE('',*,*,#9229,.T.);
#9229 = EDGE_CURVE('',#8527,#8373,#9230,.T.);
#9230 = SURFACE_CURVE('',#9231,(#9235,#9242),.PCURVE_S1.);
#9231 = LINE('',#9232,#9233);
#9232 = CARTESIAN_POINT('',(-216.5,-16.75,70.));
#9233 = VECTOR('',#9234,1.);
#9234 = DIRECTION('',(0.,-1.,0.));
#9235 = PCURVE('',#8416,#9236);
#9236 = DEFINITIONAL_REPRESENTATION('',(#9237),#9241);
#9237 = LINE('',#9238,#9239);
#9238 = CARTESIAN_POINT('',(12.75,-6.));
#9239 = VECTOR('',#9240,1.);
#9240 = DIRECTION('',(0.,1.));
#9241 = ( GEOMETRIC_REPRESENTATION_CONTEXT(2)
PARAMETRIC_REPRESENTATION_CONTEXT() REPRESENTATION_CONTEXT('2D SPACE',''
  ) );
#9242 = PCURVE('',#8388,#9243);
#9243 = DEFINITIONAL_REPRESENTATION('',(#9244),#9248);
#9244 = LINE('',#9245,#9246);
#9245 = CARTESIAN_POINT('',(31.,-6.));
#9246 = VECTOR('',#9247,1.);
#9247 = DIRECTION('',(0.,-1.));
#9248 = ( GEOMETRIC_REPRESENTATION_CONTEXT(2)
PARAMETRIC_REPRESENTATION_CONTEXT() REPRESENTATION_CONTEXT('2D SPACE',''
  ) );
#9249 = ORIENTED_EDGE('',*,*,#8400,.T.);
#9250 = ADVANCED_FACE('',(#9251),#8388,.T.);
#9251 = FACE_BOUND('',#9252,.T.);
#9252 = EDGE_LOOP('',(#9253,#9254,#9255,#9256));
#9253 = ORIENTED_EDGE('',*,*,#8526,.F.);
#9254 = ORIENTED_EDGE('',*,*,#9229,.T.);
#9255 = ORIENTED_EDGE('',*,*,#8372,.T.);
#9256 = ORIENTED_EDGE('',*,*,#8453,.T.);
#9257 = ADVANCED_FACE('',(#9258),#8586,.F.);
#9258 = FACE_BOUND('',#9259,.F.);
#9259 = EDGE_LOOP('',(#9260,#9261,#9262,#9263,#9264,#9265,#9266,#9267));
#9260 = ORIENTED_EDGE('',*,*,#9057,.F.);
#9261 = ORIENTED_EDGE('',*,*,#8776,.F.);
#9262 = ORIENTED_EDGE('',*,*,#8702,.F.);
#9263 = ORIENTED_EDGE('',*,*,#8676,.F.);
#9264 = ORIENTED_EDGE('',*,*,#8603,.F.);
#9265 = ORIENTED_EDGE('',*,*,#8572,.F.);
#9266 = ORIENTED_EDGE('',*,*,#9207,.T.);
#9267 = ORIENTED_EDGE('',*,*,#9268,.F.);
#9268 = EDGE_CURVE('',#9030,#9185,#9269,.T.);
#9269 = SURFACE_CURVE('',#9270,(#9274,#9281),.PCURVE_S1.);
#9270 = LINE('',#9271,#9272);
#9271 = CARTESIAN_POINT('',(-245.5,2.75,82.75));
#9272 = VECTOR('',#9273,1.);
#9273 = DIRECTION('',(1.,0.,0.));
#9274 = PCURVE('',#8586,#9275);
#9275 = DEFINITIONAL_REPRESENTATION('',(#9276),#9280);
#9276 = LINE('',#9277,#9278);
#9277 = CARTESIAN_POINT('',(0.,25.5));
#9278 = VECTOR('',#9279,1.);
#9279 = DIRECTION('',(1.,0.));
#9280 = ( GEOMETRIC_REPRESENTATION_CONTEXT(2)
PARAMETRIC_REPRESENTATION_CONTEXT() REPRESENTATION_CONTEXT('2D SPACE',''
  ) );
#9281 = PCURVE('',#9045,#9282);
#9282 = DEFINITIONAL_REPRESENTATION('',(#9283),#9287);
#9283 = LINE('',#9284,#9285);
#9284 = CARTESIAN_POINT('',(25.5,0.));
#9285 = VECTOR('',#9286,1.);
#9286 = DIRECTION('',(0.,1.));
#9287 = ( GEOMETRIC_REPRESENTATION_CONTEXT(2)
PARAMETRIC_REPRESENTATION_CONTEXT() REPRESENTATION_CONTEXT('2D SPACE',''
  ) );
#9288 = ADVANCED_FACE('',(#9289,#9335,#9338),#8840,.T.);
#9289 = FACE_BOUND('',#9290,.T.);
#9290 = EDGE_LOOP('',(#9291,#9292,#9313,#9314));
#9291 = ORIENTED_EDGE('',*,*,#9006,.F.);
#9292 = ORIENTED_EDGE('',*,*,#9293,.T.);
#9293 = EDGE_CURVE('',#8979,#9139,#9294,.T.);
#9294 = SURFACE_CURVE('',#9295,(#9299,#9306),.PCURVE_S1.);
#9295 = LINE('',#9296,#9297);
#9296 = CARTESIAN_POINT('',(-245.5,-22.75,57.25));
#9297 = VECTOR('',#9298,1.);
#9298 = DIRECTION('',(1.,0.,0.));
#9299 = PCURVE('',#8840,#9300);
#9300 = DEFINITIONAL_REPRESENTATION('',(#9301),#9305);
#9301 = LINE('',#9302,#9303);
#9302 = CARTESIAN_POINT('',(0.,0.));
#9303 = VECTOR('',#9304,1.);
#9304 = DIRECTION('',(1.,0.));
#9305 = ( GEOMETRIC_REPRESENTATION_CONTEXT(2)
PARAMETRIC_REPRESENTATION_CONTEXT() REPRESENTATION_CONTEXT('2D SPACE',''
  ) );
#9306 = PCURVE('',#8994,#9307);
#9307 = DEFINITIONAL_REPRESENTATION('',(#9308),#9312);
#9308 = LINE('',#9309,#9310);
#9309 = CARTESIAN_POINT('',(0.,0.));
#9310 = VECTOR('',#9311,1.);
#9311 = DIRECTION('',(0.,1.));
#9312 = ( GEOMETRIC_REPRESENTATION_CONTEXT(2)
PARAMETRIC_REPRESENTATION_CONTEXT() REPRESENTATION_CONTEXT('2D SPACE',''
  ) );
#9313 = ORIENTED_EDGE('',*,*,#9161,.T.);
#9314 = ORIENTED_EDGE('',*,*,#9315,.F.);
#9315 = EDGE_CURVE('',#9007,#9162,#9316,.T.);
#9316 = SURFACE_CURVE('',#9317,(#9321,#9328),.PCURVE_S1.);
#9317 = LINE('',#9318,#9319);
#9318 = CARTESIAN_POINT('',(-245.5,2.75,57.25));
#9319 = VECTOR('',#9320,1.);
#9320 = DIRECTION('',(1.,0.,0.));
#9321 = PCURVE('',#8840,#9322);
#9322 = DEFINITIONAL_REPRESENTATION('',(#9323),#9327);
#9323 = LINE('',#9324,#9325);
#9324 = CARTESIAN_POINT('',(0.,25.5));
#9325 = VECTOR('',#9326,1.);
#9326 = DIRECTION('',(1.,0.));
#9327 = ( GEOMETRIC_REPRESENTATION_CONTEXT(2)
PARAMETRIC_REPRESENTATION_CONTEXT() REPRESENTATION_CONTEXT('2D SPACE',''
  ) );
#9328 = PCURVE('',#9045,#9329);
#9329 = DEFINITIONAL_REPRESENTATION('',(#9330),#9334);
#9330 = LINE('',#9331,#9332);
#9331 = CARTESIAN_POINT('',(0.,0.));
#9332 = VECTOR('',#9333,1.);
#9333 = DIRECTION('',(0.,1.));
#9334 = ( GEOMETRIC_REPRESENTATION_CONTEXT(2)
PARAMETRIC_REPRESENTATION_CONTEXT() REPRESENTATION_CONTEXT('2D SPACE',''
  ) );
#9335 = FACE_BOUND('',#9336,.T.);
#9336 = EDGE_LOOP('',(#9337));
#9337 = ORIENTED_EDGE('',*,*,#8823,.F.);
#9338 = FACE_BOUND('',#9339,.T.);
#9339 = EDGE_LOOP('',(#9340));
#9340 = ORIENTED_EDGE('',*,*,#8878,.F.);
#9341 = ADVANCED_FACE('',(#9342),#9045,.F.);
#9342 = FACE_BOUND('',#9343,.F.);
#9343 = EDGE_LOOP('',(#9344,#9345,#9346,#9347));
#9344 = ORIENTED_EDGE('',*,*,#9315,.F.);
#9345 = ORIENTED_EDGE('',*,*,#9029,.T.);
#9346 = ORIENTED_EDGE('',*,*,#9268,.T.);
#9347 = ORIENTED_EDGE('',*,*,#9184,.F.);
#9348 = ADVANCED_FACE('',(#9349),#8994,.T.);
#9349 = FACE_BOUND('',#9350,.T.);
#9350 = EDGE_LOOP('',(#9351,#9352,#9353,#9354));
#9351 = ORIENTED_EDGE('',*,*,#9293,.F.);
#9352 = ORIENTED_EDGE('',*,*,#8978,.T.);
#9353 = ORIENTED_EDGE('',*,*,#9085,.T.);
#9354 = ORIENTED_EDGE('',*,*,#9138,.F.);
#9355 = ( GEOMETRIC_REPRESENTATION_CONTEXT(3)
GLOBAL_UNCERTAINTY_ASSIGNED_CONTEXT((#9359))
GLOBAL_UNIT_ASSIGNED_CONTEXT((#9356,#9357,#9358)) REPRESENTATION_CONTEXT
('Context #1','3D Context with UNIT and UNCERTAINTY') );
#9356 = ( LENGTH_UNIT() NAMED_UNIT(*) SI_UNIT(.MILLI.,.METRE.) );
#9357 = ( NAMED_UNIT(*) PLANE_ANGLE_UNIT() SI_UNIT($,.RADIAN.) );
#9358 = ( NAMED_UNIT(*) SI_UNIT($,.STERADIAN.) SOLID_ANGLE_UNIT() );
#9359 = UNCERTAINTY_MEASURE_WITH_UNIT(LENGTH_MEASURE(1.E-07),#9356,
  'distance_accuracy_value','confusion accuracy');
#9360 = CONTEXT_DEPENDENT_SHAPE_REPRESENTATION(#9361,#9363);
#9361 = ( REPRESENTATION_RELATIONSHIP('','',#6960,#10)
REPRESENTATION_RELATIONSHIP_WITH_TRANSFORMATION(#9362)
SHAPE_REPRESENTATION_RELATIONSHIP() );
#9362 = ITEM_DEFINED_TRANSFORMATION('','',#11,#79);
#9363 = PRODUCT_DEFINITION_SHAPE('Placement','Placement of an item',
  #9364);
#9364 = NEXT_ASSEMBLY_USAGE_OCCURRENCE('17','','',#5,#6955,$);
#9365 = PRODUCT_RELATED_PRODUCT_CATEGORY('part',$,(#6957));
#9366 = SHAPE_DEFINITION_REPRESENTATION(#9367,#9373);
#9367 = PRODUCT_DEFINITION_SHAPE('','',#9368);
#9368 = PRODUCT_DEFINITION('design','',#9369,#9372);
#9369 = PRODUCT_DEFINITION_FORMATION('','',#9370);
#9370 = PRODUCT('Open CASCADE STEP translator 7.8 20.18',
  'Open CASCADE STEP translator 7.8 20.18','',(#9371));
#9371 = PRODUCT_CONTEXT('',#2,'mechanical');
#9372 = PRODUCT_DEFINITION_CONTEXT('part definition',#2,'design');
#9373 = ADVANCED_BREP_SHAPE_REPRESENTATION('',(#11,#9374),#9800);
#9374 = MANIFOLD_SOLID_BREP('',#9375);
#9375 = CLOSED_SHELL('',(#9376,#9584,#9660,#9709,#9758,#9762,#9789,#9793
    ));
#9376 = ADVANCED_FACE('',(#9377,#9464),#9390,.T.);
#9377 = FACE_BOUND('',#9378,.F.);
#9378 = EDGE_LOOP('',(#9379,#9413,#9436,#9463));
#9379 = ORIENTED_EDGE('',*,*,#9380,.T.);
#9380 = EDGE_CURVE('',#9381,#9381,#9383,.T.);
#9381 = VERTEX_POINT('',#9382);
#9382 = CARTESIAN_POINT('',(-196.5,-62.,70.));
#9383 = SURFACE_CURVE('',#9384,(#9389,#9401),.PCURVE_S1.);
#9384 = CIRCLE('',#9385,8.5);
#9385 = AXIS2_PLACEMENT_3D('',#9386,#9387,#9388);
#9386 = CARTESIAN_POINT('',(-205.,-62.,70.));
#9387 = DIRECTION('',(0.,-1.,0.));
#9388 = DIRECTION('',(1.,0.,0.));
#9389 = PCURVE('',#9390,#9395);
#9390 = CYLINDRICAL_SURFACE('',#9391,8.5);
#9391 = AXIS2_PLACEMENT_3D('',#9392,#9393,#9394);
#9392 = CARTESIAN_POINT('',(-205.,-10.,70.));
#9393 = DIRECTION('',(-0.,1.,-0.));
#9394 = DIRECTION('',(1.,0.,0.));
#9395 = DEFINITIONAL_REPRESENTATION('',(#9396),#9400);
#9396 = LINE('',#9397,#9398);
#9397 = CARTESIAN_POINT('',(-0.,-52.));
#9398 = VECTOR('',#9399,1.);
#9399 = DIRECTION('',(-1.,0.));
#9400 = ( GEOMETRIC_REPRESENTATION_CONTEXT(2)
PARAMETRIC_REPRESENTATION_CONTEXT() REPRESENTATION_CONTEXT('2D SPACE',''
  ) );
#9401 = PCURVE('',#9402,#9407);
#9402 = PLANE('',#9403);
#9403 = AXIS2_PLACEMENT_3D('',#9404,#9405,#9406);
#9404 = CARTESIAN_POINT('',(-205.,-62.,70.));
#9405 = DIRECTION('',(-0.,-1.,-0.));
#9406 = DIRECTION('',(0.,0.,-1.));
#9407 = DEFINITIONAL_REPRESENTATION('',(#9408),#9412);
#9408 = CIRCLE('',#9409,8.5);
#9409 = AXIS2_PLACEMENT_2D('',#9410,#9411);
#9410 = CARTESIAN_POINT('',(0.,0.));
#9411 = DIRECTION('',(0.,1.));
#9412 = ( GEOMETRIC_REPRESENTATION_CONTEXT(2)
PARAMETRIC_REPRESENTATION_CONTEXT() REPRESENTATION_CONTEXT('2D SPACE',''
  ) );
#9413 = ORIENTED_EDGE('',*,*,#9414,.F.);
#9414 = EDGE_CURVE('',#9415,#9381,#9417,.T.);
#9415 = VERTEX_POINT('',#9416);
#9416 = CARTESIAN_POINT('',(-196.5,42.,70.));
#9417 = SEAM_CURVE('',#9418,(#9422,#9429),.PCURVE_S1.);
#9418 = LINE('',#9419,#9420);
#9419 = CARTESIAN_POINT('',(-196.5,42.,70.));
#9420 = VECTOR('',#9421,1.);
#9421 = DIRECTION('',(0.,-1.,0.));
#9422 = PCURVE('',#9390,#9423);
#9423 = DEFINITIONAL_REPRESENTATION('',(#9424),#9428);
#9424 = LINE('',#9425,#9426);
#9425 = CARTESIAN_POINT('',(-6.28318530718,52.));
#9426 = VECTOR('',#9427,1.);
#9427 = DIRECTION('',(-0.,-1.));
#9428 = ( GEOMETRIC_REPRESENTATION_CONTEXT(2)
PARAMETRIC_REPRESENTATION_CONTEXT() REPRESENTATION_CONTEXT('2D SPACE',''
  ) );
#9429 = PCURVE('',#9390,#9430);
#9430 = DEFINITIONAL_REPRESENTATION('',(#9431),#9435);
#9431 = LINE('',#9432,#9433);
#9432 = CARTESIAN_POINT('',(-0.,52.));
#9433 = VECTOR('',#9434,1.);
#9434 = DIRECTION('',(-0.,-1.));
#9435 = ( GEOMETRIC_REPRESENTATION_CONTEXT(2)
PARAMETRIC_REPRESENTATION_CONTEXT() REPRESENTATION_CONTEXT('2D SPACE',''
  ) );
#9436 = ORIENTED_EDGE('',*,*,#9437,.F.);
#9437 = EDGE_CURVE('',#9415,#9415,#9438,.T.);
#9438 = SURFACE_CURVE('',#9439,(#9444,#9451),.PCURVE_S1.);
#9439 = CIRCLE('',#9440,8.5);
#9440 = AXIS2_PLACEMENT_3D('',#9441,#9442,#9443);
#9441 = CARTESIAN_POINT('',(-205.,42.,70.));
#9442 = DIRECTION('',(0.,-1.,0.));
#9443 = DIRECTION('',(1.,0.,0.));
#9444 = PCURVE('',#9390,#9445);
#9445 = DEFINITIONAL_REPRESENTATION('',(#9446),#9450);
#9446 = LINE('',#9447,#9448);
#9447 = CARTESIAN_POINT('',(0.,52.));
#9448 = VECTOR('',#9449,1.);
#9449 = DIRECTION('',(-1.,-0.));
#9450 = ( GEOMETRIC_REPRESENTATION_CONTEXT(2)
PARAMETRIC_REPRESENTATION_CONTEXT() REPRESENTATION_CONTEXT('2D SPACE',''
  ) );
#9451 = PCURVE('',#9452,#9457);
#9452 = PLANE('',#9453);
#9453 = AXIS2_PLACEMENT_3D('',#9454,#9455,#9456);
#9454 = CARTESIAN_POINT('',(-205.,42.,70.));
#9455 = DIRECTION('',(-0.,-1.,-0.));
#9456 = DIRECTION('',(0.,0.,-1.));
#9457 = DEFINITIONAL_REPRESENTATION('',(#9458),#9462);
#9458 = CIRCLE('',#9459,8.5);
#9459 = AXIS2_PLACEMENT_2D('',#9460,#9461);
#9460 = CARTESIAN_POINT('',(0.,0.));
#9461 = DIRECTION('',(0.,1.));
#9462 = ( GEOMETRIC_REPRESENTATION_CONTEXT(2)
PARAMETRIC_REPRESENTATION_CONTEXT() REPRESENTATION_CONTEXT('2D SPACE',''
  ) );
#9463 = ORIENTED_EDGE('',*,*,#9414,.T.);
#9464 = FACE_BOUND('',#9465,.F.);
#9465 = EDGE_LOOP('',(#9466,#9496,#9525,#9553));
#9466 = ORIENTED_EDGE('',*,*,#9467,.F.);
#9467 = EDGE_CURVE('',#9468,#9470,#9472,.T.);
#9468 = VERTEX_POINT('',#9469);
#9469 = CARTESIAN_POINT('',(-202.5,5.,78.124038404636));
#9470 = VERTEX_POINT('',#9471);
#9471 = CARTESIAN_POINT('',(-202.5,-25.,78.124038404636));
#9472 = SURFACE_CURVE('',#9473,(#9477,#9484),.PCURVE_S1.);
#9473 = LINE('',#9474,#9475);
#9474 = CARTESIAN_POINT('',(-202.5,5.,78.124038404636));
#9475 = VECTOR('',#9476,1.);
#9476 = DIRECTION('',(0.,-1.,0.));
#9477 = PCURVE('',#9390,#9478);
#9478 = DEFINITIONAL_REPRESENTATION('',(#9479),#9483);
#9479 = LINE('',#9480,#9481);
#9480 = CARTESIAN_POINT('',(-1.27226412561,15.));
#9481 = VECTOR('',#9482,1.);
#9482 = DIRECTION('',(-0.,-1.));
#9483 = ( GEOMETRIC_REPRESENTATION_CONTEXT(2)
PARAMETRIC_REPRESENTATION_CONTEXT() REPRESENTATION_CONTEXT('2D SPACE',''
  ) );
#9484 = PCURVE('',#9485,#9490);
#9485 = PLANE('',#9486);
#9486 = AXIS2_PLACEMENT_3D('',#9487,#9488,#9489);
#9487 = CARTESIAN_POINT('',(-202.5,-25.,76.));
#9488 = DIRECTION('',(1.,0.,0.));
#9489 = DIRECTION('',(0.,0.,1.));
#9490 = DEFINITIONAL_REPRESENTATION('',(#9491),#9495);
#9491 = LINE('',#9492,#9493);
#9492 = CARTESIAN_POINT('',(2.124038404636,-30.));
#9493 = VECTOR('',#9494,1.);
#9494 = DIRECTION('',(0.,1.));
#9495 = ( GEOMETRIC_REPRESENTATION_CONTEXT(2)
PARAMETRIC_REPRESENTATION_CONTEXT() REPRESENTATION_CONTEXT('2D SPACE',''
  ) );
#9496 = ORIENTED_EDGE('',*,*,#9497,.F.);
#9497 = EDGE_CURVE('',#9498,#9468,#9500,.T.);
#9498 = VERTEX_POINT('',#9499);
#9499 = CARTESIAN_POINT('',(-207.5,5.,78.124038404636));
#9500 = SURFACE_CURVE('',#9501,(#9506,#9513),.PCURVE_S1.);
#9501 = CIRCLE('',#9502,8.5);
#9502 = AXIS2_PLACEMENT_3D('',#9503,#9504,#9505);
#9503 = CARTESIAN_POINT('',(-205.,5.,70.));
#9504 = DIRECTION('',(0.,1.,-0.));
#9505 = DIRECTION('',(-0.294117647059,0.,0.955769224075));
#9506 = PCURVE('',#9390,#9507);
#9507 = DEFINITIONAL_REPRESENTATION('',(#9508),#9512);
#9508 = LINE('',#9509,#9510);
#9509 = CARTESIAN_POINT('',(-1.86932852798,15.));
#9510 = VECTOR('',#9511,1.);
#9511 = DIRECTION('',(1.,-0.));
#9512 = ( GEOMETRIC_REPRESENTATION_CONTEXT(2)
PARAMETRIC_REPRESENTATION_CONTEXT() REPRESENTATION_CONTEXT('2D SPACE',''
  ) );
#9513 = PCURVE('',#9514,#9519);
#9514 = PLANE('',#9515);
#9515 = AXIS2_PLACEMENT_3D('',#9516,#9517,#9518);
#9516 = CARTESIAN_POINT('',(-207.5,5.,76.));
#9517 = DIRECTION('',(0.,1.,0.));
#9518 = DIRECTION('',(0.,0.,1.));
#9519 = DEFINITIONAL_REPRESENTATION('',(#9520),#9524);
#9520 = CIRCLE('',#9521,8.5);
#9521 = AXIS2_PLACEMENT_2D('',#9522,#9523);
#9522 = CARTESIAN_POINT('',(-6.,2.5));
#9523 = DIRECTION('',(0.955769224075,-0.294117647059));
#9524 = ( GEOMETRIC_REPRESENTATION_CONTEXT(2)
PARAMETRIC_REPRESENTATION_CONTEXT() REPRESENTATION_CONTEXT('2D SPACE',''
  ) );
#9525 = ORIENTED_EDGE('',*,*,#9526,.F.);
#9526 = EDGE_CURVE('',#9527,#9498,#9529,.T.);
#9527 = VERTEX_POINT('',#9528);
#9528 = CARTESIAN_POINT('',(-207.5,-25.,78.124038404636));
#9529 = SURFACE_CURVE('',#9530,(#9534,#9541),.PCURVE_S1.);
#9530 = LINE('',#9531,#9532);
#9531 = CARTESIAN_POINT('',(-207.5,-25.,78.124038404636));
#9532 = VECTOR('',#9533,1.);
#9533 = DIRECTION('',(0.,1.,0.));
#9534 = PCURVE('',#9390,#9535);
#9535 = DEFINITIONAL_REPRESENTATION('',(#9536),#9540);
#9536 = LINE('',#9537,#9538);
#9537 = CARTESIAN_POINT('',(-1.86932852798,-15.));
#9538 = VECTOR('',#9539,1.);
#9539 = DIRECTION('',(-0.,1.));
#9540 = ( GEOMETRIC_REPRESENTATION_CONTEXT(2)
PARAMETRIC_REPRESENTATION_CONTEXT() REPRESENTATION_CONTEXT('2D SPACE',''
  ) );
#9541 = PCURVE('',#9542,#9547);
#9542 = PLANE('',#9543);
#9543 = AXIS2_PLACEMENT_3D('',#9544,#9545,#9546);
#9544 = CARTESIAN_POINT('',(-207.5,-25.,76.));
#9545 = DIRECTION('',(1.,0.,0.));
#9546 = DIRECTION('',(0.,0.,1.));
#9547 = DEFINITIONAL_REPRESENTATION('',(#9548),#9552);
#9548 = LINE('',#9549,#9550);
#9549 = CARTESIAN_POINT('',(2.124038404636,0.));
#9550 = VECTOR('',#9551,1.);
#9551 = DIRECTION('',(0.,-1.));
#9552 = ( GEOMETRIC_REPRESENTATION_CONTEXT(2)
PARAMETRIC_REPRESENTATION_CONTEXT() REPRESENTATION_CONTEXT('2D SPACE',''
  ) );
#9553 = ORIENTED_EDGE('',*,*,#9554,.F.);
#9554 = EDGE_CURVE('',#9470,#9527,#9555,.T.);
#9555 = SURFACE_CURVE('',#9556,(#9561,#9568),.PCURVE_S1.);
#9556 = CIRCLE('',#9557,8.5);
#9557 = AXIS2_PLACEMENT_3D('',#9558,#9559,#9560);
#9558 = CARTESIAN_POINT('',(-205.,-25.,70.));
#9559 = DIRECTION('',(0.,-1.,0.));
#9560 = DIRECTION('',(0.294117647059,0.,0.955769224075));
#9561 = PCURVE('',#9390,#9562);
#9562 = DEFINITIONAL_REPRESENTATION('',(#9563),#9567);
#9563 = LINE('',#9564,#9565);
#9564 = CARTESIAN_POINT('',(-1.27226412561,-15.));
#9565 = VECTOR('',#9566,1.);
#9566 = DIRECTION('',(-1.,-0.));
#9567 = ( GEOMETRIC_REPRESENTATION_CONTEXT(2)
PARAMETRIC_REPRESENTATION_CONTEXT() REPRESENTATION_CONTEXT('2D SPACE',''
  ) );
#9568 = PCURVE('',#9569,#9574);
#9569 = PLANE('',#9570);
#9570 = AXIS2_PLACEMENT_3D('',#9571,#9572,#9573);
#9571 = CARTESIAN_POINT('',(-207.5,-25.,76.));
#9572 = DIRECTION('',(0.,1.,0.));
#9573 = DIRECTION('',(0.,0.,1.));
#9574 = DEFINITIONAL_REPRESENTATION('',(#9575),#9583);
#9575 = ( BOUNDED_CURVE() B_SPLINE_CURVE(2,(#9576,#9577,#9578,#9579,
#9580,#9581,#9582),.UNSPECIFIED.,.T.,.F.) B_SPLINE_CURVE_WITH_KNOTS((1,2
    ,2,2,2,1),(-2.094395102393,0.,2.094395102393,4.188790204786,
6.28318530718,8.377580409573),.UNSPECIFIED.) CURVE()
GEOMETRIC_REPRESENTATION_ITEM() RATIONAL_B_SPLINE_CURVE((1.,0.5,1.,0.5,
1.,0.5,1.)) REPRESENTATION_ITEM('') );
#9576 = CARTESIAN_POINT('',(2.124038404636,5.));
#9577 = CARTESIAN_POINT('',(6.454165423558,-9.07124727947));
#9578 = CARTESIAN_POINT('',(-7.896955692857,-5.785623639735));
#9579 = CARTESIAN_POINT('',(-22.24807680927,-2.5));
#9580 = CARTESIAN_POINT('',(-12.22708271177,8.285623639735));
#9581 = CARTESIAN_POINT('',(-2.206088614286,19.07124727947));
#9582 = CARTESIAN_POINT('',(2.124038404636,5.));
#9583 = ( GEOMETRIC_REPRESENTATION_CONTEXT(2)
PARAMETRIC_REPRESENTATION_CONTEXT() REPRESENTATION_CONTEXT('2D SPACE',''
  ) );
#9584 = ADVANCED_FACE('',(#9585),#9485,.F.);
#9585 = FACE_BOUND('',#9586,.F.);
#9586 = EDGE_LOOP('',(#9587,#9610,#9638,#9659));
#9587 = ORIENTED_EDGE('',*,*,#9588,.F.);
#9588 = EDGE_CURVE('',#9589,#9470,#9591,.T.);
#9589 = VERTEX_POINT('',#9590);
#9590 = CARTESIAN_POINT('',(-202.5,-25.,76.));
#9591 = SURFACE_CURVE('',#9592,(#9596,#9603),.PCURVE_S1.);
#9592 = LINE('',#9593,#9594);
#9593 = CARTESIAN_POINT('',(-202.5,-25.,76.));
#9594 = VECTOR('',#9595,1.);
#9595 = DIRECTION('',(0.,0.,1.));
#9596 = PCURVE('',#9485,#9597);
#9597 = DEFINITIONAL_REPRESENTATION('',(#9598),#9602);
#9598 = LINE('',#9599,#9600);
#9599 = CARTESIAN_POINT('',(0.,0.));
#9600 = VECTOR('',#9601,1.);
#9601 = DIRECTION('',(1.,0.));
#9602 = ( GEOMETRIC_REPRESENTATION_CONTEXT(2)
PARAMETRIC_REPRESENTATION_CONTEXT() REPRESENTATION_CONTEXT('2D SPACE',''
  ) );
#9603 = PCURVE('',#9569,#9604);
#9604 = DEFINITIONAL_REPRESENTATION('',(#9605),#9609);
#9605 = LINE('',#9606,#9607);
#9606 = CARTESIAN_POINT('',(0.,5.));
#9607 = VECTOR('',#9608,1.);
#9608 = DIRECTION('',(1.,0.));
#9609 = ( GEOMETRIC_REPRESENTATION_CONTEXT(2)
PARAMETRIC_REPRESENTATION_CONTEXT() REPRESENTATION_CONTEXT('2D SPACE',''
  ) );
#9610 = ORIENTED_EDGE('',*,*,#9611,.T.);
#9611 = EDGE_CURVE('',#9589,#9612,#9614,.T.);
#9612 = VERTEX_POINT('',#9613);
#9613 = CARTESIAN_POINT('',(-202.5,5.,76.));
#9614 = SURFACE_CURVE('',#9615,(#9619,#9626),.PCURVE_S1.);
#9615 = LINE('',#9616,#9617);
#9616 = CARTESIAN_POINT('',(-202.5,-25.,76.));
#9617 = VECTOR('',#9618,1.);
#9618 = DIRECTION('',(0.,1.,0.));
#9619 = PCURVE('',#9485,#9620);
#9620 = DEFINITIONAL_REPRESENTATION('',(#9621),#9625);
#9621 = LINE('',#9622,#9623);
#9622 = CARTESIAN_POINT('',(0.,0.));
#9623 = VECTOR('',#9624,1.);
#9624 = DIRECTION('',(0.,-1.));
#9625 = ( GEOMETRIC_REPRESENTATION_CONTEXT(2)
PARAMETRIC_REPRESENTATION_CONTEXT() REPRESENTATION_CONTEXT('2D SPACE',''
  ) );
#9626 = PCURVE('',#9627,#9632);
#9627 = PLANE('',#9628);
#9628 = AXIS2_PLACEMENT_3D('',#9629,#9630,#9631);
#9629 = CARTESIAN_POINT('',(-207.5,-25.,76.));
#9630 = DIRECTION('',(0.,0.,1.));
#9631 = DIRECTION('',(1.,0.,0.));
#9632 = DEFINITIONAL_REPRESENTATION('',(#9633),#9637);
#9633 = LINE('',#9634,#9635);
#9634 = CARTESIAN_POINT('',(5.,0.));
#9635 = VECTOR('',#9636,1.);
#9636 = DIRECTION('',(0.,1.));
#9637 = ( GEOMETRIC_REPRESENTATION_CONTEXT(2)
PARAMETRIC_REPRESENTATION_CONTEXT() REPRESENTATION_CONTEXT('2D SPACE',''
  ) );
#9638 = ORIENTED_EDGE('',*,*,#9639,.T.);
#9639 = EDGE_CURVE('',#9612,#9468,#9640,.T.);
#9640 = SURFACE_CURVE('',#9641,(#9645,#9652),.PCURVE_S1.);
#9641 = LINE('',#9642,#9643);
#9642 = CARTESIAN_POINT('',(-202.5,5.,76.));
#9643 = VECTOR('',#9644,1.);
#9644 = DIRECTION('',(0.,0.,1.));
#9645 = PCURVE('',#9485,#9646);
#9646 = DEFINITIONAL_REPRESENTATION('',(#9647),#9651);
#9647 = LINE('',#9648,#9649);
#9648 = CARTESIAN_POINT('',(0.,-30.));
#9649 = VECTOR('',#9650,1.);
#9650 = DIRECTION('',(1.,0.));
#9651 = ( GEOMETRIC_REPRESENTATION_CONTEXT(2)
PARAMETRIC_REPRESENTATION_CONTEXT() REPRESENTATION_CONTEXT('2D SPACE',''
  ) );
#9652 = PCURVE('',#9514,#9653);
#9653 = DEFINITIONAL_REPRESENTATION('',(#9654),#9658);
#9654 = LINE('',#9655,#9656);
#9655 = CARTESIAN_POINT('',(0.,5.));
#9656 = VECTOR('',#9657,1.);
#9657 = DIRECTION('',(1.,0.));
#9658 = ( GEOMETRIC_REPRESENTATION_CONTEXT(2)
PARAMETRIC_REPRESENTATION_CONTEXT() REPRESENTATION_CONTEXT('2D SPACE',''
  ) );
#9659 = ORIENTED_EDGE('',*,*,#9467,.T.);
#9660 = ADVANCED_FACE('',(#9661),#9569,.T.);
#9661 = FACE_BOUND('',#9662,.T.);
#9662 = EDGE_LOOP('',(#9663,#9664,#9687,#9708));
#9663 = ORIENTED_EDGE('',*,*,#9588,.F.);
#9664 = ORIENTED_EDGE('',*,*,#9665,.F.);
#9665 = EDGE_CURVE('',#9666,#9589,#9668,.T.);
#9666 = VERTEX_POINT('',#9667);
#9667 = CARTESIAN_POINT('',(-207.5,-25.,76.));
#9668 = SURFACE_CURVE('',#9669,(#9673,#9680),.PCURVE_S1.);
#9669 = LINE('',#9670,#9671);
#9670 = CARTESIAN_POINT('',(-207.5,-25.,76.));
#9671 = VECTOR('',#9672,1.);
#9672 = DIRECTION('',(1.,0.,0.));
#9673 = PCURVE('',#9569,#9674);
#9674 = DEFINITIONAL_REPRESENTATION('',(#9675),#9679);
#9675 = LINE('',#9676,#9677);
#9676 = CARTESIAN_POINT('',(0.,0.));
#9677 = VECTOR('',#9678,1.);
#9678 = DIRECTION('',(0.,1.));
#9679 = ( GEOMETRIC_REPRESENTATION_CONTEXT(2)
PARAMETRIC_REPRESENTATION_CONTEXT() REPRESENTATION_CONTEXT('2D SPACE',''
  ) );
#9680 = PCURVE('',#9627,#9681);
#9681 = DEFINITIONAL_REPRESENTATION('',(#9682),#9686);
#9682 = LINE('',#9683,#9684);
#9683 = CARTESIAN_POINT('',(0.,0.));
#9684 = VECTOR('',#9685,1.);
#9685 = DIRECTION('',(1.,0.));
#9686 = ( GEOMETRIC_REPRESENTATION_CONTEXT(2)
PARAMETRIC_REPRESENTATION_CONTEXT() REPRESENTATION_CONTEXT('2D SPACE',''
  ) );
#9687 = ORIENTED_EDGE('',*,*,#9688,.T.);
#9688 = EDGE_CURVE('',#9666,#9527,#9689,.T.);
#9689 = SURFACE_CURVE('',#9690,(#9694,#9701),.PCURVE_S1.);
#9690 = LINE('',#9691,#9692);
#9691 = CARTESIAN_POINT('',(-207.5,-25.,76.));
#9692 = VECTOR('',#9693,1.);
#9693 = DIRECTION('',(0.,0.,1.));
#9694 = PCURVE('',#9569,#9695);
#9695 = DEFINITIONAL_REPRESENTATION('',(#9696),#9700);
#9696 = LINE('',#9697,#9698);
#9697 = CARTESIAN_POINT('',(0.,0.));
#9698 = VECTOR('',#9699,1.);
#9699 = DIRECTION('',(1.,0.));
#9700 = ( GEOMETRIC_REPRESENTATION_CONTEXT(2)
PARAMETRIC_REPRESENTATION_CONTEXT() REPRESENTATION_CONTEXT('2D SPACE',''
  ) );
#9701 = PCURVE('',#9542,#9702);
#9702 = DEFINITIONAL_REPRESENTATION('',(#9703),#9707);
#9703 = LINE('',#9704,#9705);
#9704 = CARTESIAN_POINT('',(0.,0.));
#9705 = VECTOR('',#9706,1.);
#9706 = DIRECTION('',(1.,0.));
#9707 = ( GEOMETRIC_REPRESENTATION_CONTEXT(2)
PARAMETRIC_REPRESENTATION_CONTEXT() REPRESENTATION_CONTEXT('2D SPACE',''
  ) );
#9708 = ORIENTED_EDGE('',*,*,#9554,.F.);
#9709 = ADVANCED_FACE('',(#9710),#9542,.T.);
#9710 = FACE_BOUND('',#9711,.T.);
#9711 = EDGE_LOOP('',(#9712,#9713,#9736,#9757));
#9712 = ORIENTED_EDGE('',*,*,#9688,.F.);
#9713 = ORIENTED_EDGE('',*,*,#9714,.T.);
#9714 = EDGE_CURVE('',#9666,#9715,#9717,.T.);
#9715 = VERTEX_POINT('',#9716);
#9716 = CARTESIAN_POINT('',(-207.5,5.,76.));
#9717 = SURFACE_CURVE('',#9718,(#9722,#9729),.PCURVE_S1.);
#9718 = LINE('',#9719,#9720);
#9719 = CARTESIAN_POINT('',(-207.5,-25.,76.));
#9720 = VECTOR('',#9721,1.);
#9721 = DIRECTION('',(0.,1.,0.));
#9722 = PCURVE('',#9542,#9723);
#9723 = DEFINITIONAL_REPRESENTATION('',(#9724),#9728);
#9724 = LINE('',#9725,#9726);
#9725 = CARTESIAN_POINT('',(0.,0.));
#9726 = VECTOR('',#9727,1.);
#9727 = DIRECTION('',(0.,-1.));
#9728 = ( GEOMETRIC_REPRESENTATION_CONTEXT(2)
PARAMETRIC_REPRESENTATION_CONTEXT() REPRESENTATION_CONTEXT('2D SPACE',''
  ) );
#9729 = PCURVE('',#9627,#9730);
#9730 = DEFINITIONAL_REPRESENTATION('',(#9731),#9735);
#9731 = LINE('',#9732,#9733);
#9732 = CARTESIAN_POINT('',(0.,0.));
#9733 = VECTOR('',#9734,1.);
#9734 = DIRECTION('',(0.,1.));
#9735 = ( GEOMETRIC_REPRESENTATION_CONTEXT(2)
PARAMETRIC_REPRESENTATION_CONTEXT() REPRESENTATION_CONTEXT('2D SPACE',''
  ) );
#9736 = ORIENTED_EDGE('',*,*,#9737,.T.);
#9737 = EDGE_CURVE('',#9715,#9498,#9738,.T.);
#9738 = SURFACE_CURVE('',#9739,(#9743,#9750),.PCURVE_S1.);
#9739 = LINE('',#9740,#9741);
#9740 = CARTESIAN_POINT('',(-207.5,5.,76.));
#9741 = VECTOR('',#9742,1.);
#9742 = DIRECTION('',(0.,0.,1.));
#9743 = PCURVE('',#9542,#9744);
#9744 = DEFINITIONAL_REPRESENTATION('',(#9745),#9749);
#9745 = LINE('',#9746,#9747);
#9746 = CARTESIAN_POINT('',(0.,-30.));
#9747 = VECTOR('',#9748,1.);
#9748 = DIRECTION('',(1.,0.));
#9749 = ( GEOMETRIC_REPRESENTATION_CONTEXT(2)
PARAMETRIC_REPRESENTATION_CONTEXT() REPRESENTATION_CONTEXT('2D SPACE',''
  ) );
#9750 = PCURVE('',#9514,#9751);
#9751 = DEFINITIONAL_REPRESENTATION('',(#9752),#9756);
#9752 = LINE('',#9753,#9754);
#9753 = CARTESIAN_POINT('',(0.,0.));
#9754 = VECTOR('',#9755,1.);
#9755 = DIRECTION('',(1.,0.));
#9756 = ( GEOMETRIC_REPRESENTATION_CONTEXT(2)
PARAMETRIC_REPRESENTATION_CONTEXT() REPRESENTATION_CONTEXT('2D SPACE',''
  ) );
#9757 = ORIENTED_EDGE('',*,*,#9526,.F.);
#9758 = ADVANCED_FACE('',(#9759),#9402,.T.);
#9759 = FACE_BOUND('',#9760,.T.);
#9760 = EDGE_LOOP('',(#9761));
#9761 = ORIENTED_EDGE('',*,*,#9380,.T.);
#9762 = ADVANCED_FACE('',(#9763),#9514,.F.);
#9763 = FACE_BOUND('',#9764,.F.);
#9764 = EDGE_LOOP('',(#9765,#9766,#9787,#9788));
#9765 = ORIENTED_EDGE('',*,*,#9639,.F.);
#9766 = ORIENTED_EDGE('',*,*,#9767,.F.);
#9767 = EDGE_CURVE('',#9715,#9612,#9768,.T.);
#9768 = SURFACE_CURVE('',#9769,(#9773,#9780),.PCURVE_S1.);
#9769 = LINE('',#9770,#9771);
#9770 = CARTESIAN_POINT('',(-207.5,5.,76.));
#9771 = VECTOR('',#9772,1.);
#9772 = DIRECTION('',(1.,0.,0.));
#9773 = PCURVE('',#9514,#9774);
#9774 = DEFINITIONAL_REPRESENTATION('',(#9775),#9779);
#9775 = LINE('',#9776,#9777);
#9776 = CARTESIAN_POINT('',(0.,0.));
#9777 = VECTOR('',#9778,1.);
#9778 = DIRECTION('',(0.,1.));
#9779 = ( GEOMETRIC_REPRESENTATION_CONTEXT(2)
PARAMETRIC_REPRESENTATION_CONTEXT() REPRESENTATION_CONTEXT('2D SPACE',''
  ) );
#9780 = PCURVE('',#9627,#9781);
#9781 = DEFINITIONAL_REPRESENTATION('',(#9782),#9786);
#9782 = LINE('',#9783,#9784);
#9783 = CARTESIAN_POINT('',(0.,30.));
#9784 = VECTOR('',#9785,1.);
#9785 = DIRECTION('',(1.,0.));
#9786 = ( GEOMETRIC_REPRESENTATION_CONTEXT(2)
PARAMETRIC_REPRESENTATION_CONTEXT() REPRESENTATION_CONTEXT('2D SPACE',''
  ) );
#9787 = ORIENTED_EDGE('',*,*,#9737,.T.);
#9788 = ORIENTED_EDGE('',*,*,#9497,.T.);
#9789 = ADVANCED_FACE('',(#9790),#9452,.F.);
#9790 = FACE_BOUND('',#9791,.F.);
#9791 = EDGE_LOOP('',(#9792));
#9792 = ORIENTED_EDGE('',*,*,#9437,.T.);
#9793 = ADVANCED_FACE('',(#9794),#9627,.T.);
#9794 = FACE_BOUND('',#9795,.T.);
#9795 = EDGE_LOOP('',(#9796,#9797,#9798,#9799));
#9796 = ORIENTED_EDGE('',*,*,#9714,.F.);
#9797 = ORIENTED_EDGE('',*,*,#9665,.T.);
#9798 = ORIENTED_EDGE('',*,*,#9611,.T.);
#9799 = ORIENTED_EDGE('',*,*,#9767,.F.);
#9800 = ( GEOMETRIC_REPRESENTATION_CONTEXT(3)
GLOBAL_UNCERTAINTY_ASSIGNED_CONTEXT((#9804))
GLOBAL_UNIT_ASSIGNED_CONTEXT((#9801,#9802,#9803)) REPRESENTATION_CONTEXT
('Context #1','3D Context with UNIT and UNCERTAINTY') );
#9801 = ( LENGTH_UNIT() NAMED_UNIT(*) SI_UNIT(.MILLI.,.METRE.) );
#9802 = ( NAMED_UNIT(*) PLANE_ANGLE_UNIT() SI_UNIT($,.RADIAN.) );
#9803 = ( NAMED_UNIT(*) SI_UNIT($,.STERADIAN.) SOLID_ANGLE_UNIT() );
#9804 = UNCERTAINTY_MEASURE_WITH_UNIT(LENGTH_MEASURE(1.E-07),#9801,
  'distance_accuracy_value','confusion accuracy');
#9805 = CONTEXT_DEPENDENT_SHAPE_REPRESENTATION(#9806,#9808);
#9806 = ( REPRESENTATION_RELATIONSHIP('','',#9373,#10)
REPRESENTATION_RELATIONSHIP_WITH_TRANSFORMATION(#9807)
SHAPE_REPRESENTATION_RELATIONSHIP() );
#9807 = ITEM_DEFINED_TRANSFORMATION('','',#11,#83);
#9808 = PRODUCT_DEFINITION_SHAPE('Placement','Placement of an item',
  #9809);
#9809 = NEXT_ASSEMBLY_USAGE_OCCURRENCE('18','','',#5,#9368,$);
#9810 = PRODUCT_RELATED_PRODUCT_CATEGORY('part',$,(#9370));
#9811 = SHAPE_DEFINITION_REPRESENTATION(#9812,#9818);
#9812 = PRODUCT_DEFINITION_SHAPE('','',#9813);
#9813 = PRODUCT_DEFINITION('design','',#9814,#9817);
#9814 = PRODUCT_DEFINITION_FORMATION('','',#9815);
#9815 = PRODUCT('Open CASCADE STEP translator 7.8 20.19',
  'Open CASCADE STEP translator 7.8 20.19','',(#9816));
#9816 = PRODUCT_CONTEXT('',#2,'mechanical');
#9817 = PRODUCT_DEFINITION_CONTEXT('part definition',#2,'design');
#9818 = ADVANCED_BREP_SHAPE_REPRESENTATION('',(#11,#9819),#10149);
#9819 = MANIFOLD_SOLID_BREP('',#9820);
#9820 = CLOSED_SHELL('',(#9821,#9941,#10041,#10088,#10135,#10142));
#9821 = ADVANCED_FACE('',(#9822),#9836,.F.);
#9822 = FACE_BOUND('',#9823,.F.);
#9823 = EDGE_LOOP('',(#9824,#9859,#9887,#9915));
#9824 = ORIENTED_EDGE('',*,*,#9825,.F.);
#9825 = EDGE_CURVE('',#9826,#9828,#9830,.T.);
#9826 = VERTEX_POINT('',#9827);
#9827 = CARTESIAN_POINT('',(-207.5,-25.,77.25));
#9828 = VERTEX_POINT('',#9829);
#9829 = CARTESIAN_POINT('',(-207.5,-25.,82.25));
#9830 = SURFACE_CURVE('',#9831,(#9835,#9847),.PCURVE_S1.);
#9831 = LINE('',#9832,#9833);
#9832 = CARTESIAN_POINT('',(-207.5,-25.,77.25));
#9833 = VECTOR('',#9834,1.);
#9834 = DIRECTION('',(0.,0.,1.));
#9835 = PCURVE('',#9836,#9841);
#9836 = PLANE('',#9837);
#9837 = AXIS2_PLACEMENT_3D('',#9838,#9839,#9840);
#9838 = CARTESIAN_POINT('',(-207.5,-25.,77.25));
#9839 = DIRECTION('',(1.,0.,0.));
#9840 = DIRECTION('',(0.,0.,1.));
#9841 = DEFINITIONAL_REPRESENTATION('',(#9842),#9846);
#9842 = LINE('',#9843,#9844);
#9843 = CARTESIAN_POINT('',(0.,0.));
#9844 = VECTOR('',#9845,1.);
#9845 = DIRECTION('',(1.,0.));
#9846 = ( GEOMETRIC_REPRESENTATION_CONTEXT(2)
PARAMETRIC_REPRESENTATION_CONTEXT() REPRESENTATION_CONTEXT('2D SPACE',''
  ) );
#9847 = PCURVE('',#9848,#9853);
#9848 = PLANE('',#9849);
#9849 = AXIS2_PLACEMENT_3D('',#9850,#9851,#9852);
#9850 = CARTESIAN_POINT('',(-207.5,-25.,77.25));
#9851 = DIRECTION('',(0.,1.,0.));
#9852 = DIRECTION('',(0.,0.,1.));
#9853 = DEFINITIONAL_REPRESENTATION('',(#9854),#9858);
#9854 = LINE('',#9855,#9856);
#9855 = CARTESIAN_POINT('',(0.,0.));
#9856 = VECTOR('',#9857,1.);
#9857 = DIRECTION('',(1.,0.));
#9858 = ( GEOMETRIC_REPRESENTATION_CONTEXT(2)
PARAMETRIC_REPRESENTATION_CONTEXT() REPRESENTATION_CONTEXT('2D SPACE',''
  ) );
#9859 = ORIENTED_EDGE('',*,*,#9860,.T.);
#9860 = EDGE_CURVE('',#9826,#9861,#9863,.T.);
#9861 = VERTEX_POINT('',#9862);
#9862 = CARTESIAN_POINT('',(-207.5,5.,77.25));
#9863 = SURFACE_CURVE('',#9864,(#9868,#9875),.PCURVE_S1.);
#9864 = LINE('',#9865,#9866);
#9865 = CARTESIAN_POINT('',(-207.5,-25.,77.25));
#9866 = VECTOR('',#9867,1.);
#9867 = DIRECTION('',(0.,1.,0.));
#9868 = PCURVE('',#9836,#9869);
#9869 = DEFINITIONAL_REPRESENTATION('',(#9870),#9874);
#9870 = LINE('',#9871,#9872);
#9871 = CARTESIAN_POINT('',(0.,0.));
#9872 = VECTOR('',#9873,1.);
#9873 = DIRECTION('',(0.,-1.));
#9874 = ( GEOMETRIC_REPRESENTATION_CONTEXT(2)
PARAMETRIC_REPRESENTATION_CONTEXT() REPRESENTATION_CONTEXT('2D SPACE',''
  ) );
#9875 = PCURVE('',#9876,#9881);
#9876 = PLANE('',#9877);
#9877 = AXIS2_PLACEMENT_3D('',#9878,#9879,#9880);
#9878 = CARTESIAN_POINT('',(-207.5,-25.,77.25));
#9879 = DIRECTION('',(0.,0.,1.));
#9880 = DIRECTION('',(1.,0.,0.));
#9881 = DEFINITIONAL_REPRESENTATION('',(#9882),#9886);
#9882 = LINE('',#9883,#9884);
#9883 = CARTESIAN_POINT('',(0.,0.));
#9884 = VECTOR('',#9885,1.);
#9885 = DIRECTION('',(0.,1.));
#9886 = ( GEOMETRIC_REPRESENTATION_CONTEXT(2)
PARAMETRIC_REPRESENTATION_CONTEXT() REPRESENTATION_CONTEXT('2D SPACE',''
  ) );
#9887 = ORIENTED_EDGE('',*,*,#9888,.T.);
#9888 = EDGE_CURVE('',#9861,#9889,#9891,.T.);
#9889 = VERTEX_POINT('',#9890);
#9890 = CARTESIAN_POINT('',(-207.5,5.,82.25));
#9891 = SURFACE_CURVE('',#9892,(#9896,#9903),.PCURVE_S1.);
#9892 = LINE('',#9893,#9894);
#9893 = CARTESIAN_POINT('',(-207.5,5.,77.25));
#9894 = VECTOR('',#9895,1.);
#9895 = DIRECTION('',(0.,0.,1.));
#9896 = PCURVE('',#9836,#9897);
#9897 = DEFINITIONAL_REPRESENTATION('',(#9898),#9902);
#9898 = LINE('',#9899,#9900);
#9899 = CARTESIAN_POINT('',(0.,-30.));
#9900 = VECTOR('',#9901,1.);
#9901 = DIRECTION('',(1.,0.));
#9902 = ( GEOMETRIC_REPRESENTATION_CONTEXT(2)
PARAMETRIC_REPRESENTATION_CONTEXT() REPRESENTATION_CONTEXT('2D SPACE',''
  ) );
#9903 = PCURVE('',#9904,#9909);
#9904 = PLANE('',#9905);
#9905 = AXIS2_PLACEMENT_3D('',#9906,#9907,#9908);
#9906 = CARTESIAN_POINT('',(-207.5,5.,77.25));
#9907 = DIRECTION('',(0.,1.,0.));
#9908 = DIRECTION('',(0.,0.,1.));
#9909 = DEFINITIONAL_REPRESENTATION('',(#9910),#9914);
#9910 = LINE('',#9911,#9912);
#9911 = CARTESIAN_POINT('',(0.,0.));
#9912 = VECTOR('',#9913,1.);
#9913 = DIRECTION('',(1.,0.));
#9914 = ( GEOMETRIC_REPRESENTATION_CONTEXT(2)
PARAMETRIC_REPRESENTATION_CONTEXT() REPRESENTATION_CONTEXT('2D SPACE',''
  ) );
#9915 = ORIENTED_EDGE('',*,*,#9916,.F.);
#9916 = EDGE_CURVE('',#9828,#9889,#9917,.T.);
#9917 = SURFACE_CURVE('',#9918,(#9922,#9929),.PCURVE_S1.);
#9918 = LINE('',#9919,#9920);
#9919 = CARTESIAN_POINT('',(-207.5,-25.,82.25));
#9920 = VECTOR('',#9921,1.);
#9921 = DIRECTION('',(0.,1.,0.));
#9922 = PCURVE('',#9836,#9923);
#9923 = DEFINITIONAL_REPRESENTATION('',(#9924),#9928);
#9924 = LINE('',#9925,#9926);
#9925 = CARTESIAN_POINT('',(5.,0.));
#9926 = VECTOR('',#9927,1.);
#9927 = DIRECTION('',(0.,-1.));
#9928 = ( GEOMETRIC_REPRESENTATION_CONTEXT(2)
PARAMETRIC_REPRESENTATION_CONTEXT() REPRESENTATION_CONTEXT('2D SPACE',''
  ) );
#9929 = PCURVE('',#9930,#9935);
#9930 = PLANE('',#9931);
#9931 = AXIS2_PLACEMENT_3D('',#9932,#9933,#9934);
#9932 = CARTESIAN_POINT('',(-207.5,-25.,82.25));
#9933 = DIRECTION('',(0.,0.,1.));
#9934 = DIRECTION('',(1.,0.,0.));
#9935 = DEFINITIONAL_REPRESENTATION('',(#9936),#9940);
#9936 = LINE('',#9937,#9938);
#9937 = CARTESIAN_POINT('',(0.,0.));
#9938 = VECTOR('',#9939,1.);
#9939 = DIRECTION('',(0.,1.));
#9940 = ( GEOMETRIC_REPRESENTATION_CONTEXT(2)
PARAMETRIC_REPRESENTATION_CONTEXT() REPRESENTATION_CONTEXT('2D SPACE',''
  ) );
#9941 = ADVANCED_FACE('',(#9942),#9956,.T.);
#9942 = FACE_BOUND('',#9943,.T.);
#9943 = EDGE_LOOP('',(#9944,#9974,#9997,#10020));
#9944 = ORIENTED_EDGE('',*,*,#9945,.F.);
#9945 = EDGE_CURVE('',#9946,#9948,#9950,.T.);
#9946 = VERTEX_POINT('',#9947);
#9947 = CARTESIAN_POINT('',(-202.5,-25.,77.25));
#9948 = VERTEX_POINT('',#9949);
#9949 = CARTESIAN_POINT('',(-202.5,-25.,82.25));
#9950 = SURFACE_CURVE('',#9951,(#9955,#9967),.PCURVE_S1.);
#9951 = LINE('',#9952,#9953);
#9952 = CARTESIAN_POINT('',(-202.5,-25.,77.25));
#9953 = VECTOR('',#9954,1.);
#9954 = DIRECTION('',(0.,0.,1.));
#9955 = PCURVE('',#9956,#9961);
#9956 = PLANE('',#9957);
#9957 = AXIS2_PLACEMENT_3D('',#9958,#9959,#9960);
#9958 = CARTESIAN_POINT('',(-202.5,-25.,77.25));
#9959 = DIRECTION('',(1.,0.,0.));
#9960 = DIRECTION('',(0.,0.,1.));
#9961 = DEFINITIONAL_REPRESENTATION('',(#9962),#9966);
#9962 = LINE('',#9963,#9964);
#9963 = CARTESIAN_POINT('',(0.,0.));
#9964 = VECTOR('',#9965,1.);
#9965 = DIRECTION('',(1.,0.));
#9966 = ( GEOMETRIC_REPRESENTATION_CONTEXT(2)
PARAMETRIC_REPRESENTATION_CONTEXT() REPRESENTATION_CONTEXT('2D SPACE',''
  ) );
#9967 = PCURVE('',#9848,#9968);
#9968 = DEFINITIONAL_REPRESENTATION('',(#9969),#9973);
#9969 = LINE('',#9970,#9971);
#9970 = CARTESIAN_POINT('',(0.,5.));
#9971 = VECTOR('',#9972,1.);
#9972 = DIRECTION('',(1.,0.));
#9973 = ( GEOMETRIC_REPRESENTATION_CONTEXT(2)
PARAMETRIC_REPRESENTATION_CONTEXT() REPRESENTATION_CONTEXT('2D SPACE',''
  ) );
#9974 = ORIENTED_EDGE('',*,*,#9975,.T.);
#9975 = EDGE_CURVE('',#9946,#9976,#9978,.T.);
#9976 = VERTEX_POINT('',#9977);
#9977 = CARTESIAN_POINT('',(-202.5,5.,77.25));
#9978 = SURFACE_CURVE('',#9979,(#9983,#9990),.PCURVE_S1.);
#9979 = LINE('',#9980,#9981);
#9980 = CARTESIAN_POINT('',(-202.5,-25.,77.25));
#9981 = VECTOR('',#9982,1.);
#9982 = DIRECTION('',(0.,1.,0.));
#9983 = PCURVE('',#9956,#9984);
#9984 = DEFINITIONAL_REPRESENTATION('',(#9985),#9989);
#9985 = LINE('',#9986,#9987);
#9986 = CARTESIAN_POINT('',(0.,0.));
#9987 = VECTOR('',#9988,1.);
#9988 = DIRECTION('',(0.,-1.));
#9989 = ( GEOMETRIC_REPRESENTATION_CONTEXT(2)
PARAMETRIC_REPRESENTATION_CONTEXT() REPRESENTATION_CONTEXT('2D SPACE',''
  ) );
#9990 = PCURVE('',#9876,#9991);
#9991 = DEFINITIONAL_REPRESENTATION('',(#9992),#9996);
#9992 = LINE('',#9993,#9994);
#9993 = CARTESIAN_POINT('',(5.,0.));
#9994 = VECTOR('',#9995,1.);
#9995 = DIRECTION('',(0.,1.));
#9996 = ( GEOMETRIC_REPRESENTATION_CONTEXT(2)
PARAMETRIC_REPRESENTATION_CONTEXT() REPRESENTATION_CONTEXT('2D SPACE',''
  ) );
#9997 = ORIENTED_EDGE('',*,*,#9998,.T.);
#9998 = EDGE_CURVE('',#9976,#9999,#10001,.T.);
#9999 = VERTEX_POINT('',#10000);
#10000 = CARTESIAN_POINT('',(-202.5,5.,82.25));
#10001 = SURFACE_CURVE('',#10002,(#10006,#10013),.PCURVE_S1.);
#10002 = LINE('',#10003,#10004);
#10003 = CARTESIAN_POINT('',(-202.5,5.,77.25));
#10004 = VECTOR('',#10005,1.);
#10005 = DIRECTION('',(0.,0.,1.));
#10006 = PCURVE('',#9956,#10007);
#10007 = DEFINITIONAL_REPRESENTATION('',(#10008),#10012);
#10008 = LINE('',#10009,#10010);
#10009 = CARTESIAN_POINT('',(0.,-30.));
#10010 = VECTOR('',#10011,1.);
#10011 = DIRECTION('',(1.,0.));
#10012 = ( GEOMETRIC_REPRESENTATION_CONTEXT(2)
PARAMETRIC_REPRESENTATION_CONTEXT() REPRESENTATION_CONTEXT('2D SPACE',''
  ) );
#10013 = PCURVE('',#9904,#10014);
#10014 = DEFINITIONAL_REPRESENTATION('',(#10015),#10019);
#10015 = LINE('',#10016,#10017);
#10016 = CARTESIAN_POINT('',(0.,5.));
#10017 = VECTOR('',#10018,1.);
#10018 = DIRECTION('',(1.,0.));
#10019 = ( GEOMETRIC_REPRESENTATION_CONTEXT(2)
PARAMETRIC_REPRESENTATION_CONTEXT() REPRESENTATION_CONTEXT('2D SPACE',''
  ) );
#10020 = ORIENTED_EDGE('',*,*,#10021,.F.);
#10021 = EDGE_CURVE('',#9948,#9999,#10022,.T.);
#10022 = SURFACE_CURVE('',#10023,(#10027,#10034),.PCURVE_S1.);
#10023 = LINE('',#10024,#10025);
#10024 = CARTESIAN_POINT('',(-202.5,-25.,82.25));
#10025 = VECTOR('',#10026,1.);
#10026 = DIRECTION('',(0.,1.,0.));
#10027 = PCURVE('',#9956,#10028);
#10028 = DEFINITIONAL_REPRESENTATION('',(#10029),#10033);
#10029 = LINE('',#10030,#10031);
#10030 = CARTESIAN_POINT('',(5.,0.));
#10031 = VECTOR('',#10032,1.);
#10032 = DIRECTION('',(0.,-1.));
#10033 = ( GEOMETRIC_REPRESENTATION_CONTEXT(2)
PARAMETRIC_REPRESENTATION_CONTEXT() REPRESENTATION_CONTEXT('2D SPACE',''
  ) );
#10034 = PCURVE('',#9930,#10035);
#10035 = DEFINITIONAL_REPRESENTATION('',(#10036),#10040);
#10036 = LINE('',#10037,#10038);
#10037 = CARTESIAN_POINT('',(5.,0.));
#10038 = VECTOR('',#10039,1.);
#10039 = DIRECTION('',(0.,1.));
#10040 = ( GEOMETRIC_REPRESENTATION_CONTEXT(2)
PARAMETRIC_REPRESENTATION_CONTEXT() REPRESENTATION_CONTEXT('2D SPACE',''
  ) );
#10041 = ADVANCED_FACE('',(#10042),#9848,.F.);
#10042 = FACE_BOUND('',#10043,.F.);
#10043 = EDGE_LOOP('',(#10044,#10065,#10066,#10087));
#10044 = ORIENTED_EDGE('',*,*,#10045,.F.);
#10045 = EDGE_CURVE('',#9826,#9946,#10046,.T.);
#10046 = SURFACE_CURVE('',#10047,(#10051,#10058),.PCURVE_S1.);
#10047 = LINE('',#10048,#10049);
#10048 = CARTESIAN_POINT('',(-207.5,-25.,77.25));
#10049 = VECTOR('',#10050,1.);
#10050 = DIRECTION('',(1.,0.,0.));
#10051 = PCURVE('',#9848,#10052);
#10052 = DEFINITIONAL_REPRESENTATION('',(#10053),#10057);
#10053 = LINE('',#10054,#10055);
#10054 = CARTESIAN_POINT('',(0.,0.));
#10055 = VECTOR('',#10056,1.);
#10056 = DIRECTION('',(0.,1.));
#10057 = ( GEOMETRIC_REPRESENTATION_CONTEXT(2)
PARAMETRIC_REPRESENTATION_CONTEXT() REPRESENTATION_CONTEXT('2D SPACE',''
  ) );
#10058 = PCURVE('',#9876,#10059);
#10059 = DEFINITIONAL_REPRESENTATION('',(#10060),#10064);
#10060 = LINE('',#10061,#10062);
#10061 = CARTESIAN_POINT('',(0.,0.));
#10062 = VECTOR('',#10063,1.);
#10063 = DIRECTION('',(1.,0.));
#10064 = ( GEOMETRIC_REPRESENTATION_CONTEXT(2)
PARAMETRIC_REPRESENTATION_CONTEXT() REPRESENTATION_CONTEXT('2D SPACE',''
  ) );
#10065 = ORIENTED_EDGE('',*,*,#9825,.T.);
#10066 = ORIENTED_EDGE('',*,*,#10067,.T.);
#10067 = EDGE_CURVE('',#9828,#9948,#10068,.T.);
#10068 = SURFACE_CURVE('',#10069,(#10073,#10080),.PCURVE_S1.);
#10069 = LINE('',#10070,#10071);
#10070 = CARTESIAN_POINT('',(-207.5,-25.,82.25));
#10071 = VECTOR('',#10072,1.);
#10072 = DIRECTION('',(1.,0.,0.));
#10073 = PCURVE('',#9848,#10074);
#10074 = DEFINITIONAL_REPRESENTATION('',(#10075),#10079);
#10075 = LINE('',#10076,#10077);
#10076 = CARTESIAN_POINT('',(5.,0.));
#10077 = VECTOR('',#10078,1.);
#10078 = DIRECTION('',(0.,1.));
#10079 = ( GEOMETRIC_REPRESENTATION_CONTEXT(2)
PARAMETRIC_REPRESENTATION_CONTEXT() REPRESENTATION_CONTEXT('2D SPACE',''
  ) );
#10080 = PCURVE('',#9930,#10081);
#10081 = DEFINITIONAL_REPRESENTATION('',(#10082),#10086);
#10082 = LINE('',#10083,#10084);
#10083 = CARTESIAN_POINT('',(0.,0.));
#10084 = VECTOR('',#10085,1.);
#10085 = DIRECTION('',(1.,0.));
#10086 = ( GEOMETRIC_REPRESENTATION_CONTEXT(2)
PARAMETRIC_REPRESENTATION_CONTEXT() REPRESENTATION_CONTEXT('2D SPACE',''
  ) );
#10087 = ORIENTED_EDGE('',*,*,#9945,.F.);
#10088 = ADVANCED_FACE('',(#10089),#9904,.T.);
#10089 = FACE_BOUND('',#10090,.T.);
#10090 = EDGE_LOOP('',(#10091,#10112,#10113,#10134));
#10091 = ORIENTED_EDGE('',*,*,#10092,.F.);
#10092 = EDGE_CURVE('',#9861,#9976,#10093,.T.);
#10093 = SURFACE_CURVE('',#10094,(#10098,#10105),.PCURVE_S1.);
#10094 = LINE('',#10095,#10096);
#10095 = CARTESIAN_POINT('',(-207.5,5.,77.25));
#10096 = VECTOR('',#10097,1.);
#10097 = DIRECTION('',(1.,0.,0.));
#10098 = PCURVE('',#9904,#10099);
#10099 = DEFINITIONAL_REPRESENTATION('',(#10100),#10104);
#10100 = LINE('',#10101,#10102);
#10101 = CARTESIAN_POINT('',(0.,0.));
#10102 = VECTOR('',#10103,1.);
#10103 = DIRECTION('',(0.,1.));
#10104 = ( GEOMETRIC_REPRESENTATION_CONTEXT(2)
PARAMETRIC_REPRESENTATION_CONTEXT() REPRESENTATION_CONTEXT('2D SPACE',''
  ) );
#10105 = PCURVE('',#9876,#10106);
#10106 = DEFINITIONAL_REPRESENTATION('',(#10107),#10111);
#10107 = LINE('',#10108,#10109);
#10108 = CARTESIAN_POINT('',(0.,30.));
#10109 = VECTOR('',#10110,1.);
#10110 = DIRECTION('',(1.,0.));
#10111 = ( GEOMETRIC_REPRESENTATION_CONTEXT(2)
PARAMETRIC_REPRESENTATION_CONTEXT() REPRESENTATION_CONTEXT('2D SPACE',''
  ) );
#10112 = ORIENTED_EDGE('',*,*,#9888,.T.);
#10113 = ORIENTED_EDGE('',*,*,#10114,.T.);
#10114 = EDGE_CURVE('',#9889,#9999,#10115,.T.);
#10115 = SURFACE_CURVE('',#10116,(#10120,#10127),.PCURVE_S1.);
#10116 = LINE('',#10117,#10118);
#10117 = CARTESIAN_POINT('',(-207.5,5.,82.25));
#10118 = VECTOR('',#10119,1.);
#10119 = DIRECTION('',(1.,0.,0.));
#10120 = PCURVE('',#9904,#10121);
#10121 = DEFINITIONAL_REPRESENTATION('',(#10122),#10126);
#10122 = LINE('',#10123,#10124);
#10123 = CARTESIAN_POINT('',(5.,0.));
#10124 = VECTOR('',#10125,1.);
#10125 = DIRECTION('',(0.,1.));
#10126 = ( GEOMETRIC_REPRESENTATION_CONTEXT(2)
PARAMETRIC_REPRESENTATION_CONTEXT() REPRESENTATION_CONTEXT('2D SPACE',''
  ) );
#10127 = PCURVE('',#9930,#10128);
#10128 = DEFINITIONAL_REPRESENTATION('',(#10129),#10133);
#10129 = LINE('',#10130,#10131);
#10130 = CARTESIAN_POINT('',(0.,30.));
#10131 = VECTOR('',#10132,1.);
#10132 = DIRECTION('',(1.,0.));
#10133 = ( GEOMETRIC_REPRESENTATION_CONTEXT(2)
PARAMETRIC_REPRESENTATION_CONTEXT() REPRESENTATION_CONTEXT('2D SPACE',''
  ) );
#10134 = ORIENTED_EDGE('',*,*,#9998,.F.);
#10135 = ADVANCED_FACE('',(#10136),#9876,.F.);
#10136 = FACE_BOUND('',#10137,.F.);
#10137 = EDGE_LOOP('',(#10138,#10139,#10140,#10141));
#10138 = ORIENTED_EDGE('',*,*,#9860,.F.);
#10139 = ORIENTED_EDGE('',*,*,#10045,.T.);
#10140 = ORIENTED_EDGE('',*,*,#9975,.T.);
#10141 = ORIENTED_EDGE('',*,*,#10092,.F.);
#10142 = ADVANCED_FACE('',(#10143),#9930,.T.);
#10143 = FACE_BOUND('',#10144,.T.);
#10144 = EDGE_LOOP('',(#10145,#10146,#10147,#10148));
#10145 = ORIENTED_EDGE('',*,*,#9916,.F.);
#10146 = ORIENTED_EDGE('',*,*,#10067,.T.);
#10147 = ORIENTED_EDGE('',*,*,#10021,.T.);
#10148 = ORIENTED_EDGE('',*,*,#10114,.F.);
#10149 = ( GEOMETRIC_REPRESENTATION_CONTEXT(3)
GLOBAL_UNCERTAINTY_ASSIGNED_CONTEXT((#10153))
GLOBAL_UNIT_ASSIGNED_CONTEXT((#10150,#10151,#10152))
REPRESENTATION_CONTEXT('Context #1',
  '3D Context with UNIT and UNCERTAINTY') );
#10150 = ( LENGTH_UNIT() NAMED_UNIT(*) SI_UNIT(.MILLI.,.METRE.) );
#10151 = ( NAMED_UNIT(*) PLANE_ANGLE_UNIT() SI_UNIT($,.RADIAN.) );
#10152 = ( NAMED_UNIT(*) SI_UNIT($,.STERADIAN.) SOLID_ANGLE_UNIT() );
#10153 = UNCERTAINTY_MEASURE_WITH_UNIT(LENGTH_MEASURE(1.E-07),#10150,
  'distance_accuracy_value','confusion accuracy');
#10154 = CONTEXT_DEPENDENT_SHAPE_REPRESENTATION(#10155,#10157);
#10155 = ( REPRESENTATION_RELATIONSHIP('','',#9818,#10)
REPRESENTATION_RELATIONSHIP_WITH_TRANSFORMATION(#10156)
SHAPE_REPRESENTATION_RELATIONSHIP() );
#10156 = ITEM_DEFINED_TRANSFORMATION('','',#11,#87);
#10157 = PRODUCT_DEFINITION_SHAPE('Placement','Placement of an item',
  #10158);
#10158 = NEXT_ASSEMBLY_USAGE_OCCURRENCE('19','','',#5,#9813,$);
#10159 = PRODUCT_RELATED_PRODUCT_CATEGORY('part',$,(#9815));
#10160 = SHAPE_DEFINITION_REPRESENTATION(#10161,#10167);
#10161 = PRODUCT_DEFINITION_SHAPE('','',#10162);
#10162 = PRODUCT_DEFINITION('design','',#10163,#10166);
#10163 = PRODUCT_DEFINITION_FORMATION('','',#10164);
#10164 = PRODUCT('Open CASCADE STEP translator 7.8 20.20',
  'Open CASCADE STEP translator 7.8 20.20','',(#10165));
#10165 = PRODUCT_CONTEXT('',#2,'mechanical');
#10166 = PRODUCT_DEFINITION_CONTEXT('part definition',#2,'design');
#10167 = ADVANCED_BREP_SHAPE_REPRESENTATION('',(#11,#10168),#11609);
#10168 = MANIFOLD_SOLID_BREP('',#10169);
#10169 = CLOSED_SHELL('',(#10170,#10258,#10313,#10740,#11107,#11134,
    #11161,#11188,#11215,#11242,#11269,#11296,#11323,#11350,#11422,
    #11472,#11520,#11568,#11575,#11602));
#10170 = ADVANCED_FACE('',(#10171),#10185,.T.);
#10171 = FACE_BOUND('',#10172,.F.);
#10172 = EDGE_LOOP('',(#10173,#10203,#10230,#10231));
#10173 = ORIENTED_EDGE('',*,*,#10174,.T.);
#10174 = EDGE_CURVE('',#10175,#10177,#10179,.T.);
#10175 = VERTEX_POINT('',#10176);
#10176 = CARTESIAN_POINT('',(-160.,34.,70.));
#10177 = VERTEX_POINT('',#10178);
#10178 = CARTESIAN_POINT('',(-160.,31.,70.));
#10179 = SEAM_CURVE('',#10180,(#10184,#10196),.PCURVE_S1.);
#10180 = LINE('',#10181,#10182);
#10181 = CARTESIAN_POINT('',(-160.,34.,70.));
#10182 = VECTOR('',#10183,1.);
#10183 = DIRECTION('',(0.,-1.,0.));
#10184 = PCURVE('',#10185,#10190);
#10185 = CYLINDRICAL_SURFACE('',#10186,45.);
#10186 = AXIS2_PLACEMENT_3D('',#10187,#10188,#10189);
#10187 = CARTESIAN_POINT('',(-205.,34.,70.));
#10188 = DIRECTION('',(-0.,1.,-0.));
#10189 = DIRECTION('',(1.,0.,0.));
#10190 = DEFINITIONAL_REPRESENTATION('',(#10191),#10195);
#10191 = LINE('',#10192,#10193);
#10192 = CARTESIAN_POINT('',(-0.,0.));
#10193 = VECTOR('',#10194,1.);
#10194 = DIRECTION('',(-0.,-1.));
#10195 = ( GEOMETRIC_REPRESENTATION_CONTEXT(2)
PARAMETRIC_REPRESENTATION_CONTEXT() REPRESENTATION_CONTEXT('2D SPACE',''
  ) );
#10196 = PCURVE('',#10185,#10197);
#10197 = DEFINITIONAL_REPRESENTATION('',(#10198),#10202);
#10198 = LINE('',#10199,#10200);
#10199 = CARTESIAN_POINT('',(-6.28318530718,0.));
#10200 = VECTOR('',#10201,1.);
#10201 = DIRECTION('',(-0.,-1.));
#10202 = ( GEOMETRIC_REPRESENTATION_CONTEXT(2)
PARAMETRIC_REPRESENTATION_CONTEXT() REPRESENTATION_CONTEXT('2D SPACE',''
  ) );
#10203 = ORIENTED_EDGE('',*,*,#10204,.T.);
#10204 = EDGE_CURVE('',#10177,#10177,#10205,.T.);
#10205 = SURFACE_CURVE('',#10206,(#10211,#10218),.PCURVE_S1.);
#10206 = CIRCLE('',#10207,45.);
#10207 = AXIS2_PLACEMENT_3D('',#10208,#10209,#10210);
#10208 = CARTESIAN_POINT('',(-205.,31.,70.));
#10209 = DIRECTION('',(0.,-1.,0.));
#10210 = DIRECTION('',(1.,0.,0.));
#10211 = PCURVE('',#10185,#10212);
#10212 = DEFINITIONAL_REPRESENTATION('',(#10213),#10217);
#10213 = LINE('',#10214,#10215);
#10214 = CARTESIAN_POINT('',(-0.,-3.));
#10215 = VECTOR('',#10216,1.);
#10216 = DIRECTION('',(-1.,0.));
#10217 = ( GEOMETRIC_REPRESENTATION_CONTEXT(2)
PARAMETRIC_REPRESENTATION_CONTEXT() REPRESENTATION_CONTEXT('2D SPACE',''
  ) );
#10218 = PCURVE('',#10219,#10224);
#10219 = PLANE('',#10220);
#10220 = AXIS2_PLACEMENT_3D('',#10221,#10222,#10223);
#10221 = CARTESIAN_POINT('',(-205.,31.,70.));
#10222 = DIRECTION('',(-0.,-1.,-0.));
#10223 = DIRECTION('',(0.,0.,-1.));
#10224 = DEFINITIONAL_REPRESENTATION('',(#10225),#10229);
#10225 = CIRCLE('',#10226,45.);
#10226 = AXIS2_PLACEMENT_2D('',#10227,#10228);
#10227 = CARTESIAN_POINT('',(0.,0.));
#10228 = DIRECTION('',(0.,1.));
#10229 = ( GEOMETRIC_REPRESENTATION_CONTEXT(2)
PARAMETRIC_REPRESENTATION_CONTEXT() REPRESENTATION_CONTEXT('2D SPACE',''
  ) );
#10230 = ORIENTED_EDGE('',*,*,#10174,.F.);
#10231 = ORIENTED_EDGE('',*,*,#10232,.F.);
#10232 = EDGE_CURVE('',#10175,#10175,#10233,.T.);
#10233 = SURFACE_CURVE('',#10234,(#10239,#10246),.PCURVE_S1.);
#10234 = CIRCLE('',#10235,45.);
#10235 = AXIS2_PLACEMENT_3D('',#10236,#10237,#10238);
#10236 = CARTESIAN_POINT('',(-205.,34.,70.));
#10237 = DIRECTION('',(0.,-1.,0.));
#10238 = DIRECTION('',(1.,0.,0.));
#10239 = PCURVE('',#10185,#10240);
#10240 = DEFINITIONAL_REPRESENTATION('',(#10241),#10245);
#10241 = LINE('',#10242,#10243);
#10242 = CARTESIAN_POINT('',(-0.,0.));
#10243 = VECTOR('',#10244,1.);
#10244 = DIRECTION('',(-1.,0.));
#10245 = ( GEOMETRIC_REPRESENTATION_CONTEXT(2)
PARAMETRIC_REPRESENTATION_CONTEXT() REPRESENTATION_CONTEXT('2D SPACE',''
  ) );
#10246 = PCURVE('',#10247,#10252);
#10247 = CYLINDRICAL_SURFACE('',#10248,45.);
#10248 = AXIS2_PLACEMENT_3D('',#10249,#10250,#10251);
#10249 = CARTESIAN_POINT('',(-205.,34.,70.));
#10250 = DIRECTION('',(0.,-1.,0.));
#10251 = DIRECTION('',(1.,0.,0.));
#10252 = DEFINITIONAL_REPRESENTATION('',(#10253),#10257);
#10253 = LINE('',#10254,#10255);
#10254 = CARTESIAN_POINT('',(0.,0.));
#10255 = VECTOR('',#10256,1.);
#10256 = DIRECTION('',(1.,0.));
#10257 = ( GEOMETRIC_REPRESENTATION_CONTEXT(2)
PARAMETRIC_REPRESENTATION_CONTEXT() REPRESENTATION_CONTEXT('2D SPACE',''
  ) );
#10258 = ADVANCED_FACE('',(#10259),#10247,.T.);
#10259 = FACE_BOUND('',#10260,.T.);
#10260 = EDGE_LOOP('',(#10261,#10284,#10311,#10312));
#10261 = ORIENTED_EDGE('',*,*,#10262,.T.);
#10262 = EDGE_CURVE('',#10175,#10263,#10265,.T.);
#10263 = VERTEX_POINT('',#10264);
#10264 = CARTESIAN_POINT('',(-160.,37.,70.));
#10265 = SEAM_CURVE('',#10266,(#10270,#10277),.PCURVE_S1.);
#10266 = LINE('',#10267,#10268);
#10267 = CARTESIAN_POINT('',(-160.,34.,70.));
#10268 = VECTOR('',#10269,1.);
#10269 = DIRECTION('',(-0.,1.,-0.));
#10270 = PCURVE('',#10247,#10271);
#10271 = DEFINITIONAL_REPRESENTATION('',(#10272),#10276);
#10272 = LINE('',#10273,#10274);
#10273 = CARTESIAN_POINT('',(0.,0.));
#10274 = VECTOR('',#10275,1.);
#10275 = DIRECTION('',(0.,-1.));
#10276 = ( GEOMETRIC_REPRESENTATION_CONTEXT(2)
PARAMETRIC_REPRESENTATION_CONTEXT() REPRESENTATION_CONTEXT('2D SPACE',''
  ) );
#10277 = PCURVE('',#10247,#10278);
#10278 = DEFINITIONAL_REPRESENTATION('',(#10279),#10283);
#10279 = LINE('',#10280,#10281);
#10280 = CARTESIAN_POINT('',(6.28318530718,0.));
#10281 = VECTOR('',#10282,1.);
#10282 = DIRECTION('',(0.,-1.));
#10283 = ( GEOMETRIC_REPRESENTATION_CONTEXT(2)
PARAMETRIC_REPRESENTATION_CONTEXT() REPRESENTATION_CONTEXT('2D SPACE',''
  ) );
#10284 = ORIENTED_EDGE('',*,*,#10285,.T.);
#10285 = EDGE_CURVE('',#10263,#10263,#10286,.T.);
#10286 = SURFACE_CURVE('',#10287,(#10292,#10299),.PCURVE_S1.);
#10287 = CIRCLE('',#10288,45.);
#10288 = AXIS2_PLACEMENT_3D('',#10289,#10290,#10291);
#10289 = CARTESIAN_POINT('',(-205.,37.,70.));
#10290 = DIRECTION('',(0.,-1.,0.));
#10291 = DIRECTION('',(1.,0.,0.));
#10292 = PCURVE('',#10247,#10293);
#10293 = DEFINITIONAL_REPRESENTATION('',(#10294),#10298);
#10294 = LINE('',#10295,#10296);
#10295 = CARTESIAN_POINT('',(0.,-3.));
#10296 = VECTOR('',#10297,1.);
#10297 = DIRECTION('',(1.,0.));
#10298 = ( GEOMETRIC_REPRESENTATION_CONTEXT(2)
PARAMETRIC_REPRESENTATION_CONTEXT() REPRESENTATION_CONTEXT('2D SPACE',''
  ) );
#10299 = PCURVE('',#10300,#10305);
#10300 = PLANE('',#10301);
#10301 = AXIS2_PLACEMENT_3D('',#10302,#10303,#10304);
#10302 = CARTESIAN_POINT('',(-205.,37.,70.));
#10303 = DIRECTION('',(-0.,-1.,-0.));
#10304 = DIRECTION('',(0.,0.,-1.));
#10305 = DEFINITIONAL_REPRESENTATION('',(#10306),#10310);
#10306 = CIRCLE('',#10307,45.);
#10307 = AXIS2_PLACEMENT_2D('',#10308,#10309);
#10308 = CARTESIAN_POINT('',(0.,0.));
#10309 = DIRECTION('',(0.,1.));
#10310 = ( GEOMETRIC_REPRESENTATION_CONTEXT(2)
PARAMETRIC_REPRESENTATION_CONTEXT() REPRESENTATION_CONTEXT('2D SPACE',''
  ) );
#10311 = ORIENTED_EDGE('',*,*,#10262,.F.);
#10312 = ORIENTED_EDGE('',*,*,#10232,.F.);
#10313 = ADVANCED_FACE('',(#10314,#10317,#10348,#10379,#10410,#10441,
    #10472,#10503,#10534,#10565,#10596),#10219,.T.);
#10314 = FACE_BOUND('',#10315,.T.);
#10315 = EDGE_LOOP('',(#10316));
#10316 = ORIENTED_EDGE('',*,*,#10204,.T.);
#10317 = FACE_BOUND('',#10318,.T.);
#10318 = EDGE_LOOP('',(#10319));
#10319 = ORIENTED_EDGE('',*,*,#10320,.F.);
#10320 = EDGE_CURVE('',#10321,#10321,#10323,.T.);
#10321 = VERTEX_POINT('',#10322);
#10322 = CARTESIAN_POINT('',(-234.7074039201,31.,79.058666578588));
#10323 = SURFACE_CURVE('',#10324,(#10329,#10336),.PCURVE_S1.);
#10324 = CIRCLE('',#10325,4.1);
#10325 = AXIS2_PLACEMENT_3D('',#10326,#10327,#10328);
#10326 = CARTESIAN_POINT('',(-238.8074039201,31.,79.058666578588));
#10327 = DIRECTION('',(0.,-1.,0.));
#10328 = DIRECTION('',(1.,0.,0.));
#10329 = PCURVE('',#10219,#10330);
#10330 = DEFINITIONAL_REPRESENTATION('',(#10331),#10335);
#10331 = CIRCLE('',#10332,4.1);
#10332 = AXIS2_PLACEMENT_2D('',#10333,#10334);
#10333 = CARTESIAN_POINT('',(-9.058666578588,-33.80740392011));
#10334 = DIRECTION('',(0.,1.));
#10335 = ( GEOMETRIC_REPRESENTATION_CONTEXT(2)
PARAMETRIC_REPRESENTATION_CONTEXT() REPRESENTATION_CONTEXT('2D SPACE',''
  ) );
#10336 = PCURVE('',#10337,#10342);
#10337 = CYLINDRICAL_SURFACE('',#10338,4.1);
#10338 = AXIS2_PLACEMENT_3D('',#10339,#10340,#10341);
#10339 = CARTESIAN_POINT('',(-238.8074039201,37.,79.058666578588));
#10340 = DIRECTION('',(0.,-1.,0.));
#10341 = DIRECTION('',(1.,0.,0.));
#10342 = DEFINITIONAL_REPRESENTATION('',(#10343),#10347);
#10343 = LINE('',#10344,#10345);
#10344 = CARTESIAN_POINT('',(0.,6.));
#10345 = VECTOR('',#10346,1.);
#10346 = DIRECTION('',(1.,0.));
#10347 = ( GEOMETRIC_REPRESENTATION_CONTEXT(2)
PARAMETRIC_REPRESENTATION_CONTEXT() REPRESENTATION_CONTEXT('2D SPACE',''
  ) );
#10348 = FACE_BOUND('',#10349,.T.);
#10349 = EDGE_LOOP('',(#10350));
#10350 = ORIENTED_EDGE('',*,*,#10351,.F.);
#10351 = EDGE_CURVE('',#10352,#10352,#10354,.T.);
#10352 = VERTEX_POINT('',#10353);
#10353 = CARTESIAN_POINT('',(-231.2108891324,31.,87.5));
#10354 = SURFACE_CURVE('',#10355,(#10360,#10367),.PCURVE_S1.);
#10355 = CIRCLE('',#10356,4.1);
#10356 = AXIS2_PLACEMENT_3D('',#10357,#10358,#10359);
#10357 = CARTESIAN_POINT('',(-235.3108891324,31.,87.5));
#10358 = DIRECTION('',(0.,-1.,0.));
#10359 = DIRECTION('',(1.,0.,0.));
#10360 = PCURVE('',#10219,#10361);
#10361 = DEFINITIONAL_REPRESENTATION('',(#10362),#10366);
#10362 = CIRCLE('',#10363,4.1);
#10363 = AXIS2_PLACEMENT_2D('',#10364,#10365);
#10364 = CARTESIAN_POINT('',(-17.5,-30.31088913245));
#10365 = DIRECTION('',(0.,1.));
#10366 = ( GEOMETRIC_REPRESENTATION_CONTEXT(2)
PARAMETRIC_REPRESENTATION_CONTEXT() REPRESENTATION_CONTEXT('2D SPACE',''
  ) );
#10367 = PCURVE('',#10368,#10373);
#10368 = CYLINDRICAL_SURFACE('',#10369,4.1);
#10369 = AXIS2_PLACEMENT_3D('',#10370,#10371,#10372);
#10370 = CARTESIAN_POINT('',(-235.3108891324,37.,87.5));
#10371 = DIRECTION('',(0.,-1.,0.));
#10372 = DIRECTION('',(1.,0.,0.));
#10373 = DEFINITIONAL_REPRESENTATION('',(#10374),#10378);
#10374 = LINE('',#10375,#10376);
#10375 = CARTESIAN_POINT('',(0.,6.));
#10376 = VECTOR('',#10377,1.);
#10377 = DIRECTION('',(1.,0.));
#10378 = ( GEOMETRIC_REPRESENTATION_CONTEXT(2)
PARAMETRIC_REPRESENTATION_CONTEXT() REPRESENTATION_CONTEXT('2D SPACE',''
  ) );
#10379 = FACE_BOUND('',#10380,.T.);
#10380 = EDGE_LOOP('',(#10381));
#10381 = ORIENTED_EDGE('',*,*,#10382,.F.);
#10382 = EDGE_CURVE('',#10383,#10383,#10385,.T.);
#10383 = VERTEX_POINT('',#10384);
#10384 = CARTESIAN_POINT('',(-225.6487373415,31.,94.748737341529));
#10385 = SURFACE_CURVE('',#10386,(#10391,#10398),.PCURVE_S1.);
#10386 = CIRCLE('',#10387,4.1);
#10387 = AXIS2_PLACEMENT_3D('',#10388,#10389,#10390);
#10388 = CARTESIAN_POINT('',(-229.7487373415,31.,94.748737341529));
#10389 = DIRECTION('',(0.,-1.,0.));
#10390 = DIRECTION('',(1.,0.,0.));
#10391 = PCURVE('',#10219,#10392);
#10392 = DEFINITIONAL_REPRESENTATION('',(#10393),#10397);
#10393 = CIRCLE('',#10394,4.1);
#10394 = AXIS2_PLACEMENT_2D('',#10395,#10396);
#10395 = CARTESIAN_POINT('',(-24.74873734152,-24.74873734152));
#10396 = DIRECTION('',(0.,1.));
#10397 = ( GEOMETRIC_REPRESENTATION_CONTEXT(2)
PARAMETRIC_REPRESENTATION_CONTEXT() REPRESENTATION_CONTEXT('2D SPACE',''
  ) );
#10398 = PCURVE('',#10399,#10404);
#10399 = CYLINDRICAL_SURFACE('',#10400,4.1);
#10400 = AXIS2_PLACEMENT_3D('',#10401,#10402,#10403);
#10401 = CARTESIAN_POINT('',(-229.7487373415,37.,94.748737341529));
#10402 = DIRECTION('',(0.,-1.,0.));
#10403 = DIRECTION('',(1.,0.,0.));
#10404 = DEFINITIONAL_REPRESENTATION('',(#10405),#10409);
#10405 = LINE('',#10406,#10407);
#10406 = CARTESIAN_POINT('',(0.,6.));
#10407 = VECTOR('',#10408,1.);
#10408 = DIRECTION('',(1.,0.));
#10409 = ( GEOMETRIC_REPRESENTATION_CONTEXT(2)
PARAMETRIC_REPRESENTATION_CONTEXT() REPRESENTATION_CONTEXT('2D SPACE',''
  ) );
#10410 = FACE_BOUND('',#10411,.T.);
#10411 = EDGE_LOOP('',(#10412));
#10412 = ORIENTED_EDGE('',*,*,#10413,.F.);
#10413 = EDGE_CURVE('',#10414,#10414,#10416,.T.);
#10414 = VERTEX_POINT('',#10415);
#10415 = CARTESIAN_POINT('',(-218.4,31.,100.31088913245));
#10416 = SURFACE_CURVE('',#10417,(#10422,#10429),.PCURVE_S1.);
#10417 = CIRCLE('',#10418,4.1);
#10418 = AXIS2_PLACEMENT_3D('',#10419,#10420,#10421);
#10419 = CARTESIAN_POINT('',(-222.5,31.,100.31088913245));
#10420 = DIRECTION('',(0.,-1.,0.));
#10421 = DIRECTION('',(1.,0.,0.));
#10422 = PCURVE('',#10219,#10423);
#10423 = DEFINITIONAL_REPRESENTATION('',(#10424),#10428);
#10424 = CIRCLE('',#10425,4.1);
#10425 = AXIS2_PLACEMENT_2D('',#10426,#10427);
#10426 = CARTESIAN_POINT('',(-30.31088913245,-17.5));
#10427 = DIRECTION('',(0.,1.));
#10428 = ( GEOMETRIC_REPRESENTATION_CONTEXT(2)
PARAMETRIC_REPRESENTATION_CONTEXT() REPRESENTATION_CONTEXT('2D SPACE',''
  ) );
#10429 = PCURVE('',#10430,#10435);
#10430 = CYLINDRICAL_SURFACE('',#10431,4.1);
#10431 = AXIS2_PLACEMENT_3D('',#10432,#10433,#10434);
#10432 = CARTESIAN_POINT('',(-222.5,37.,100.31088913245));
#10433 = DIRECTION('',(0.,-1.,0.));
#10434 = DIRECTION('',(1.,0.,0.));
#10435 = DEFINITIONAL_REPRESENTATION('',(#10436),#10440);
#10436 = LINE('',#10437,#10438);
#10437 = CARTESIAN_POINT('',(0.,6.));
#10438 = VECTOR('',#10439,1.);
#10439 = DIRECTION('',(1.,0.));
#10440 = ( GEOMETRIC_REPRESENTATION_CONTEXT(2)
PARAMETRIC_REPRESENTATION_CONTEXT() REPRESENTATION_CONTEXT('2D SPACE',''
  ) );
#10441 = FACE_BOUND('',#10442,.T.);
#10442 = EDGE_LOOP('',(#10443));
#10443 = ORIENTED_EDGE('',*,*,#10444,.F.);
#10444 = EDGE_CURVE('',#10445,#10445,#10447,.T.);
#10445 = VERTEX_POINT('',#10446);
#10446 = CARTESIAN_POINT('',(-235.9,31.,70.));
#10447 = SURFACE_CURVE('',#10448,(#10453,#10460),.PCURVE_S1.);
#10448 = CIRCLE('',#10449,4.1);
#10449 = AXIS2_PLACEMENT_3D('',#10450,#10451,#10452);
#10450 = CARTESIAN_POINT('',(-240.,31.,70.));
#10451 = DIRECTION('',(0.,-1.,0.));
#10452 = DIRECTION('',(1.,0.,0.));
#10453 = PCURVE('',#10219,#10454);
#10454 = DEFINITIONAL_REPRESENTATION('',(#10455),#10459);
#10455 = CIRCLE('',#10456,4.1);
#10456 = AXIS2_PLACEMENT_2D('',#10457,#10458);
#10457 = CARTESIAN_POINT('',(0.,-35.));
#10458 = DIRECTION('',(0.,1.));
#10459 = ( GEOMETRIC_REPRESENTATION_CONTEXT(2)
PARAMETRIC_REPRESENTATION_CONTEXT() REPRESENTATION_CONTEXT('2D SPACE',''
  ) );
#10460 = PCURVE('',#10461,#10466);
#10461 = CYLINDRICAL_SURFACE('',#10462,4.1);
#10462 = AXIS2_PLACEMENT_3D('',#10463,#10464,#10465);
#10463 = CARTESIAN_POINT('',(-240.,37.,70.));
#10464 = DIRECTION('',(0.,-1.,0.));
#10465 = DIRECTION('',(1.,0.,0.));
#10466 = DEFINITIONAL_REPRESENTATION('',(#10467),#10471);
#10467 = LINE('',#10468,#10469);
#10468 = CARTESIAN_POINT('',(0.,6.));
#10469 = VECTOR('',#10470,1.);
#10470 = DIRECTION('',(1.,0.));
#10471 = ( GEOMETRIC_REPRESENTATION_CONTEXT(2)
PARAMETRIC_REPRESENTATION_CONTEXT() REPRESENTATION_CONTEXT('2D SPACE',''
  ) );
#10472 = FACE_BOUND('',#10473,.T.);
#10473 = EDGE_LOOP('',(#10474));
#10474 = ORIENTED_EDGE('',*,*,#10475,.F.);
#10475 = EDGE_CURVE('',#10476,#10476,#10478,.T.);
#10476 = VERTEX_POINT('',#10477);
#10477 = CARTESIAN_POINT('',(-234.7074039201,31.,60.941333421412));
#10478 = SURFACE_CURVE('',#10479,(#10484,#10491),.PCURVE_S1.);
#10479 = CIRCLE('',#10480,4.1);
#10480 = AXIS2_PLACEMENT_3D('',#10481,#10482,#10483);
#10481 = CARTESIAN_POINT('',(-238.8074039201,31.,60.941333421412));
#10482 = DIRECTION('',(0.,-1.,0.));
#10483 = DIRECTION('',(1.,0.,0.));
#10484 = PCURVE('',#10219,#10485);
#10485 = DEFINITIONAL_REPRESENTATION('',(#10486),#10490);
#10486 = CIRCLE('',#10487,4.1);
#10487 = AXIS2_PLACEMENT_2D('',#10488,#10489);
#10488 = CARTESIAN_POINT('',(9.058666578588,-33.80740392011));
#10489 = DIRECTION('',(0.,1.));
#10490 = ( GEOMETRIC_REPRESENTATION_CONTEXT(2)
PARAMETRIC_REPRESENTATION_CONTEXT() REPRESENTATION_CONTEXT('2D SPACE',''
  ) );
#10491 = PCURVE('',#10492,#10497);
#10492 = CYLINDRICAL_SURFACE('',#10493,4.1);
#10493 = AXIS2_PLACEMENT_3D('',#10494,#10495,#10496);
#10494 = CARTESIAN_POINT('',(-238.8074039201,37.,60.941333421412));
#10495 = DIRECTION('',(0.,-1.,0.));
#10496 = DIRECTION('',(1.,0.,0.));
#10497 = DEFINITIONAL_REPRESENTATION('',(#10498),#10502);
#10498 = LINE('',#10499,#10500);
#10499 = CARTESIAN_POINT('',(0.,6.));
#10500 = VECTOR('',#10501,1.);
#10501 = DIRECTION('',(1.,0.));
#10502 = ( GEOMETRIC_REPRESENTATION_CONTEXT(2)
PARAMETRIC_REPRESENTATION_CONTEXT() REPRESENTATION_CONTEXT('2D SPACE',''
  ) );
#10503 = FACE_BOUND('',#10504,.T.);
#10504 = EDGE_LOOP('',(#10505));
#10505 = ORIENTED_EDGE('',*,*,#10506,.F.);
#10506 = EDGE_CURVE('',#10507,#10507,#10509,.T.);
#10507 = VERTEX_POINT('',#10508);
#10508 = CARTESIAN_POINT('',(-231.2108891324,31.,52.5));
#10509 = SURFACE_CURVE('',#10510,(#10515,#10522),.PCURVE_S1.);
#10510 = CIRCLE('',#10511,4.1);
#10511 = AXIS2_PLACEMENT_3D('',#10512,#10513,#10514);
#10512 = CARTESIAN_POINT('',(-235.3108891324,31.,52.5));
#10513 = DIRECTION('',(0.,-1.,0.));
#10514 = DIRECTION('',(1.,0.,0.));
#10515 = PCURVE('',#10219,#10516);
#10516 = DEFINITIONAL_REPRESENTATION('',(#10517),#10521);
#10517 = CIRCLE('',#10518,4.1);
#10518 = AXIS2_PLACEMENT_2D('',#10519,#10520);
#10519 = CARTESIAN_POINT('',(17.5,-30.31088913245));
#10520 = DIRECTION('',(0.,1.));
#10521 = ( GEOMETRIC_REPRESENTATION_CONTEXT(2)
PARAMETRIC_REPRESENTATION_CONTEXT() REPRESENTATION_CONTEXT('2D SPACE',''
  ) );
#10522 = PCURVE('',#10523,#10528);
#10523 = CYLINDRICAL_SURFACE('',#10524,4.1);
#10524 = AXIS2_PLACEMENT_3D('',#10525,#10526,#10527);
#10525 = CARTESIAN_POINT('',(-235.3108891324,37.,52.5));
#10526 = DIRECTION('',(0.,-1.,0.));
#10527 = DIRECTION('',(1.,0.,0.));
#10528 = DEFINITIONAL_REPRESENTATION('',(#10529),#10533);
#10529 = LINE('',#10530,#10531);
#10530 = CARTESIAN_POINT('',(0.,6.));
#10531 = VECTOR('',#10532,1.);
#10532 = DIRECTION('',(1.,0.));
#10533 = ( GEOMETRIC_REPRESENTATION_CONTEXT(2)
PARAMETRIC_REPRESENTATION_CONTEXT() REPRESENTATION_CONTEXT('2D SPACE',''
  ) );
#10534 = FACE_BOUND('',#10535,.T.);
#10535 = EDGE_LOOP('',(#10536));
#10536 = ORIENTED_EDGE('',*,*,#10537,.F.);
#10537 = EDGE_CURVE('',#10538,#10538,#10540,.T.);
#10538 = VERTEX_POINT('',#10539);
#10539 = CARTESIAN_POINT('',(-209.9586665785,31.,103.80740392011));
#10540 = SURFACE_CURVE('',#10541,(#10546,#10553),.PCURVE_S1.);
#10541 = CIRCLE('',#10542,4.1);
#10542 = AXIS2_PLACEMENT_3D('',#10543,#10544,#10545);
#10543 = CARTESIAN_POINT('',(-214.0586665785,31.,103.80740392011));
#10544 = DIRECTION('',(0.,-1.,0.));
#10545 = DIRECTION('',(1.,0.,0.));
#10546 = PCURVE('',#10219,#10547);
#10547 = DEFINITIONAL_REPRESENTATION('',(#10548),#10552);
#10548 = CIRCLE('',#10549,4.1);
#10549 = AXIS2_PLACEMENT_2D('',#10550,#10551);
#10550 = CARTESIAN_POINT('',(-33.80740392011,-9.058666578588));
#10551 = DIRECTION('',(0.,1.));
#10552 = ( GEOMETRIC_REPRESENTATION_CONTEXT(2)
PARAMETRIC_REPRESENTATION_CONTEXT() REPRESENTATION_CONTEXT('2D SPACE',''
  ) );
#10553 = PCURVE('',#10554,#10559);
#10554 = CYLINDRICAL_SURFACE('',#10555,4.1);
#10555 = AXIS2_PLACEMENT_3D('',#10556,#10557,#10558);
#10556 = CARTESIAN_POINT('',(-214.0586665785,37.,103.80740392011));
#10557 = DIRECTION('',(0.,-1.,0.));
#10558 = DIRECTION('',(1.,0.,0.));
#10559 = DEFINITIONAL_REPRESENTATION('',(#10560),#10564);
#10560 = LINE('',#10561,#10562);
#10561 = CARTESIAN_POINT('',(0.,6.));
#10562 = VECTOR('',#10563,1.);
#10563 = DIRECTION('',(1.,0.));
#10564 = ( GEOMETRIC_REPRESENTATION_CONTEXT(2)
PARAMETRIC_REPRESENTATION_CONTEXT() REPRESENTATION_CONTEXT('2D SPACE',''
  ) );
#10565 = FACE_BOUND('',#10566,.T.);
#10566 = EDGE_LOOP('',(#10567));
#10567 = ORIENTED_EDGE('',*,*,#10568,.F.);
#10568 = EDGE_CURVE('',#10569,#10569,#10571,.T.);
#10569 = VERTEX_POINT('',#10570);
#10570 = CARTESIAN_POINT('',(-200.9,31.,105.));
#10571 = SURFACE_CURVE('',#10572,(#10577,#10584),.PCURVE_S1.);
#10572 = CIRCLE('',#10573,4.1);
#10573 = AXIS2_PLACEMENT_3D('',#10574,#10575,#10576);
#10574 = CARTESIAN_POINT('',(-205.,31.,105.));
#10575 = DIRECTION('',(0.,-1.,0.));
#10576 = DIRECTION('',(1.,0.,0.));
#10577 = PCURVE('',#10219,#10578);
#10578 = DEFINITIONAL_REPRESENTATION('',(#10579),#10583);
#10579 = CIRCLE('',#10580,4.1);
#10580 = AXIS2_PLACEMENT_2D('',#10581,#10582);
#10581 = CARTESIAN_POINT('',(-35.,0.));
#10582 = DIRECTION('',(0.,1.));
#10583 = ( GEOMETRIC_REPRESENTATION_CONTEXT(2)
PARAMETRIC_REPRESENTATION_CONTEXT() REPRESENTATION_CONTEXT('2D SPACE',''
  ) );
#10584 = PCURVE('',#10585,#10590);
#10585 = CYLINDRICAL_SURFACE('',#10586,4.1);
#10586 = AXIS2_PLACEMENT_3D('',#10587,#10588,#10589);
#10587 = CARTESIAN_POINT('',(-205.,37.,105.));
#10588 = DIRECTION('',(0.,-1.,0.));
#10589 = DIRECTION('',(1.,0.,0.));
#10590 = DEFINITIONAL_REPRESENTATION('',(#10591),#10595);
#10591 = LINE('',#10592,#10593);
#10592 = CARTESIAN_POINT('',(0.,6.));
#10593 = VECTOR('',#10594,1.);
#10594 = DIRECTION('',(1.,0.));
#10595 = ( GEOMETRIC_REPRESENTATION_CONTEXT(2)
PARAMETRIC_REPRESENTATION_CONTEXT() REPRESENTATION_CONTEXT('2D SPACE',''
  ) );
#10596 = FACE_BOUND('',#10597,.T.);
#10597 = EDGE_LOOP('',(#10598,#10629,#10658,#10686,#10714));
#10598 = ORIENTED_EDGE('',*,*,#10599,.F.);
#10599 = EDGE_CURVE('',#10600,#10602,#10604,.T.);
#10600 = VERTEX_POINT('',#10601);
#10601 = CARTESIAN_POINT('',(-196.5,31.,70.));
#10602 = VERTEX_POINT('',#10603);
#10603 = CARTESIAN_POINT('',(-202.5,31.,78.124038404636));
#10604 = SURFACE_CURVE('',#10605,(#10610,#10617),.PCURVE_S1.);
#10605 = CIRCLE('',#10606,8.5);
#10606 = AXIS2_PLACEMENT_3D('',#10607,#10608,#10609);
#10607 = CARTESIAN_POINT('',(-205.,31.,70.));
#10608 = DIRECTION('',(0.,-1.,0.));
#10609 = DIRECTION('',(1.,0.,0.));
#10610 = PCURVE('',#10219,#10611);
#10611 = DEFINITIONAL_REPRESENTATION('',(#10612),#10616);
#10612 = CIRCLE('',#10613,8.5);
#10613 = AXIS2_PLACEMENT_2D('',#10614,#10615);
#10614 = CARTESIAN_POINT('',(0.,1.989519660128E-13));
#10615 = DIRECTION('',(0.,1.));
#10616 = ( GEOMETRIC_REPRESENTATION_CONTEXT(2)
PARAMETRIC_REPRESENTATION_CONTEXT() REPRESENTATION_CONTEXT('2D SPACE',''
  ) );
#10617 = PCURVE('',#10618,#10623);
#10618 = CYLINDRICAL_SURFACE('',#10619,8.5);
#10619 = AXIS2_PLACEMENT_3D('',#10620,#10621,#10622);
#10620 = CARTESIAN_POINT('',(-205.,34.,70.));
#10621 = DIRECTION('',(-0.,1.,-0.));
#10622 = DIRECTION('',(1.,0.,0.));
#10623 = DEFINITIONAL_REPRESENTATION('',(#10624),#10628);
#10624 = LINE('',#10625,#10626);
#10625 = CARTESIAN_POINT('',(-0.,-3.));
#10626 = VECTOR('',#10627,1.);
#10627 = DIRECTION('',(-1.,0.));
#10628 = ( GEOMETRIC_REPRESENTATION_CONTEXT(2)
PARAMETRIC_REPRESENTATION_CONTEXT() REPRESENTATION_CONTEXT('2D SPACE',''
  ) );
#10629 = ORIENTED_EDGE('',*,*,#10630,.F.);
#10630 = EDGE_CURVE('',#10631,#10600,#10633,.T.);
#10631 = VERTEX_POINT('',#10632);
#10632 = CARTESIAN_POINT('',(-207.5,31.,78.124038404636));
#10633 = SURFACE_CURVE('',#10634,(#10639,#10646),.PCURVE_S1.);
#10634 = CIRCLE('',#10635,8.5);
#10635 = AXIS2_PLACEMENT_3D('',#10636,#10637,#10638);
#10636 = CARTESIAN_POINT('',(-205.,31.,70.));
#10637 = DIRECTION('',(0.,-1.,0.));
#10638 = DIRECTION('',(1.,0.,0.));
#10639 = PCURVE('',#10219,#10640);
#10640 = DEFINITIONAL_REPRESENTATION('',(#10641),#10645);
#10641 = CIRCLE('',#10642,8.5);
#10642 = AXIS2_PLACEMENT_2D('',#10643,#10644);
#10643 = CARTESIAN_POINT('',(0.,1.989519660128E-13));
#10644 = DIRECTION('',(0.,1.));
#10645 = ( GEOMETRIC_REPRESENTATION_CONTEXT(2)
PARAMETRIC_REPRESENTATION_CONTEXT() REPRESENTATION_CONTEXT('2D SPACE',''
  ) );
#10646 = PCURVE('',#10647,#10652);
#10647 = CYLINDRICAL_SURFACE('',#10648,8.5);
#10648 = AXIS2_PLACEMENT_3D('',#10649,#10650,#10651);
#10649 = CARTESIAN_POINT('',(-205.,34.,70.));
#10650 = DIRECTION('',(-0.,1.,-0.));
#10651 = DIRECTION('',(1.,0.,0.));
#10652 = DEFINITIONAL_REPRESENTATION('',(#10653),#10657);
#10653 = LINE('',#10654,#10655);
#10654 = CARTESIAN_POINT('',(-0.,-3.));
#10655 = VECTOR('',#10656,1.);
#10656 = DIRECTION('',(-1.,0.));
#10657 = ( GEOMETRIC_REPRESENTATION_CONTEXT(2)
PARAMETRIC_REPRESENTATION_CONTEXT() REPRESENTATION_CONTEXT('2D SPACE',''
  ) );
#10658 = ORIENTED_EDGE('',*,*,#10659,.T.);
#10659 = EDGE_CURVE('',#10631,#10660,#10662,.T.);
#10660 = VERTEX_POINT('',#10661);
#10661 = CARTESIAN_POINT('',(-207.5,31.,81.));
#10662 = SURFACE_CURVE('',#10663,(#10667,#10674),.PCURVE_S1.);
#10663 = LINE('',#10664,#10665);
#10664 = CARTESIAN_POINT('',(-207.5,31.,75.5));
#10665 = VECTOR('',#10666,1.);
#10666 = DIRECTION('',(0.,0.,1.));
#10667 = PCURVE('',#10219,#10668);
#10668 = DEFINITIONAL_REPRESENTATION('',(#10669),#10673);
#10669 = LINE('',#10670,#10671);
#10670 = CARTESIAN_POINT('',(-5.5,-2.5));
#10671 = VECTOR('',#10672,1.);
#10672 = DIRECTION('',(-1.,0.));
#10673 = ( GEOMETRIC_REPRESENTATION_CONTEXT(2)
PARAMETRIC_REPRESENTATION_CONTEXT() REPRESENTATION_CONTEXT('2D SPACE',''
  ) );
#10674 = PCURVE('',#10675,#10680);
#10675 = PLANE('',#10676);
#10676 = AXIS2_PLACEMENT_3D('',#10677,#10678,#10679);
#10677 = CARTESIAN_POINT('',(-207.5,34.,81.));
#10678 = DIRECTION('',(1.,0.,0.));
#10679 = DIRECTION('',(0.,0.,-1.));
#10680 = DEFINITIONAL_REPRESENTATION('',(#10681),#10685);
#10681 = LINE('',#10682,#10683);
#10682 = CARTESIAN_POINT('',(5.5,-3.));
#10683 = VECTOR('',#10684,1.);
#10684 = DIRECTION('',(-1.,0.));
#10685 = ( GEOMETRIC_REPRESENTATION_CONTEXT(2)
PARAMETRIC_REPRESENTATION_CONTEXT() REPRESENTATION_CONTEXT('2D SPACE',''
  ) );
#10686 = ORIENTED_EDGE('',*,*,#10687,.T.);
#10687 = EDGE_CURVE('',#10660,#10688,#10690,.T.);
#10688 = VERTEX_POINT('',#10689);
#10689 = CARTESIAN_POINT('',(-202.5,31.,81.));
#10690 = SURFACE_CURVE('',#10691,(#10695,#10702),.PCURVE_S1.);
#10691 = LINE('',#10692,#10693);
#10692 = CARTESIAN_POINT('',(-203.75,31.,81.));
#10693 = VECTOR('',#10694,1.);
#10694 = DIRECTION('',(1.,0.,0.));
#10695 = PCURVE('',#10219,#10696);
#10696 = DEFINITIONAL_REPRESENTATION('',(#10697),#10701);
#10697 = LINE('',#10698,#10699);
#10698 = CARTESIAN_POINT('',(-11.,1.25));
#10699 = VECTOR('',#10700,1.);
#10700 = DIRECTION('',(0.,1.));
#10701 = ( GEOMETRIC_REPRESENTATION_CONTEXT(2)
PARAMETRIC_REPRESENTATION_CONTEXT() REPRESENTATION_CONTEXT('2D SPACE',''
  ) );
#10702 = PCURVE('',#10703,#10708);
#10703 = PLANE('',#10704);
#10704 = AXIS2_PLACEMENT_3D('',#10705,#10706,#10707);
#10705 = CARTESIAN_POINT('',(-202.5,34.,81.));
#10706 = DIRECTION('',(-0.,-0.,-1.));
#10707 = DIRECTION('',(-1.,0.,0.));
#10708 = DEFINITIONAL_REPRESENTATION('',(#10709),#10713);
#10709 = LINE('',#10710,#10711);
#10710 = CARTESIAN_POINT('',(1.25,-3.));
#10711 = VECTOR('',#10712,1.);
#10712 = DIRECTION('',(-1.,0.));
#10713 = ( GEOMETRIC_REPRESENTATION_CONTEXT(2)
PARAMETRIC_REPRESENTATION_CONTEXT() REPRESENTATION_CONTEXT('2D SPACE',''
  ) );
#10714 = ORIENTED_EDGE('',*,*,#10715,.T.);
#10715 = EDGE_CURVE('',#10688,#10602,#10716,.T.);
#10716 = SURFACE_CURVE('',#10717,(#10721,#10728),.PCURVE_S1.);
#10717 = LINE('',#10718,#10719);
#10718 = CARTESIAN_POINT('',(-202.5,31.,73.));
#10719 = VECTOR('',#10720,1.);
#10720 = DIRECTION('',(0.,0.,-1.));
#10721 = PCURVE('',#10219,#10722);
#10722 = DEFINITIONAL_REPRESENTATION('',(#10723),#10727);
#10723 = LINE('',#10724,#10725);
#10724 = CARTESIAN_POINT('',(-3.,2.5));
#10725 = VECTOR('',#10726,1.);
#10726 = DIRECTION('',(1.,0.));
#10727 = ( GEOMETRIC_REPRESENTATION_CONTEXT(2)
PARAMETRIC_REPRESENTATION_CONTEXT() REPRESENTATION_CONTEXT('2D SPACE',''
  ) );
#10728 = PCURVE('',#10729,#10734);
#10729 = PLANE('',#10730);
#10730 = AXIS2_PLACEMENT_3D('',#10731,#10732,#10733);
#10731 = CARTESIAN_POINT('',(-202.5,34.,76.));
#10732 = DIRECTION('',(-1.,0.,0.));
#10733 = DIRECTION('',(0.,0.,1.));
#10734 = DEFINITIONAL_REPRESENTATION('',(#10735),#10739);
#10735 = LINE('',#10736,#10737);
#10736 = CARTESIAN_POINT('',(-3.,-3.));
#10737 = VECTOR('',#10738,1.);
#10738 = DIRECTION('',(-1.,0.));
#10739 = ( GEOMETRIC_REPRESENTATION_CONTEXT(2)
PARAMETRIC_REPRESENTATION_CONTEXT() REPRESENTATION_CONTEXT('2D SPACE',''
  ) );
#10740 = ADVANCED_FACE('',(#10741,#10744,#10770,#10796,#10822,#10848,
    #10874,#10900,#10926,#10952,#10978),#10300,.F.);
#10741 = FACE_BOUND('',#10742,.F.);
#10742 = EDGE_LOOP('',(#10743));
#10743 = ORIENTED_EDGE('',*,*,#10285,.T.);
#10744 = FACE_BOUND('',#10745,.F.);
#10745 = EDGE_LOOP('',(#10746));
#10746 = ORIENTED_EDGE('',*,*,#10747,.F.);
#10747 = EDGE_CURVE('',#10748,#10748,#10750,.T.);
#10748 = VERTEX_POINT('',#10749);
#10749 = CARTESIAN_POINT('',(-234.7074039201,37.,79.058666578588));
#10750 = SURFACE_CURVE('',#10751,(#10756,#10763),.PCURVE_S1.);
#10751 = CIRCLE('',#10752,4.1);
#10752 = AXIS2_PLACEMENT_3D('',#10753,#10754,#10755);
#10753 = CARTESIAN_POINT('',(-238.8074039201,37.,79.058666578588));
#10754 = DIRECTION('',(0.,-1.,0.));
#10755 = DIRECTION('',(1.,0.,0.));
#10756 = PCURVE('',#10300,#10757);
#10757 = DEFINITIONAL_REPRESENTATION('',(#10758),#10762);
#10758 = CIRCLE('',#10759,4.1);
#10759 = AXIS2_PLACEMENT_2D('',#10760,#10761);
#10760 = CARTESIAN_POINT('',(-9.058666578588,-33.80740392011));
#10761 = DIRECTION('',(0.,1.));
#10762 = ( GEOMETRIC_REPRESENTATION_CONTEXT(2)
PARAMETRIC_REPRESENTATION_CONTEXT() REPRESENTATION_CONTEXT('2D SPACE',''
  ) );
#10763 = PCURVE('',#10337,#10764);
#10764 = DEFINITIONAL_REPRESENTATION('',(#10765),#10769);
#10765 = LINE('',#10766,#10767);
#10766 = CARTESIAN_POINT('',(0.,0.));
#10767 = VECTOR('',#10768,1.);
#10768 = DIRECTION('',(1.,0.));
#10769 = ( GEOMETRIC_REPRESENTATION_CONTEXT(2)
PARAMETRIC_REPRESENTATION_CONTEXT() REPRESENTATION_CONTEXT('2D SPACE',''
  ) );
#10770 = FACE_BOUND('',#10771,.F.);
#10771 = EDGE_LOOP('',(#10772));
#10772 = ORIENTED_EDGE('',*,*,#10773,.F.);
#10773 = EDGE_CURVE('',#10774,#10774,#10776,.T.);
#10774 = VERTEX_POINT('',#10775);
#10775 = CARTESIAN_POINT('',(-231.2108891324,37.,87.5));
#10776 = SURFACE_CURVE('',#10777,(#10782,#10789),.PCURVE_S1.);
#10777 = CIRCLE('',#10778,4.1);
#10778 = AXIS2_PLACEMENT_3D('',#10779,#10780,#10781);
#10779 = CARTESIAN_POINT('',(-235.3108891324,37.,87.5));
#10780 = DIRECTION('',(0.,-1.,0.));
#10781 = DIRECTION('',(1.,0.,0.));
#10782 = PCURVE('',#10300,#10783);
#10783 = DEFINITIONAL_REPRESENTATION('',(#10784),#10788);
#10784 = CIRCLE('',#10785,4.1);
#10785 = AXIS2_PLACEMENT_2D('',#10786,#10787);
#10786 = CARTESIAN_POINT('',(-17.5,-30.31088913245));
#10787 = DIRECTION('',(0.,1.));
#10788 = ( GEOMETRIC_REPRESENTATION_CONTEXT(2)
PARAMETRIC_REPRESENTATION_CONTEXT() REPRESENTATION_CONTEXT('2D SPACE',''
  ) );
#10789 = PCURVE('',#10368,#10790);
#10790 = DEFINITIONAL_REPRESENTATION('',(#10791),#10795);
#10791 = LINE('',#10792,#10793);
#10792 = CARTESIAN_POINT('',(0.,0.));
#10793 = VECTOR('',#10794,1.);
#10794 = DIRECTION('',(1.,0.));
#10795 = ( GEOMETRIC_REPRESENTATION_CONTEXT(2)
PARAMETRIC_REPRESENTATION_CONTEXT() REPRESENTATION_CONTEXT('2D SPACE',''
  ) );
#10796 = FACE_BOUND('',#10797,.F.);
#10797 = EDGE_LOOP('',(#10798));
#10798 = ORIENTED_EDGE('',*,*,#10799,.F.);
#10799 = EDGE_CURVE('',#10800,#10800,#10802,.T.);
#10800 = VERTEX_POINT('',#10801);
#10801 = CARTESIAN_POINT('',(-225.6487373415,37.,94.748737341529));
#10802 = SURFACE_CURVE('',#10803,(#10808,#10815),.PCURVE_S1.);
#10803 = CIRCLE('',#10804,4.1);
#10804 = AXIS2_PLACEMENT_3D('',#10805,#10806,#10807);
#10805 = CARTESIAN_POINT('',(-229.7487373415,37.,94.748737341529));
#10806 = DIRECTION('',(0.,-1.,0.));
#10807 = DIRECTION('',(1.,0.,0.));
#10808 = PCURVE('',#10300,#10809);
#10809 = DEFINITIONAL_REPRESENTATION('',(#10810),#10814);
#10810 = CIRCLE('',#10811,4.1);
#10811 = AXIS2_PLACEMENT_2D('',#10812,#10813);
#10812 = CARTESIAN_POINT('',(-24.74873734152,-24.74873734152));
#10813 = DIRECTION('',(0.,1.));
#10814 = ( GEOMETRIC_REPRESENTATION_CONTEXT(2)
PARAMETRIC_REPRESENTATION_CONTEXT() REPRESENTATION_CONTEXT('2D SPACE',''
  ) );
#10815 = PCURVE('',#10399,#10816);
#10816 = DEFINITIONAL_REPRESENTATION('',(#10817),#10821);
#10817 = LINE('',#10818,#10819);
#10818 = CARTESIAN_POINT('',(0.,0.));
#10819 = VECTOR('',#10820,1.);
#10820 = DIRECTION('',(1.,0.));
#10821 = ( GEOMETRIC_REPRESENTATION_CONTEXT(2)
PARAMETRIC_REPRESENTATION_CONTEXT() REPRESENTATION_CONTEXT('2D SPACE',''
  ) );
#10822 = FACE_BOUND('',#10823,.F.);
#10823 = EDGE_LOOP('',(#10824));
#10824 = ORIENTED_EDGE('',*,*,#10825,.F.);
#10825 = EDGE_CURVE('',#10826,#10826,#10828,.T.);
#10826 = VERTEX_POINT('',#10827);
#10827 = CARTESIAN_POINT('',(-218.4,37.,100.31088913245));
#10828 = SURFACE_CURVE('',#10829,(#10834,#10841),.PCURVE_S1.);
#10829 = CIRCLE('',#10830,4.1);
#10830 = AXIS2_PLACEMENT_3D('',#10831,#10832,#10833);
#10831 = CARTESIAN_POINT('',(-222.5,37.,100.31088913245));
#10832 = DIRECTION('',(0.,-1.,0.));
#10833 = DIRECTION('',(1.,0.,0.));
#10834 = PCURVE('',#10300,#10835);
#10835 = DEFINITIONAL_REPRESENTATION('',(#10836),#10840);
#10836 = CIRCLE('',#10837,4.1);
#10837 = AXIS2_PLACEMENT_2D('',#10838,#10839);
#10838 = CARTESIAN_POINT('',(-30.31088913245,-17.5));
#10839 = DIRECTION('',(0.,1.));
#10840 = ( GEOMETRIC_REPRESENTATION_CONTEXT(2)
PARAMETRIC_REPRESENTATION_CONTEXT() REPRESENTATION_CONTEXT('2D SPACE',''
  ) );
#10841 = PCURVE('',#10430,#10842);
#10842 = DEFINITIONAL_REPRESENTATION('',(#10843),#10847);
#10843 = LINE('',#10844,#10845);
#10844 = CARTESIAN_POINT('',(0.,0.));
#10845 = VECTOR('',#10846,1.);
#10846 = DIRECTION('',(1.,0.));
#10847 = ( GEOMETRIC_REPRESENTATION_CONTEXT(2)
PARAMETRIC_REPRESENTATION_CONTEXT() REPRESENTATION_CONTEXT('2D SPACE',''
  ) );
#10848 = FACE_BOUND('',#10849,.F.);
#10849 = EDGE_LOOP('',(#10850));
#10850 = ORIENTED_EDGE('',*,*,#10851,.F.);
#10851 = EDGE_CURVE('',#10852,#10852,#10854,.T.);
#10852 = VERTEX_POINT('',#10853);
#10853 = CARTESIAN_POINT('',(-235.9,37.,70.));
#10854 = SURFACE_CURVE('',#10855,(#10860,#10867),.PCURVE_S1.);
#10855 = CIRCLE('',#10856,4.1);
#10856 = AXIS2_PLACEMENT_3D('',#10857,#10858,#10859);
#10857 = CARTESIAN_POINT('',(-240.,37.,70.));
#10858 = DIRECTION('',(0.,-1.,0.));
#10859 = DIRECTION('',(1.,0.,0.));
#10860 = PCURVE('',#10300,#10861);
#10861 = DEFINITIONAL_REPRESENTATION('',(#10862),#10866);
#10862 = CIRCLE('',#10863,4.1);
#10863 = AXIS2_PLACEMENT_2D('',#10864,#10865);
#10864 = CARTESIAN_POINT('',(0.,-35.));
#10865 = DIRECTION('',(0.,1.));
#10866 = ( GEOMETRIC_REPRESENTATION_CONTEXT(2)
PARAMETRIC_REPRESENTATION_CONTEXT() REPRESENTATION_CONTEXT('2D SPACE',''
  ) );
#10867 = PCURVE('',#10461,#10868);
#10868 = DEFINITIONAL_REPRESENTATION('',(#10869),#10873);
#10869 = LINE('',#10870,#10871);
#10870 = CARTESIAN_POINT('',(0.,0.));
#10871 = VECTOR('',#10872,1.);
#10872 = DIRECTION('',(1.,0.));
#10873 = ( GEOMETRIC_REPRESENTATION_CONTEXT(2)
PARAMETRIC_REPRESENTATION_CONTEXT() REPRESENTATION_CONTEXT('2D SPACE',''
  ) );
#10874 = FACE_BOUND('',#10875,.F.);
#10875 = EDGE_LOOP('',(#10876));
#10876 = ORIENTED_EDGE('',*,*,#10877,.F.);
#10877 = EDGE_CURVE('',#10878,#10878,#10880,.T.);
#10878 = VERTEX_POINT('',#10879);
#10879 = CARTESIAN_POINT('',(-234.7074039201,37.,60.941333421412));
#10880 = SURFACE_CURVE('',#10881,(#10886,#10893),.PCURVE_S1.);
#10881 = CIRCLE('',#10882,4.1);
#10882 = AXIS2_PLACEMENT_3D('',#10883,#10884,#10885);
#10883 = CARTESIAN_POINT('',(-238.8074039201,37.,60.941333421412));
#10884 = DIRECTION('',(0.,-1.,0.));
#10885 = DIRECTION('',(1.,0.,0.));
#10886 = PCURVE('',#10300,#10887);
#10887 = DEFINITIONAL_REPRESENTATION('',(#10888),#10892);
#10888 = CIRCLE('',#10889,4.1);
#10889 = AXIS2_PLACEMENT_2D('',#10890,#10891);
#10890 = CARTESIAN_POINT('',(9.058666578588,-33.80740392011));
#10891 = DIRECTION('',(0.,1.));
#10892 = ( GEOMETRIC_REPRESENTATION_CONTEXT(2)
PARAMETRIC_REPRESENTATION_CONTEXT() REPRESENTATION_CONTEXT('2D SPACE',''
  ) );
#10893 = PCURVE('',#10492,#10894);
#10894 = DEFINITIONAL_REPRESENTATION('',(#10895),#10899);
#10895 = LINE('',#10896,#10897);
#10896 = CARTESIAN_POINT('',(0.,0.));
#10897 = VECTOR('',#10898,1.);
#10898 = DIRECTION('',(1.,0.));
#10899 = ( GEOMETRIC_REPRESENTATION_CONTEXT(2)
PARAMETRIC_REPRESENTATION_CONTEXT() REPRESENTATION_CONTEXT('2D SPACE',''
  ) );
#10900 = FACE_BOUND('',#10901,.F.);
#10901 = EDGE_LOOP('',(#10902));
#10902 = ORIENTED_EDGE('',*,*,#10903,.F.);
#10903 = EDGE_CURVE('',#10904,#10904,#10906,.T.);
#10904 = VERTEX_POINT('',#10905);
#10905 = CARTESIAN_POINT('',(-231.2108891324,37.,52.5));
#10906 = SURFACE_CURVE('',#10907,(#10912,#10919),.PCURVE_S1.);
#10907 = CIRCLE('',#10908,4.1);
#10908 = AXIS2_PLACEMENT_3D('',#10909,#10910,#10911);
#10909 = CARTESIAN_POINT('',(-235.3108891324,37.,52.5));
#10910 = DIRECTION('',(0.,-1.,0.));
#10911 = DIRECTION('',(1.,0.,0.));
#10912 = PCURVE('',#10300,#10913);
#10913 = DEFINITIONAL_REPRESENTATION('',(#10914),#10918);
#10914 = CIRCLE('',#10915,4.1);
#10915 = AXIS2_PLACEMENT_2D('',#10916,#10917);
#10916 = CARTESIAN_POINT('',(17.5,-30.31088913245));
#10917 = DIRECTION('',(0.,1.));
#10918 = ( GEOMETRIC_REPRESENTATION_CONTEXT(2)
PARAMETRIC_REPRESENTATION_CONTEXT() REPRESENTATION_CONTEXT('2D SPACE',''
  ) );
#10919 = PCURVE('',#10523,#10920);
#10920 = DEFINITIONAL_REPRESENTATION('',(#10921),#10925);
#10921 = LINE('',#10922,#10923);
#10922 = CARTESIAN_POINT('',(0.,0.));
#10923 = VECTOR('',#10924,1.);
#10924 = DIRECTION('',(1.,0.));
#10925 = ( GEOMETRIC_REPRESENTATION_CONTEXT(2)
PARAMETRIC_REPRESENTATION_CONTEXT() REPRESENTATION_CONTEXT('2D SPACE',''
  ) );
#10926 = FACE_BOUND('',#10927,.F.);
#10927 = EDGE_LOOP('',(#10928));
#10928 = ORIENTED_EDGE('',*,*,#10929,.F.);
#10929 = EDGE_CURVE('',#10930,#10930,#10932,.T.);
#10930 = VERTEX_POINT('',#10931);
#10931 = CARTESIAN_POINT('',(-209.9586665785,37.,103.80740392011));
#10932 = SURFACE_CURVE('',#10933,(#10938,#10945),.PCURVE_S1.);
#10933 = CIRCLE('',#10934,4.1);
#10934 = AXIS2_PLACEMENT_3D('',#10935,#10936,#10937);
#10935 = CARTESIAN_POINT('',(-214.0586665785,37.,103.80740392011));
#10936 = DIRECTION('',(0.,-1.,0.));
#10937 = DIRECTION('',(1.,0.,0.));
#10938 = PCURVE('',#10300,#10939);
#10939 = DEFINITIONAL_REPRESENTATION('',(#10940),#10944);
#10940 = CIRCLE('',#10941,4.1);
#10941 = AXIS2_PLACEMENT_2D('',#10942,#10943);
#10942 = CARTESIAN_POINT('',(-33.80740392011,-9.058666578588));
#10943 = DIRECTION('',(0.,1.));
#10944 = ( GEOMETRIC_REPRESENTATION_CONTEXT(2)
PARAMETRIC_REPRESENTATION_CONTEXT() REPRESENTATION_CONTEXT('2D SPACE',''
  ) );
#10945 = PCURVE('',#10554,#10946);
#10946 = DEFINITIONAL_REPRESENTATION('',(#10947),#10951);
#10947 = LINE('',#10948,#10949);
#10948 = CARTESIAN_POINT('',(0.,0.));
#10949 = VECTOR('',#10950,1.);
#10950 = DIRECTION('',(1.,0.));
#10951 = ( GEOMETRIC_REPRESENTATION_CONTEXT(2)
PARAMETRIC_REPRESENTATION_CONTEXT() REPRESENTATION_CONTEXT('2D SPACE',''
  ) );
#10952 = FACE_BOUND('',#10953,.F.);
#10953 = EDGE_LOOP('',(#10954));
#10954 = ORIENTED_EDGE('',*,*,#10955,.F.);
#10955 = EDGE_CURVE('',#10956,#10956,#10958,.T.);
#10956 = VERTEX_POINT('',#10957);
#10957 = CARTESIAN_POINT('',(-200.9,37.,105.));
#10958 = SURFACE_CURVE('',#10959,(#10964,#10971),.PCURVE_S1.);
#10959 = CIRCLE('',#10960,4.1);
#10960 = AXIS2_PLACEMENT_3D('',#10961,#10962,#10963);
#10961 = CARTESIAN_POINT('',(-205.,37.,105.));
#10962 = DIRECTION('',(0.,-1.,0.));
#10963 = DIRECTION('',(1.,0.,0.));
#10964 = PCURVE('',#10300,#10965);
#10965 = DEFINITIONAL_REPRESENTATION('',(#10966),#10970);
#10966 = CIRCLE('',#10967,4.1);
#10967 = AXIS2_PLACEMENT_2D('',#10968,#10969);
#10968 = CARTESIAN_POINT('',(-35.,0.));
#10969 = DIRECTION('',(0.,1.));
#10970 = ( GEOMETRIC_REPRESENTATION_CONTEXT(2)
PARAMETRIC_REPRESENTATION_CONTEXT() REPRESENTATION_CONTEXT('2D SPACE',''
  ) );
#10971 = PCURVE('',#10585,#10972);
#10972 = DEFINITIONAL_REPRESENTATION('',(#10973),#10977);
#10973 = LINE('',#10974,#10975);
#10974 = CARTESIAN_POINT('',(0.,0.));
#10975 = VECTOR('',#10976,1.);
#10976 = DIRECTION('',(1.,0.));
#10977 = ( GEOMETRIC_REPRESENTATION_CONTEXT(2)
PARAMETRIC_REPRESENTATION_CONTEXT() REPRESENTATION_CONTEXT('2D SPACE',''
  ) );
#10978 = FACE_BOUND('',#10979,.F.);
#10979 = EDGE_LOOP('',(#10980,#11011,#11040,#11063,#11086));
#10980 = ORIENTED_EDGE('',*,*,#10981,.F.);
#10981 = EDGE_CURVE('',#10982,#10984,#10986,.T.);
#10982 = VERTEX_POINT('',#10983);
#10983 = CARTESIAN_POINT('',(-196.5,37.,70.));
#10984 = VERTEX_POINT('',#10985);
#10985 = CARTESIAN_POINT('',(-202.5,37.,78.124038404636));
#10986 = SURFACE_CURVE('',#10987,(#10992,#10999),.PCURVE_S1.);
#10987 = CIRCLE('',#10988,8.5);
#10988 = AXIS2_PLACEMENT_3D('',#10989,#10990,#10991);
#10989 = CARTESIAN_POINT('',(-205.,37.,70.));
#10990 = DIRECTION('',(0.,-1.,0.));
#10991 = DIRECTION('',(1.,0.,0.));
#10992 = PCURVE('',#10300,#10993);
#10993 = DEFINITIONAL_REPRESENTATION('',(#10994),#10998);
#10994 = CIRCLE('',#10995,8.5);
#10995 = AXIS2_PLACEMENT_2D('',#10996,#10997);
#10996 = CARTESIAN_POINT('',(0.,1.989519660128E-13));
#10997 = DIRECTION('',(0.,1.));
#10998 = ( GEOMETRIC_REPRESENTATION_CONTEXT(2)
PARAMETRIC_REPRESENTATION_CONTEXT() REPRESENTATION_CONTEXT('2D SPACE',''
  ) );
#10999 = PCURVE('',#11000,#11005);
#11000 = CYLINDRICAL_SURFACE('',#11001,8.5);
#11001 = AXIS2_PLACEMENT_3D('',#11002,#11003,#11004);
#11002 = CARTESIAN_POINT('',(-205.,34.,70.));
#11003 = DIRECTION('',(0.,-1.,0.));
#11004 = DIRECTION('',(1.,0.,0.));
#11005 = DEFINITIONAL_REPRESENTATION('',(#11006),#11010);
#11006 = LINE('',#11007,#11008);
#11007 = CARTESIAN_POINT('',(0.,-3.));
#11008 = VECTOR('',#11009,1.);
#11009 = DIRECTION('',(1.,0.));
#11010 = ( GEOMETRIC_REPRESENTATION_CONTEXT(2)
PARAMETRIC_REPRESENTATION_CONTEXT() REPRESENTATION_CONTEXT('2D SPACE',''
  ) );
#11011 = ORIENTED_EDGE('',*,*,#11012,.F.);
#11012 = EDGE_CURVE('',#11013,#10982,#11015,.T.);
#11013 = VERTEX_POINT('',#11014);
#11014 = CARTESIAN_POINT('',(-207.5,37.,78.124038404636));
#11015 = SURFACE_CURVE('',#11016,(#11021,#11028),.PCURVE_S1.);
#11016 = CIRCLE('',#11017,8.5);
#11017 = AXIS2_PLACEMENT_3D('',#11018,#11019,#11020);
#11018 = CARTESIAN_POINT('',(-205.,37.,70.));
#11019 = DIRECTION('',(0.,-1.,0.));
#11020 = DIRECTION('',(1.,0.,0.));
#11021 = PCURVE('',#10300,#11022);
#11022 = DEFINITIONAL_REPRESENTATION('',(#11023),#11027);
#11023 = CIRCLE('',#11024,8.5);
#11024 = AXIS2_PLACEMENT_2D('',#11025,#11026);
#11025 = CARTESIAN_POINT('',(0.,1.989519660128E-13));
#11026 = DIRECTION('',(0.,1.));
#11027 = ( GEOMETRIC_REPRESENTATION_CONTEXT(2)
PARAMETRIC_REPRESENTATION_CONTEXT() REPRESENTATION_CONTEXT('2D SPACE',''
  ) );
#11028 = PCURVE('',#11029,#11034);
#11029 = CYLINDRICAL_SURFACE('',#11030,8.5);
#11030 = AXIS2_PLACEMENT_3D('',#11031,#11032,#11033);
#11031 = CARTESIAN_POINT('',(-205.,34.,70.));
#11032 = DIRECTION('',(0.,-1.,0.));
#11033 = DIRECTION('',(1.,0.,0.));
#11034 = DEFINITIONAL_REPRESENTATION('',(#11035),#11039);
#11035 = LINE('',#11036,#11037);
#11036 = CARTESIAN_POINT('',(0.,-3.));
#11037 = VECTOR('',#11038,1.);
#11038 = DIRECTION('',(1.,0.));
#11039 = ( GEOMETRIC_REPRESENTATION_CONTEXT(2)
PARAMETRIC_REPRESENTATION_CONTEXT() REPRESENTATION_CONTEXT('2D SPACE',''
  ) );
#11040 = ORIENTED_EDGE('',*,*,#11041,.T.);
#11041 = EDGE_CURVE('',#11013,#11042,#11044,.T.);
#11042 = VERTEX_POINT('',#11043);
#11043 = CARTESIAN_POINT('',(-207.5,37.,81.));
#11044 = SURFACE_CURVE('',#11045,(#11049,#11056),.PCURVE_S1.);
#11045 = LINE('',#11046,#11047);
#11046 = CARTESIAN_POINT('',(-207.5,37.,75.5));
#11047 = VECTOR('',#11048,1.);
#11048 = DIRECTION('',(0.,0.,1.));
#11049 = PCURVE('',#10300,#11050);
#11050 = DEFINITIONAL_REPRESENTATION('',(#11051),#11055);
#11051 = LINE('',#11052,#11053);
#11052 = CARTESIAN_POINT('',(-5.5,-2.5));
#11053 = VECTOR('',#11054,1.);
#11054 = DIRECTION('',(-1.,0.));
#11055 = ( GEOMETRIC_REPRESENTATION_CONTEXT(2)
PARAMETRIC_REPRESENTATION_CONTEXT() REPRESENTATION_CONTEXT('2D SPACE',''
  ) );
#11056 = PCURVE('',#10675,#11057);
#11057 = DEFINITIONAL_REPRESENTATION('',(#11058),#11062);
#11058 = LINE('',#11059,#11060);
#11059 = CARTESIAN_POINT('',(5.5,3.));
#11060 = VECTOR('',#11061,1.);
#11061 = DIRECTION('',(-1.,0.));
#11062 = ( GEOMETRIC_REPRESENTATION_CONTEXT(2)
PARAMETRIC_REPRESENTATION_CONTEXT() REPRESENTATION_CONTEXT('2D SPACE',''
  ) );
#11063 = ORIENTED_EDGE('',*,*,#11064,.T.);
#11064 = EDGE_CURVE('',#11042,#11065,#11067,.T.);
#11065 = VERTEX_POINT('',#11066);
#11066 = CARTESIAN_POINT('',(-202.5,37.,81.));
#11067 = SURFACE_CURVE('',#11068,(#11072,#11079),.PCURVE_S1.);
#11068 = LINE('',#11069,#11070);
#11069 = CARTESIAN_POINT('',(-203.75,37.,81.));
#11070 = VECTOR('',#11071,1.);
#11071 = DIRECTION('',(1.,0.,0.));
#11072 = PCURVE('',#10300,#11073);
#11073 = DEFINITIONAL_REPRESENTATION('',(#11074),#11078);
#11074 = LINE('',#11075,#11076);
#11075 = CARTESIAN_POINT('',(-11.,1.25));
#11076 = VECTOR('',#11077,1.);
#11077 = DIRECTION('',(0.,1.));
#11078 = ( GEOMETRIC_REPRESENTATION_CONTEXT(2)
PARAMETRIC_REPRESENTATION_CONTEXT() REPRESENTATION_CONTEXT('2D SPACE',''
  ) );
#11079 = PCURVE('',#10703,#11080);
#11080 = DEFINITIONAL_REPRESENTATION('',(#11081),#11085);
#11081 = LINE('',#11082,#11083);
#11082 = CARTESIAN_POINT('',(1.25,3.));
#11083 = VECTOR('',#11084,1.);
#11084 = DIRECTION('',(-1.,0.));
#11085 = ( GEOMETRIC_REPRESENTATION_CONTEXT(2)
PARAMETRIC_REPRESENTATION_CONTEXT() REPRESENTATION_CONTEXT('2D SPACE',''
  ) );
#11086 = ORIENTED_EDGE('',*,*,#11087,.T.);
#11087 = EDGE_CURVE('',#11065,#10984,#11088,.T.);
#11088 = SURFACE_CURVE('',#11089,(#11093,#11100),.PCURVE_S1.);
#11089 = LINE('',#11090,#11091);
#11090 = CARTESIAN_POINT('',(-202.5,37.,73.));
#11091 = VECTOR('',#11092,1.);
#11092 = DIRECTION('',(0.,0.,-1.));
#11093 = PCURVE('',#10300,#11094);
#11094 = DEFINITIONAL_REPRESENTATION('',(#11095),#11099);
#11095 = LINE('',#11096,#11097);
#11096 = CARTESIAN_POINT('',(-3.,2.5));
#11097 = VECTOR('',#11098,1.);
#11098 = DIRECTION('',(1.,0.));
#11099 = ( GEOMETRIC_REPRESENTATION_CONTEXT(2)
PARAMETRIC_REPRESENTATION_CONTEXT() REPRESENTATION_CONTEXT('2D SPACE',''
  ) );
#11100 = PCURVE('',#10729,#11101);
#11101 = DEFINITIONAL_REPRESENTATION('',(#11102),#11106);
#11102 = LINE('',#11103,#11104);
#11103 = CARTESIAN_POINT('',(-3.,3.));
#11104 = VECTOR('',#11105,1.);
#11105 = DIRECTION('',(-1.,0.));
#11106 = ( GEOMETRIC_REPRESENTATION_CONTEXT(2)
PARAMETRIC_REPRESENTATION_CONTEXT() REPRESENTATION_CONTEXT('2D SPACE',''
  ) );
#11107 = ADVANCED_FACE('',(#11108),#10337,.F.);
#11108 = FACE_BOUND('',#11109,.F.);
#11109 = EDGE_LOOP('',(#11110,#11111,#11132,#11133));
#11110 = ORIENTED_EDGE('',*,*,#10320,.F.);
#11111 = ORIENTED_EDGE('',*,*,#11112,.F.);
#11112 = EDGE_CURVE('',#10748,#10321,#11113,.T.);
#11113 = SEAM_CURVE('',#11114,(#11118,#11125),.PCURVE_S1.);
#11114 = LINE('',#11115,#11116);
#11115 = CARTESIAN_POINT('',(-234.7074039201,37.,79.058666578588));
#11116 = VECTOR('',#11117,1.);
#11117 = DIRECTION('',(0.,-1.,0.));
#11118 = PCURVE('',#10337,#11119);
#11119 = DEFINITIONAL_REPRESENTATION('',(#11120),#11124);
#11120 = LINE('',#11121,#11122);
#11121 = CARTESIAN_POINT('',(6.28318530718,-0.));
#11122 = VECTOR('',#11123,1.);
#11123 = DIRECTION('',(0.,1.));
#11124 = ( GEOMETRIC_REPRESENTATION_CONTEXT(2)
PARAMETRIC_REPRESENTATION_CONTEXT() REPRESENTATION_CONTEXT('2D SPACE',''
  ) );
#11125 = PCURVE('',#10337,#11126);
#11126 = DEFINITIONAL_REPRESENTATION('',(#11127),#11131);
#11127 = LINE('',#11128,#11129);
#11128 = CARTESIAN_POINT('',(0.,-0.));
#11129 = VECTOR('',#11130,1.);
#11130 = DIRECTION('',(0.,1.));
#11131 = ( GEOMETRIC_REPRESENTATION_CONTEXT(2)
PARAMETRIC_REPRESENTATION_CONTEXT() REPRESENTATION_CONTEXT('2D SPACE',''
  ) );
#11132 = ORIENTED_EDGE('',*,*,#10747,.T.);
#11133 = ORIENTED_EDGE('',*,*,#11112,.T.);
#11134 = ADVANCED_FACE('',(#11135),#10368,.F.);
#11135 = FACE_BOUND('',#11136,.F.);
#11136 = EDGE_LOOP('',(#11137,#11138,#11159,#11160));
#11137 = ORIENTED_EDGE('',*,*,#10351,.F.);
#11138 = ORIENTED_EDGE('',*,*,#11139,.F.);
#11139 = EDGE_CURVE('',#10774,#10352,#11140,.T.);
#11140 = SEAM_CURVE('',#11141,(#11145,#11152),.PCURVE_S1.);
#11141 = LINE('',#11142,#11143);
#11142 = CARTESIAN_POINT('',(-231.2108891324,37.,87.5));
#11143 = VECTOR('',#11144,1.);
#11144 = DIRECTION('',(0.,-1.,0.));
#11145 = PCURVE('',#10368,#11146);
#11146 = DEFINITIONAL_REPRESENTATION('',(#11147),#11151);
#11147 = LINE('',#11148,#11149);
#11148 = CARTESIAN_POINT('',(6.28318530718,-0.));
#11149 = VECTOR('',#11150,1.);
#11150 = DIRECTION('',(0.,1.));
#11151 = ( GEOMETRIC_REPRESENTATION_CONTEXT(2)
PARAMETRIC_REPRESENTATION_CONTEXT() REPRESENTATION_CONTEXT('2D SPACE',''
  ) );
#11152 = PCURVE('',#10368,#11153);
#11153 = DEFINITIONAL_REPRESENTATION('',(#11154),#11158);
#11154 = LINE('',#11155,#11156);
#11155 = CARTESIAN_POINT('',(0.,-0.));
#11156 = VECTOR('',#11157,1.);
#11157 = DIRECTION('',(0.,1.));
#11158 = ( GEOMETRIC_REPRESENTATION_CONTEXT(2)
PARAMETRIC_REPRESENTATION_CONTEXT() REPRESENTATION_CONTEXT('2D SPACE',''
  ) );
#11159 = ORIENTED_EDGE('',*,*,#10773,.T.);
#11160 = ORIENTED_EDGE('',*,*,#11139,.T.);
#11161 = ADVANCED_FACE('',(#11162),#10399,.F.);
#11162 = FACE_BOUND('',#11163,.F.);
#11163 = EDGE_LOOP('',(#11164,#11165,#11186,#11187));
#11164 = ORIENTED_EDGE('',*,*,#10382,.F.);
#11165 = ORIENTED_EDGE('',*,*,#11166,.F.);
#11166 = EDGE_CURVE('',#10800,#10383,#11167,.T.);
#11167 = SEAM_CURVE('',#11168,(#11172,#11179),.PCURVE_S1.);
#11168 = LINE('',#11169,#11170);
#11169 = CARTESIAN_POINT('',(-225.6487373415,37.,94.748737341529));
#11170 = VECTOR('',#11171,1.);
#11171 = DIRECTION('',(0.,-1.,0.));
#11172 = PCURVE('',#10399,#11173);
#11173 = DEFINITIONAL_REPRESENTATION('',(#11174),#11178);
#11174 = LINE('',#11175,#11176);
#11175 = CARTESIAN_POINT('',(6.28318530718,-0.));
#11176 = VECTOR('',#11177,1.);
#11177 = DIRECTION('',(0.,1.));
#11178 = ( GEOMETRIC_REPRESENTATION_CONTEXT(2)
PARAMETRIC_REPRESENTATION_CONTEXT() REPRESENTATION_CONTEXT('2D SPACE',''
  ) );
#11179 = PCURVE('',#10399,#11180);
#11180 = DEFINITIONAL_REPRESENTATION('',(#11181),#11185);
#11181 = LINE('',#11182,#11183);
#11182 = CARTESIAN_POINT('',(0.,-0.));
#11183 = VECTOR('',#11184,1.);
#11184 = DIRECTION('',(0.,1.));
#11185 = ( GEOMETRIC_REPRESENTATION_CONTEXT(2)
PARAMETRIC_REPRESENTATION_CONTEXT() REPRESENTATION_CONTEXT('2D SPACE',''
  ) );
#11186 = ORIENTED_EDGE('',*,*,#10799,.T.);
#11187 = ORIENTED_EDGE('',*,*,#11166,.T.);
#11188 = ADVANCED_FACE('',(#11189),#10430,.F.);
#11189 = FACE_BOUND('',#11190,.F.);
#11190 = EDGE_LOOP('',(#11191,#11192,#11213,#11214));
#11191 = ORIENTED_EDGE('',*,*,#10413,.F.);
#11192 = ORIENTED_EDGE('',*,*,#11193,.F.);
#11193 = EDGE_CURVE('',#10826,#10414,#11194,.T.);
#11194 = SEAM_CURVE('',#11195,(#11199,#11206),.PCURVE_S1.);
#11195 = LINE('',#11196,#11197);
#11196 = CARTESIAN_POINT('',(-218.4,37.,100.31088913245));
#11197 = VECTOR('',#11198,1.);
#11198 = DIRECTION('',(0.,-1.,0.));
#11199 = PCURVE('',#10430,#11200);
#11200 = DEFINITIONAL_REPRESENTATION('',(#11201),#11205);
#11201 = LINE('',#11202,#11203);
#11202 = CARTESIAN_POINT('',(6.28318530718,-0.));
#11203 = VECTOR('',#11204,1.);
#11204 = DIRECTION('',(0.,1.));
#11205 = ( GEOMETRIC_REPRESENTATION_CONTEXT(2)
PARAMETRIC_REPRESENTATION_CONTEXT() REPRESENTATION_CONTEXT('2D SPACE',''
  ) );
#11206 = PCURVE('',#10430,#11207);
#11207 = DEFINITIONAL_REPRESENTATION('',(#11208),#11212);
#11208 = LINE('',#11209,#11210);
#11209 = CARTESIAN_POINT('',(0.,-0.));
#11210 = VECTOR('',#11211,1.);
#11211 = DIRECTION('',(0.,1.));
#11212 = ( GEOMETRIC_REPRESENTATION_CONTEXT(2)
PARAMETRIC_REPRESENTATION_CONTEXT() REPRESENTATION_CONTEXT('2D SPACE',''
  ) );
#11213 = ORIENTED_EDGE('',*,*,#10825,.T.);
#11214 = ORIENTED_EDGE('',*,*,#11193,.T.);
#11215 = ADVANCED_FACE('',(#11216),#10461,.F.);
#11216 = FACE_BOUND('',#11217,.F.);
#11217 = EDGE_LOOP('',(#11218,#11219,#11240,#11241));
#11218 = ORIENTED_EDGE('',*,*,#10444,.F.);
#11219 = ORIENTED_EDGE('',*,*,#11220,.F.);
#11220 = EDGE_CURVE('',#10852,#10445,#11221,.T.);
#11221 = SEAM_CURVE('',#11222,(#11226,#11233),.PCURVE_S1.);
#11222 = LINE('',#11223,#11224);
#11223 = CARTESIAN_POINT('',(-235.9,37.,70.));
#11224 = VECTOR('',#11225,1.);
#11225 = DIRECTION('',(0.,-1.,0.));
#11226 = PCURVE('',#10461,#11227);
#11227 = DEFINITIONAL_REPRESENTATION('',(#11228),#11232);
#11228 = LINE('',#11229,#11230);
#11229 = CARTESIAN_POINT('',(6.28318530718,-0.));
#11230 = VECTOR('',#11231,1.);
#11231 = DIRECTION('',(0.,1.));
#11232 = ( GEOMETRIC_REPRESENTATION_CONTEXT(2)
PARAMETRIC_REPRESENTATION_CONTEXT() REPRESENTATION_CONTEXT('2D SPACE',''
  ) );
#11233 = PCURVE('',#10461,#11234);
#11234 = DEFINITIONAL_REPRESENTATION('',(#11235),#11239);
#11235 = LINE('',#11236,#11237);
#11236 = CARTESIAN_POINT('',(0.,-0.));
#11237 = VECTOR('',#11238,1.);
#11238 = DIRECTION('',(0.,1.));
#11239 = ( GEOMETRIC_REPRESENTATION_CONTEXT(2)
PARAMETRIC_REPRESENTATION_CONTEXT() REPRESENTATION_CONTEXT('2D SPACE',''
  ) );
#11240 = ORIENTED_EDGE('',*,*,#10851,.T.);
#11241 = ORIENTED_EDGE('',*,*,#11220,.T.);
#11242 = ADVANCED_FACE('',(#11243),#10492,.F.);
#11243 = FACE_BOUND('',#11244,.F.);
#11244 = EDGE_LOOP('',(#11245,#11246,#11267,#11268));
#11245 = ORIENTED_EDGE('',*,*,#10475,.F.);
#11246 = ORIENTED_EDGE('',*,*,#11247,.F.);
#11247 = EDGE_CURVE('',#10878,#10476,#11248,.T.);
#11248 = SEAM_CURVE('',#11249,(#11253,#11260),.PCURVE_S1.);
#11249 = LINE('',#11250,#11251);
#11250 = CARTESIAN_POINT('',(-234.7074039201,37.,60.941333421412));
#11251 = VECTOR('',#11252,1.);
#11252 = DIRECTION('',(0.,-1.,0.));
#11253 = PCURVE('',#10492,#11254);
#11254 = DEFINITIONAL_REPRESENTATION('',(#11255),#11259);
#11255 = LINE('',#11256,#11257);
#11256 = CARTESIAN_POINT('',(6.28318530718,-0.));
#11257 = VECTOR('',#11258,1.);
#11258 = DIRECTION('',(0.,1.));
#11259 = ( GEOMETRIC_REPRESENTATION_CONTEXT(2)
PARAMETRIC_REPRESENTATION_CONTEXT() REPRESENTATION_CONTEXT('2D SPACE',''
  ) );
#11260 = PCURVE('',#10492,#11261);
#11261 = DEFINITIONAL_REPRESENTATION('',(#11262),#11266);
#11262 = LINE('',#11263,#11264);
#11263 = CARTESIAN_POINT('',(0.,-0.));
#11264 = VECTOR('',#11265,1.);
#11265 = DIRECTION('',(0.,1.));
#11266 = ( GEOMETRIC_REPRESENTATION_CONTEXT(2)
PARAMETRIC_REPRESENTATION_CONTEXT() REPRESENTATION_CONTEXT('2D SPACE',''
  ) );
#11267 = ORIENTED_EDGE('',*,*,#10877,.T.);
#11268 = ORIENTED_EDGE('',*,*,#11247,.T.);
#11269 = ADVANCED_FACE('',(#11270),#10523,.F.);
#11270 = FACE_BOUND('',#11271,.F.);
#11271 = EDGE_LOOP('',(#11272,#11273,#11294,#11295));
#11272 = ORIENTED_EDGE('',*,*,#10506,.F.);
#11273 = ORIENTED_EDGE('',*,*,#11274,.F.);
#11274 = EDGE_CURVE('',#10904,#10507,#11275,.T.);
#11275 = SEAM_CURVE('',#11276,(#11280,#11287),.PCURVE_S1.);
#11276 = LINE('',#11277,#11278);
#11277 = CARTESIAN_POINT('',(-231.2108891324,37.,52.5));
#11278 = VECTOR('',#11279,1.);
#11279 = DIRECTION('',(0.,-1.,0.));
#11280 = PCURVE('',#10523,#11281);
#11281 = DEFINITIONAL_REPRESENTATION('',(#11282),#11286);
#11282 = LINE('',#11283,#11284);
#11283 = CARTESIAN_POINT('',(6.28318530718,-0.));
#11284 = VECTOR('',#11285,1.);
#11285 = DIRECTION('',(0.,1.));
#11286 = ( GEOMETRIC_REPRESENTATION_CONTEXT(2)
PARAMETRIC_REPRESENTATION_CONTEXT() REPRESENTATION_CONTEXT('2D SPACE',''
  ) );
#11287 = PCURVE('',#10523,#11288);
#11288 = DEFINITIONAL_REPRESENTATION('',(#11289),#11293);
#11289 = LINE('',#11290,#11291);
#11290 = CARTESIAN_POINT('',(0.,-0.));
#11291 = VECTOR('',#11292,1.);
#11292 = DIRECTION('',(0.,1.));
#11293 = ( GEOMETRIC_REPRESENTATION_CONTEXT(2)
PARAMETRIC_REPRESENTATION_CONTEXT() REPRESENTATION_CONTEXT('2D SPACE',''
  ) );
#11294 = ORIENTED_EDGE('',*,*,#10903,.T.);
#11295 = ORIENTED_EDGE('',*,*,#11274,.T.);
#11296 = ADVANCED_FACE('',(#11297),#10554,.F.);
#11297 = FACE_BOUND('',#11298,.F.);
#11298 = EDGE_LOOP('',(#11299,#11300,#11321,#11322));
#11299 = ORIENTED_EDGE('',*,*,#10537,.F.);
#11300 = ORIENTED_EDGE('',*,*,#11301,.F.);
#11301 = EDGE_CURVE('',#10930,#10538,#11302,.T.);
#11302 = SEAM_CURVE('',#11303,(#11307,#11314),.PCURVE_S1.);
#11303 = LINE('',#11304,#11305);
#11304 = CARTESIAN_POINT('',(-209.9586665785,37.,103.80740392011));
#11305 = VECTOR('',#11306,1.);
#11306 = DIRECTION('',(0.,-1.,0.));
#11307 = PCURVE('',#10554,#11308);
#11308 = DEFINITIONAL_REPRESENTATION('',(#11309),#11313);
#11309 = LINE('',#11310,#11311);
#11310 = CARTESIAN_POINT('',(6.28318530718,-0.));
#11311 = VECTOR('',#11312,1.);
#11312 = DIRECTION('',(0.,1.));
#11313 = ( GEOMETRIC_REPRESENTATION_CONTEXT(2)
PARAMETRIC_REPRESENTATION_CONTEXT() REPRESENTATION_CONTEXT('2D SPACE',''
  ) );
#11314 = PCURVE('',#10554,#11315);
#11315 = DEFINITIONAL_REPRESENTATION('',(#11316),#11320);
#11316 = LINE('',#11317,#11318);
#11317 = CARTESIAN_POINT('',(0.,-0.));
#11318 = VECTOR('',#11319,1.);
#11319 = DIRECTION('',(0.,1.));
#11320 = ( GEOMETRIC_REPRESENTATION_CONTEXT(2)
PARAMETRIC_REPRESENTATION_CONTEXT() REPRESENTATION_CONTEXT('2D SPACE',''
  ) );
#11321 = ORIENTED_EDGE('',*,*,#10929,.T.);
#11322 = ORIENTED_EDGE('',*,*,#11301,.T.);
#11323 = ADVANCED_FACE('',(#11324),#10585,.F.);
#11324 = FACE_BOUND('',#11325,.F.);
#11325 = EDGE_LOOP('',(#11326,#11327,#11348,#11349));
#11326 = ORIENTED_EDGE('',*,*,#10568,.F.);
#11327 = ORIENTED_EDGE('',*,*,#11328,.F.);
#11328 = EDGE_CURVE('',#10956,#10569,#11329,.T.);
#11329 = SEAM_CURVE('',#11330,(#11334,#11341),.PCURVE_S1.);
#11330 = LINE('',#11331,#11332);
#11331 = CARTESIAN_POINT('',(-200.9,37.,105.));
#11332 = VECTOR('',#11333,1.);
#11333 = DIRECTION('',(0.,-1.,0.));
#11334 = PCURVE('',#10585,#11335);
#11335 = DEFINITIONAL_REPRESENTATION('',(#11336),#11340);
#11336 = LINE('',#11337,#11338);
#11337 = CARTESIAN_POINT('',(6.28318530718,-0.));
#11338 = VECTOR('',#11339,1.);
#11339 = DIRECTION('',(0.,1.));
#11340 = ( GEOMETRIC_REPRESENTATION_CONTEXT(2)
PARAMETRIC_REPRESENTATION_CONTEXT() REPRESENTATION_CONTEXT('2D SPACE',''
  ) );
#11341 = PCURVE('',#10585,#11342);
#11342 = DEFINITIONAL_REPRESENTATION('',(#11343),#11347);
#11343 = LINE('',#11344,#11345);
#11344 = CARTESIAN_POINT('',(0.,-0.));
#11345 = VECTOR('',#11346,1.);
#11346 = DIRECTION('',(0.,1.));
#11347 = ( GEOMETRIC_REPRESENTATION_CONTEXT(2)
PARAMETRIC_REPRESENTATION_CONTEXT() REPRESENTATION_CONTEXT('2D SPACE',''
  ) );
#11348 = ORIENTED_EDGE('',*,*,#10955,.T.);
#11349 = ORIENTED_EDGE('',*,*,#11328,.T.);
#11350 = ADVANCED_FACE('',(#11351),#10618,.F.);
#11351 = FACE_BOUND('',#11352,.T.);
#11352 = EDGE_LOOP('',(#11353,#11379,#11400,#11401));
#11353 = ORIENTED_EDGE('',*,*,#11354,.F.);
#11354 = EDGE_CURVE('',#11355,#11357,#11359,.T.);
#11355 = VERTEX_POINT('',#11356);
#11356 = CARTESIAN_POINT('',(-196.5,34.,70.));
#11357 = VERTEX_POINT('',#11358);
#11358 = CARTESIAN_POINT('',(-202.5,34.,78.124038404636));
#11359 = SURFACE_CURVE('',#11360,(#11365,#11372),.PCURVE_S1.);
#11360 = CIRCLE('',#11361,8.5);
#11361 = AXIS2_PLACEMENT_3D('',#11362,#11363,#11364);
#11362 = CARTESIAN_POINT('',(-205.,34.,70.));
#11363 = DIRECTION('',(0.,-1.,0.));
#11364 = DIRECTION('',(1.,0.,0.));
#11365 = PCURVE('',#10618,#11366);
#11366 = DEFINITIONAL_REPRESENTATION('',(#11367),#11371);
#11367 = LINE('',#11368,#11369);
#11368 = CARTESIAN_POINT('',(-0.,0.));
#11369 = VECTOR('',#11370,1.);
#11370 = DIRECTION('',(-1.,0.));
#11371 = ( GEOMETRIC_REPRESENTATION_CONTEXT(2)
PARAMETRIC_REPRESENTATION_CONTEXT() REPRESENTATION_CONTEXT('2D SPACE',''
  ) );
#11372 = PCURVE('',#11000,#11373);
#11373 = DEFINITIONAL_REPRESENTATION('',(#11374),#11378);
#11374 = LINE('',#11375,#11376);
#11375 = CARTESIAN_POINT('',(0.,0.));
#11376 = VECTOR('',#11377,1.);
#11377 = DIRECTION('',(1.,0.));
#11378 = ( GEOMETRIC_REPRESENTATION_CONTEXT(2)
PARAMETRIC_REPRESENTATION_CONTEXT() REPRESENTATION_CONTEXT('2D SPACE',''
  ) );
#11379 = ORIENTED_EDGE('',*,*,#11380,.T.);
#11380 = EDGE_CURVE('',#11355,#10600,#11381,.T.);
#11381 = SURFACE_CURVE('',#11382,(#11386,#11393),.PCURVE_S1.);
#11382 = LINE('',#11383,#11384);
#11383 = CARTESIAN_POINT('',(-196.5,34.,70.));
#11384 = VECTOR('',#11385,1.);
#11385 = DIRECTION('',(0.,-1.,0.));
#11386 = PCURVE('',#10618,#11387);
#11387 = DEFINITIONAL_REPRESENTATION('',(#11388),#11392);
#11388 = LINE('',#11389,#11390);
#11389 = CARTESIAN_POINT('',(-0.,0.));
#11390 = VECTOR('',#11391,1.);
#11391 = DIRECTION('',(-0.,-1.));
#11392 = ( GEOMETRIC_REPRESENTATION_CONTEXT(2)
PARAMETRIC_REPRESENTATION_CONTEXT() REPRESENTATION_CONTEXT('2D SPACE',''
  ) );
#11393 = PCURVE('',#10647,#11394);
#11394 = DEFINITIONAL_REPRESENTATION('',(#11395),#11399);
#11395 = LINE('',#11396,#11397);
#11396 = CARTESIAN_POINT('',(-6.28318530718,0.));
#11397 = VECTOR('',#11398,1.);
#11398 = DIRECTION('',(-0.,-1.));
#11399 = ( GEOMETRIC_REPRESENTATION_CONTEXT(2)
PARAMETRIC_REPRESENTATION_CONTEXT() REPRESENTATION_CONTEXT('2D SPACE',''
  ) );
#11400 = ORIENTED_EDGE('',*,*,#10599,.T.);
#11401 = ORIENTED_EDGE('',*,*,#11402,.T.);
#11402 = EDGE_CURVE('',#10602,#11357,#11403,.T.);
#11403 = SURFACE_CURVE('',#11404,(#11408,#11415),.PCURVE_S1.);
#11404 = LINE('',#11405,#11406);
#11405 = CARTESIAN_POINT('',(-202.5,34.,78.124038404636));
#11406 = VECTOR('',#11407,1.);
#11407 = DIRECTION('',(-0.,1.,-0.));
#11408 = PCURVE('',#10618,#11409);
#11409 = DEFINITIONAL_REPRESENTATION('',(#11410),#11414);
#11410 = LINE('',#11411,#11412);
#11411 = CARTESIAN_POINT('',(-1.27226412561,0.));
#11412 = VECTOR('',#11413,1.);
#11413 = DIRECTION('',(-0.,1.));
#11414 = ( GEOMETRIC_REPRESENTATION_CONTEXT(2)
PARAMETRIC_REPRESENTATION_CONTEXT() REPRESENTATION_CONTEXT('2D SPACE',''
  ) );
#11415 = PCURVE('',#10729,#11416);
#11416 = DEFINITIONAL_REPRESENTATION('',(#11417),#11421);
#11417 = LINE('',#11418,#11419);
#11418 = CARTESIAN_POINT('',(2.124038404636,0.));
#11419 = VECTOR('',#11420,1.);
#11420 = DIRECTION('',(0.,1.));
#11421 = ( GEOMETRIC_REPRESENTATION_CONTEXT(2)
PARAMETRIC_REPRESENTATION_CONTEXT() REPRESENTATION_CONTEXT('2D SPACE',''
  ) );
#11422 = ADVANCED_FACE('',(#11423),#10647,.F.);
#11423 = FACE_BOUND('',#11424,.T.);
#11424 = EDGE_LOOP('',(#11425,#11426,#11450,#11471));
#11425 = ORIENTED_EDGE('',*,*,#11380,.F.);
#11426 = ORIENTED_EDGE('',*,*,#11427,.F.);
#11427 = EDGE_CURVE('',#11428,#11355,#11430,.T.);
#11428 = VERTEX_POINT('',#11429);
#11429 = CARTESIAN_POINT('',(-207.5,34.,78.124038404636));
#11430 = SURFACE_CURVE('',#11431,(#11436,#11443),.PCURVE_S1.);
#11431 = CIRCLE('',#11432,8.5);
#11432 = AXIS2_PLACEMENT_3D('',#11433,#11434,#11435);
#11433 = CARTESIAN_POINT('',(-205.,34.,70.));
#11434 = DIRECTION('',(0.,-1.,0.));
#11435 = DIRECTION('',(1.,0.,0.));
#11436 = PCURVE('',#10647,#11437);
#11437 = DEFINITIONAL_REPRESENTATION('',(#11438),#11442);
#11438 = LINE('',#11439,#11440);
#11439 = CARTESIAN_POINT('',(-0.,0.));
#11440 = VECTOR('',#11441,1.);
#11441 = DIRECTION('',(-1.,0.));
#11442 = ( GEOMETRIC_REPRESENTATION_CONTEXT(2)
PARAMETRIC_REPRESENTATION_CONTEXT() REPRESENTATION_CONTEXT('2D SPACE',''
  ) );
#11443 = PCURVE('',#11029,#11444);
#11444 = DEFINITIONAL_REPRESENTATION('',(#11445),#11449);
#11445 = LINE('',#11446,#11447);
#11446 = CARTESIAN_POINT('',(0.,0.));
#11447 = VECTOR('',#11448,1.);
#11448 = DIRECTION('',(1.,0.));
#11449 = ( GEOMETRIC_REPRESENTATION_CONTEXT(2)
PARAMETRIC_REPRESENTATION_CONTEXT() REPRESENTATION_CONTEXT('2D SPACE',''
  ) );
#11450 = ORIENTED_EDGE('',*,*,#11451,.F.);
#11451 = EDGE_CURVE('',#10631,#11428,#11452,.T.);
#11452 = SURFACE_CURVE('',#11453,(#11457,#11464),.PCURVE_S1.);
#11453 = LINE('',#11454,#11455);
#11454 = CARTESIAN_POINT('',(-207.5,34.,78.124038404636));
#11455 = VECTOR('',#11456,1.);
#11456 = DIRECTION('',(-0.,1.,-0.));
#11457 = PCURVE('',#10647,#11458);
#11458 = DEFINITIONAL_REPRESENTATION('',(#11459),#11463);
#11459 = LINE('',#11460,#11461);
#11460 = CARTESIAN_POINT('',(-1.86932852798,0.));
#11461 = VECTOR('',#11462,1.);
#11462 = DIRECTION('',(-0.,1.));
#11463 = ( GEOMETRIC_REPRESENTATION_CONTEXT(2)
PARAMETRIC_REPRESENTATION_CONTEXT() REPRESENTATION_CONTEXT('2D SPACE',''
  ) );
#11464 = PCURVE('',#10675,#11465);
#11465 = DEFINITIONAL_REPRESENTATION('',(#11466),#11470);
#11466 = LINE('',#11467,#11468);
#11467 = CARTESIAN_POINT('',(2.875961595364,0.));
#11468 = VECTOR('',#11469,1.);
#11469 = DIRECTION('',(0.,1.));
#11470 = ( GEOMETRIC_REPRESENTATION_CONTEXT(2)
PARAMETRIC_REPRESENTATION_CONTEXT() REPRESENTATION_CONTEXT('2D SPACE',''
  ) );
#11471 = ORIENTED_EDGE('',*,*,#10630,.T.);
#11472 = ADVANCED_FACE('',(#11473),#10729,.T.);
#11473 = FACE_BOUND('',#11474,.T.);
#11474 = EDGE_LOOP('',(#11475,#11476,#11497,#11498,#11519));
#11475 = ORIENTED_EDGE('',*,*,#10715,.F.);
#11476 = ORIENTED_EDGE('',*,*,#11477,.F.);
#11477 = EDGE_CURVE('',#11065,#10688,#11478,.T.);
#11478 = SURFACE_CURVE('',#11479,(#11483,#11490),.PCURVE_S1.);
#11479 = LINE('',#11480,#11481);
#11480 = CARTESIAN_POINT('',(-202.5,40.,81.));
#11481 = VECTOR('',#11482,1.);
#11482 = DIRECTION('',(0.,-1.,0.));
#11483 = PCURVE('',#10729,#11484);
#11484 = DEFINITIONAL_REPRESENTATION('',(#11485),#11489);
#11485 = LINE('',#11486,#11487);
#11486 = CARTESIAN_POINT('',(5.,6.));
#11487 = VECTOR('',#11488,1.);
#11488 = DIRECTION('',(0.,-1.));
#11489 = ( GEOMETRIC_REPRESENTATION_CONTEXT(2)
PARAMETRIC_REPRESENTATION_CONTEXT() REPRESENTATION_CONTEXT('2D SPACE',''
  ) );
#11490 = PCURVE('',#10703,#11491);
#11491 = DEFINITIONAL_REPRESENTATION('',(#11492),#11496);
#11492 = LINE('',#11493,#11494);
#11493 = CARTESIAN_POINT('',(0.,6.));
#11494 = VECTOR('',#11495,1.);
#11495 = DIRECTION('',(0.,-1.));
#11496 = ( GEOMETRIC_REPRESENTATION_CONTEXT(2)
PARAMETRIC_REPRESENTATION_CONTEXT() REPRESENTATION_CONTEXT('2D SPACE',''
  ) );
#11497 = ORIENTED_EDGE('',*,*,#11087,.T.);
#11498 = ORIENTED_EDGE('',*,*,#11499,.T.);
#11499 = EDGE_CURVE('',#10984,#11357,#11500,.T.);
#11500 = SURFACE_CURVE('',#11501,(#11505,#11512),.PCURVE_S1.);
#11501 = LINE('',#11502,#11503);
#11502 = CARTESIAN_POINT('',(-202.5,34.,78.124038404636));
#11503 = VECTOR('',#11504,1.);
#11504 = DIRECTION('',(0.,-1.,0.));
#11505 = PCURVE('',#10729,#11506);
#11506 = DEFINITIONAL_REPRESENTATION('',(#11507),#11511);
#11507 = LINE('',#11508,#11509);
#11508 = CARTESIAN_POINT('',(2.124038404636,0.));
#11509 = VECTOR('',#11510,1.);
#11510 = DIRECTION('',(0.,-1.));
#11511 = ( GEOMETRIC_REPRESENTATION_CONTEXT(2)
PARAMETRIC_REPRESENTATION_CONTEXT() REPRESENTATION_CONTEXT('2D SPACE',''
  ) );
#11512 = PCURVE('',#11000,#11513);
#11513 = DEFINITIONAL_REPRESENTATION('',(#11514),#11518);
#11514 = LINE('',#11515,#11516);
#11515 = CARTESIAN_POINT('',(1.27226412561,0.));
#11516 = VECTOR('',#11517,1.);
#11517 = DIRECTION('',(0.,1.));
#11518 = ( GEOMETRIC_REPRESENTATION_CONTEXT(2)
PARAMETRIC_REPRESENTATION_CONTEXT() REPRESENTATION_CONTEXT('2D SPACE',''
  ) );
#11519 = ORIENTED_EDGE('',*,*,#11402,.F.);
#11520 = ADVANCED_FACE('',(#11521),#10675,.T.);
#11521 = FACE_BOUND('',#11522,.T.);
#11522 = EDGE_LOOP('',(#11523,#11544,#11545,#11546,#11567));
#11523 = ORIENTED_EDGE('',*,*,#11524,.F.);
#11524 = EDGE_CURVE('',#10660,#11042,#11525,.T.);
#11525 = SURFACE_CURVE('',#11526,(#11530,#11537),.PCURVE_S1.);
#11526 = LINE('',#11527,#11528);
#11527 = CARTESIAN_POINT('',(-207.5,28.,81.));
#11528 = VECTOR('',#11529,1.);
#11529 = DIRECTION('',(0.,1.,0.));
#11530 = PCURVE('',#10675,#11531);
#11531 = DEFINITIONAL_REPRESENTATION('',(#11532),#11536);
#11532 = LINE('',#11533,#11534);
#11533 = CARTESIAN_POINT('',(0.,-6.));
#11534 = VECTOR('',#11535,1.);
#11535 = DIRECTION('',(0.,1.));
#11536 = ( GEOMETRIC_REPRESENTATION_CONTEXT(2)
PARAMETRIC_REPRESENTATION_CONTEXT() REPRESENTATION_CONTEXT('2D SPACE',''
  ) );
#11537 = PCURVE('',#10703,#11538);
#11538 = DEFINITIONAL_REPRESENTATION('',(#11539),#11543);
#11539 = LINE('',#11540,#11541);
#11540 = CARTESIAN_POINT('',(5.,-6.));
#11541 = VECTOR('',#11542,1.);
#11542 = DIRECTION('',(0.,1.));
#11543 = ( GEOMETRIC_REPRESENTATION_CONTEXT(2)
PARAMETRIC_REPRESENTATION_CONTEXT() REPRESENTATION_CONTEXT('2D SPACE',''
  ) );
#11544 = ORIENTED_EDGE('',*,*,#10659,.F.);
#11545 = ORIENTED_EDGE('',*,*,#11451,.T.);
#11546 = ORIENTED_EDGE('',*,*,#11547,.F.);
#11547 = EDGE_CURVE('',#11013,#11428,#11548,.T.);
#11548 = SURFACE_CURVE('',#11549,(#11553,#11560),.PCURVE_S1.);
#11549 = LINE('',#11550,#11551);
#11550 = CARTESIAN_POINT('',(-207.5,34.,78.124038404636));
#11551 = VECTOR('',#11552,1.);
#11552 = DIRECTION('',(0.,-1.,0.));
#11553 = PCURVE('',#10675,#11554);
#11554 = DEFINITIONAL_REPRESENTATION('',(#11555),#11559);
#11555 = LINE('',#11556,#11557);
#11556 = CARTESIAN_POINT('',(2.875961595364,0.));
#11557 = VECTOR('',#11558,1.);
#11558 = DIRECTION('',(0.,-1.));
#11559 = ( GEOMETRIC_REPRESENTATION_CONTEXT(2)
PARAMETRIC_REPRESENTATION_CONTEXT() REPRESENTATION_CONTEXT('2D SPACE',''
  ) );
#11560 = PCURVE('',#11029,#11561);
#11561 = DEFINITIONAL_REPRESENTATION('',(#11562),#11566);
#11562 = LINE('',#11563,#11564);
#11563 = CARTESIAN_POINT('',(1.86932852798,0.));
#11564 = VECTOR('',#11565,1.);
#11565 = DIRECTION('',(0.,1.));
#11566 = ( GEOMETRIC_REPRESENTATION_CONTEXT(2)
PARAMETRIC_REPRESENTATION_CONTEXT() REPRESENTATION_CONTEXT('2D SPACE',''
  ) );
#11567 = ORIENTED_EDGE('',*,*,#11041,.T.);
#11568 = ADVANCED_FACE('',(#11569),#10703,.T.);
#11569 = FACE_BOUND('',#11570,.T.);
#11570 = EDGE_LOOP('',(#11571,#11572,#11573,#11574));
#11571 = ORIENTED_EDGE('',*,*,#11477,.T.);
#11572 = ORIENTED_EDGE('',*,*,#10687,.F.);
#11573 = ORIENTED_EDGE('',*,*,#11524,.T.);
#11574 = ORIENTED_EDGE('',*,*,#11064,.T.);
#11575 = ADVANCED_FACE('',(#11576),#11000,.F.);
#11576 = FACE_BOUND('',#11577,.F.);
#11577 = EDGE_LOOP('',(#11578,#11579,#11600,#11601));
#11578 = ORIENTED_EDGE('',*,*,#11354,.F.);
#11579 = ORIENTED_EDGE('',*,*,#11580,.T.);
#11580 = EDGE_CURVE('',#11355,#10982,#11581,.T.);
#11581 = SURFACE_CURVE('',#11582,(#11586,#11593),.PCURVE_S1.);
#11582 = LINE('',#11583,#11584);
#11583 = CARTESIAN_POINT('',(-196.5,34.,70.));
#11584 = VECTOR('',#11585,1.);
#11585 = DIRECTION('',(-0.,1.,-0.));
#11586 = PCURVE('',#11000,#11587);
#11587 = DEFINITIONAL_REPRESENTATION('',(#11588),#11592);
#11588 = LINE('',#11589,#11590);
#11589 = CARTESIAN_POINT('',(0.,0.));
#11590 = VECTOR('',#11591,1.);
#11591 = DIRECTION('',(0.,-1.));
#11592 = ( GEOMETRIC_REPRESENTATION_CONTEXT(2)
PARAMETRIC_REPRESENTATION_CONTEXT() REPRESENTATION_CONTEXT('2D SPACE',''
  ) );
#11593 = PCURVE('',#11029,#11594);
#11594 = DEFINITIONAL_REPRESENTATION('',(#11595),#11599);
#11595 = LINE('',#11596,#11597);
#11596 = CARTESIAN_POINT('',(6.28318530718,0.));
#11597 = VECTOR('',#11598,1.);
#11598 = DIRECTION('',(0.,-1.));
#11599 = ( GEOMETRIC_REPRESENTATION_CONTEXT(2)
PARAMETRIC_REPRESENTATION_CONTEXT() REPRESENTATION_CONTEXT('2D SPACE',''
  ) );
#11600 = ORIENTED_EDGE('',*,*,#10981,.T.);
#11601 = ORIENTED_EDGE('',*,*,#11499,.T.);
#11602 = ADVANCED_FACE('',(#11603),#11029,.F.);
#11603 = FACE_BOUND('',#11604,.F.);
#11604 = EDGE_LOOP('',(#11605,#11606,#11607,#11608));
#11605 = ORIENTED_EDGE('',*,*,#11580,.F.);
#11606 = ORIENTED_EDGE('',*,*,#11427,.F.);
#11607 = ORIENTED_EDGE('',*,*,#11547,.F.);
#11608 = ORIENTED_EDGE('',*,*,#11012,.T.);
#11609 = ( GEOMETRIC_REPRESENTATION_CONTEXT(3)
GLOBAL_UNCERTAINTY_ASSIGNED_CONTEXT((#11613))
GLOBAL_UNIT_ASSIGNED_CONTEXT((#11610,#11611,#11612))
REPRESENTATION_CONTEXT('Context #1',
  '3D Context with UNIT and UNCERTAINTY') );
#11610 = ( LENGTH_UNIT() NAMED_UNIT(*) SI_UNIT(.MILLI.,.METRE.) );
#11611 = ( NAMED_UNIT(*) PLANE_ANGLE_UNIT() SI_UNIT($,.RADIAN.) );
#11612 = ( NAMED_UNIT(*) SI_UNIT($,.STERADIAN.) SOLID_ANGLE_UNIT() );
#11613 = UNCERTAINTY_MEASURE_WITH_UNIT(LENGTH_MEASURE(1.E-07),#11610,
  'distance_accuracy_value','confusion accuracy');
#11614 = CONTEXT_DEPENDENT_SHAPE_REPRESENTATION(#11615,#11617);
#11615 = ( REPRESENTATION_RELATIONSHIP('','',#10167,#10)
REPRESENTATION_RELATIONSHIP_WITH_TRANSFORMATION(#11616)
SHAPE_REPRESENTATION_RELATIONSHIP() );
#11616 = ITEM_DEFINED_TRANSFORMATION('','',#11,#91);
#11617 = PRODUCT_DEFINITION_SHAPE('Placement','Placement of an item',
  #11618);
#11618 = NEXT_ASSEMBLY_USAGE_OCCURRENCE('20','','',#5,#10162,$);
#11619 = PRODUCT_RELATED_PRODUCT_CATEGORY('part',$,(#10164));
#11620 = SHAPE_DEFINITION_REPRESENTATION(#11621,#11627);
#11621 = PRODUCT_DEFINITION_SHAPE('','',#11622);
#11622 = PRODUCT_DEFINITION('design','',#11623,#11626);
#11623 = PRODUCT_DEFINITION_FORMATION('','',#11624);
#11624 = PRODUCT('Open CASCADE STEP translator 7.8 20.21',
  'Open CASCADE STEP translator 7.8 20.21','',(#11625));
#11625 = PRODUCT_CONTEXT('',#2,'mechanical');
#11626 = PRODUCT_DEFINITION_CONTEXT('part definition',#2,'design');
#11627 = ADVANCED_BREP_SHAPE_REPRESENTATION('',(#11,#11628),#11920);
#11628 = MANIFOLD_SOLID_BREP('',#11629);
#11629 = CLOSED_SHELL('',(#11630,#11718,#11773,#11808,#11843,#11893));
#11630 = ADVANCED_FACE('',(#11631),#11645,.T.);
#11631 = FACE_BOUND('',#11632,.F.);
#11632 = EDGE_LOOP('',(#11633,#11663,#11690,#11691));
#11633 = ORIENTED_EDGE('',*,*,#11634,.T.);
#11634 = EDGE_CURVE('',#11635,#11637,#11639,.T.);
#11635 = VERTEX_POINT('',#11636);
#11636 = CARTESIAN_POINT('',(-182.5,-50.5,70.));
#11637 = VERTEX_POINT('',#11638);
#11638 = CARTESIAN_POINT('',(-182.5,-55.,70.));
#11639 = SEAM_CURVE('',#11640,(#11644,#11656),.PCURVE_S1.);
#11640 = LINE('',#11641,#11642);
#11641 = CARTESIAN_POINT('',(-182.5,-50.5,70.));
#11642 = VECTOR('',#11643,1.);
#11643 = DIRECTION('',(0.,-1.,0.));
#11644 = PCURVE('',#11645,#11650);
#11645 = CYLINDRICAL_SURFACE('',#11646,22.5);
#11646 = AXIS2_PLACEMENT_3D('',#11647,#11648,#11649);
#11647 = CARTESIAN_POINT('',(-205.,-50.5,70.));
#11648 = DIRECTION('',(-0.,1.,-0.));
#11649 = DIRECTION('',(1.,0.,0.));
#11650 = DEFINITIONAL_REPRESENTATION('',(#11651),#11655);
#11651 = LINE('',#11652,#11653);
#11652 = CARTESIAN_POINT('',(-0.,0.));
#11653 = VECTOR('',#11654,1.);
#11654 = DIRECTION('',(-0.,-1.));
#11655 = ( GEOMETRIC_REPRESENTATION_CONTEXT(2)
PARAMETRIC_REPRESENTATION_CONTEXT() REPRESENTATION_CONTEXT('2D SPACE',''
  ) );
#11656 = PCURVE('',#11645,#11657);
#11657 = DEFINITIONAL_REPRESENTATION('',(#11658),#11662);
#11658 = LINE('',#11659,#11660);
#11659 = CARTESIAN_POINT('',(-6.28318530718,0.));
#11660 = VECTOR('',#11661,1.);
#11661 = DIRECTION('',(-0.,-1.));
#11662 = ( GEOMETRIC_REPRESENTATION_CONTEXT(2)
PARAMETRIC_REPRESENTATION_CONTEXT() REPRESENTATION_CONTEXT('2D SPACE',''
  ) );
#11663 = ORIENTED_EDGE('',*,*,#11664,.T.);
#11664 = EDGE_CURVE('',#11637,#11637,#11665,.T.);
#11665 = SURFACE_CURVE('',#11666,(#11671,#11678),.PCURVE_S1.);
#11666 = CIRCLE('',#11667,22.5);
#11667 = AXIS2_PLACEMENT_3D('',#11668,#11669,#11670);
#11668 = CARTESIAN_POINT('',(-205.,-55.,70.));
#11669 = DIRECTION('',(0.,-1.,0.));
#11670 = DIRECTION('',(1.,0.,0.));
#11671 = PCURVE('',#11645,#11672);
#11672 = DEFINITIONAL_REPRESENTATION('',(#11673),#11677);
#11673 = LINE('',#11674,#11675);
#11674 = CARTESIAN_POINT('',(-0.,-4.5));
#11675 = VECTOR('',#11676,1.);
#11676 = DIRECTION('',(-1.,0.));
#11677 = ( GEOMETRIC_REPRESENTATION_CONTEXT(2)
PARAMETRIC_REPRESENTATION_CONTEXT() REPRESENTATION_CONTEXT('2D SPACE',''
  ) );
#11678 = PCURVE('',#11679,#11684);
#11679 = PLANE('',#11680);
#11680 = AXIS2_PLACEMENT_3D('',#11681,#11682,#11683);
#11681 = CARTESIAN_POINT('',(-205.,-55.,70.));
#11682 = DIRECTION('',(-0.,-1.,-0.));
#11683 = DIRECTION('',(0.,0.,-1.));
#11684 = DEFINITIONAL_REPRESENTATION('',(#11685),#11689);
#11685 = CIRCLE('',#11686,22.5);
#11686 = AXIS2_PLACEMENT_2D('',#11687,#11688);
#11687 = CARTESIAN_POINT('',(0.,0.));
#11688 = DIRECTION('',(0.,1.));
#11689 = ( GEOMETRIC_REPRESENTATION_CONTEXT(2)
PARAMETRIC_REPRESENTATION_CONTEXT() REPRESENTATION_CONTEXT('2D SPACE',''
  ) );
#11690 = ORIENTED_EDGE('',*,*,#11634,.F.);
#11691 = ORIENTED_EDGE('',*,*,#11692,.F.);
#11692 = EDGE_CURVE('',#11635,#11635,#11693,.T.);
#11693 = SURFACE_CURVE('',#11694,(#11699,#11706),.PCURVE_S1.);
#11694 = CIRCLE('',#11695,22.5);
#11695 = AXIS2_PLACEMENT_3D('',#11696,#11697,#11698);
#11696 = CARTESIAN_POINT('',(-205.,-50.5,70.));
#11697 = DIRECTION('',(0.,-1.,0.));
#11698 = DIRECTION('',(1.,0.,0.));
#11699 = PCURVE('',#11645,#11700);
#11700 = DEFINITIONAL_REPRESENTATION('',(#11701),#11705);
#11701 = LINE('',#11702,#11703);
#11702 = CARTESIAN_POINT('',(-0.,0.));
#11703 = VECTOR('',#11704,1.);
#11704 = DIRECTION('',(-1.,0.));
#11705 = ( GEOMETRIC_REPRESENTATION_CONTEXT(2)
PARAMETRIC_REPRESENTATION_CONTEXT() REPRESENTATION_CONTEXT('2D SPACE',''
  ) );
#11706 = PCURVE('',#11707,#11712);
#11707 = CYLINDRICAL_SURFACE('',#11708,22.5);
#11708 = AXIS2_PLACEMENT_3D('',#11709,#11710,#11711);
#11709 = CARTESIAN_POINT('',(-205.,-50.5,70.));
#11710 = DIRECTION('',(0.,-1.,0.));
#11711 = DIRECTION('',(1.,0.,0.));
#11712 = DEFINITIONAL_REPRESENTATION('',(#11713),#11717);
#11713 = LINE('',#11714,#11715);
#11714 = CARTESIAN_POINT('',(0.,0.));
#11715 = VECTOR('',#11716,1.);
#11716 = DIRECTION('',(1.,0.));
#11717 = ( GEOMETRIC_REPRESENTATION_CONTEXT(2)
PARAMETRIC_REPRESENTATION_CONTEXT() REPRESENTATION_CONTEXT('2D SPACE',''
  ) );
#11718 = ADVANCED_FACE('',(#11719),#11707,.T.);
#11719 = FACE_BOUND('',#11720,.T.);
#11720 = EDGE_LOOP('',(#11721,#11744,#11771,#11772));
#11721 = ORIENTED_EDGE('',*,*,#11722,.T.);
#11722 = EDGE_CURVE('',#11635,#11723,#11725,.T.);
#11723 = VERTEX_POINT('',#11724);
#11724 = CARTESIAN_POINT('',(-182.5,-46.,70.));
#11725 = SEAM_CURVE('',#11726,(#11730,#11737),.PCURVE_S1.);
#11726 = LINE('',#11727,#11728);
#11727 = CARTESIAN_POINT('',(-182.5,-50.5,70.));
#11728 = VECTOR('',#11729,1.);
#11729 = DIRECTION('',(-0.,1.,-0.));
#11730 = PCURVE('',#11707,#11731);
#11731 = DEFINITIONAL_REPRESENTATION('',(#11732),#11736);
#11732 = LINE('',#11733,#11734);
#11733 = CARTESIAN_POINT('',(0.,0.));
#11734 = VECTOR('',#11735,1.);
#11735 = DIRECTION('',(0.,-1.));
#11736 = ( GEOMETRIC_REPRESENTATION_CONTEXT(2)
PARAMETRIC_REPRESENTATION_CONTEXT() REPRESENTATION_CONTEXT('2D SPACE',''
  ) );
#11737 = PCURVE('',#11707,#11738);
#11738 = DEFINITIONAL_REPRESENTATION('',(#11739),#11743);
#11739 = LINE('',#11740,#11741);
#11740 = CARTESIAN_POINT('',(6.28318530718,0.));
#11741 = VECTOR('',#11742,1.);
#11742 = DIRECTION('',(0.,-1.));
#11743 = ( GEOMETRIC_REPRESENTATION_CONTEXT(2)
PARAMETRIC_REPRESENTATION_CONTEXT() REPRESENTATION_CONTEXT('2D SPACE',''
  ) );
#11744 = ORIENTED_EDGE('',*,*,#11745,.T.);
#11745 = EDGE_CURVE('',#11723,#11723,#11746,.T.);
#11746 = SURFACE_CURVE('',#11747,(#11752,#11759),.PCURVE_S1.);
#11747 = CIRCLE('',#11748,22.5);
#11748 = AXIS2_PLACEMENT_3D('',#11749,#11750,#11751);
#11749 = CARTESIAN_POINT('',(-205.,-46.,70.));
#11750 = DIRECTION('',(0.,-1.,0.));
#11751 = DIRECTION('',(1.,0.,0.));
#11752 = PCURVE('',#11707,#11753);
#11753 = DEFINITIONAL_REPRESENTATION('',(#11754),#11758);
#11754 = LINE('',#11755,#11756);
#11755 = CARTESIAN_POINT('',(0.,-4.5));
#11756 = VECTOR('',#11757,1.);
#11757 = DIRECTION('',(1.,0.));
#11758 = ( GEOMETRIC_REPRESENTATION_CONTEXT(2)
PARAMETRIC_REPRESENTATION_CONTEXT() REPRESENTATION_CONTEXT('2D SPACE',''
  ) );
#11759 = PCURVE('',#11760,#11765);
#11760 = PLANE('',#11761);
#11761 = AXIS2_PLACEMENT_3D('',#11762,#11763,#11764);
#11762 = CARTESIAN_POINT('',(-205.,-46.,70.));
#11763 = DIRECTION('',(-0.,-1.,-0.));
#11764 = DIRECTION('',(0.,0.,-1.));
#11765 = DEFINITIONAL_REPRESENTATION('',(#11766),#11770);
#11766 = CIRCLE('',#11767,22.5);
#11767 = AXIS2_PLACEMENT_2D('',#11768,#11769);
#11768 = CARTESIAN_POINT('',(0.,0.));
#11769 = DIRECTION('',(0.,1.));
#11770 = ( GEOMETRIC_REPRESENTATION_CONTEXT(2)
PARAMETRIC_REPRESENTATION_CONTEXT() REPRESENTATION_CONTEXT('2D SPACE',''
  ) );
#11771 = ORIENTED_EDGE('',*,*,#11722,.F.);
#11772 = ORIENTED_EDGE('',*,*,#11692,.F.);
#11773 = ADVANCED_FACE('',(#11774,#11777),#11679,.T.);
#11774 = FACE_BOUND('',#11775,.T.);
#11775 = EDGE_LOOP('',(#11776));
#11776 = ORIENTED_EDGE('',*,*,#11664,.T.);
#11777 = FACE_BOUND('',#11778,.T.);
#11778 = EDGE_LOOP('',(#11779));
#11779 = ORIENTED_EDGE('',*,*,#11780,.F.);
#11780 = EDGE_CURVE('',#11781,#11781,#11783,.T.);
#11781 = VERTEX_POINT('',#11782);
#11782 = CARTESIAN_POINT('',(-196.5,-55.,70.));
#11783 = SURFACE_CURVE('',#11784,(#11789,#11796),.PCURVE_S1.);
#11784 = CIRCLE('',#11785,8.5);
#11785 = AXIS2_PLACEMENT_3D('',#11786,#11787,#11788);
#11786 = CARTESIAN_POINT('',(-205.,-55.,70.));
#11787 = DIRECTION('',(0.,-1.,0.));
#11788 = DIRECTION('',(1.,0.,0.));
#11789 = PCURVE('',#11679,#11790);
#11790 = DEFINITIONAL_REPRESENTATION('',(#11791),#11795);
#11791 = CIRCLE('',#11792,8.5);
#11792 = AXIS2_PLACEMENT_2D('',#11793,#11794);
#11793 = CARTESIAN_POINT('',(0.,1.136868377216E-13));
#11794 = DIRECTION('',(0.,1.));
#11795 = ( GEOMETRIC_REPRESENTATION_CONTEXT(2)
PARAMETRIC_REPRESENTATION_CONTEXT() REPRESENTATION_CONTEXT('2D SPACE',''
  ) );
#11796 = PCURVE('',#11797,#11802);
#11797 = CYLINDRICAL_SURFACE('',#11798,8.5);
#11798 = AXIS2_PLACEMENT_3D('',#11799,#11800,#11801);
#11799 = CARTESIAN_POINT('',(-205.,-50.5,70.));
#11800 = DIRECTION('',(-0.,1.,-0.));
#11801 = DIRECTION('',(1.,0.,0.));
#11802 = DEFINITIONAL_REPRESENTATION('',(#11803),#11807);
#11803 = LINE('',#11804,#11805);
#11804 = CARTESIAN_POINT('',(-0.,-4.5));
#11805 = VECTOR('',#11806,1.);
#11806 = DIRECTION('',(-1.,0.));
#11807 = ( GEOMETRIC_REPRESENTATION_CONTEXT(2)
PARAMETRIC_REPRESENTATION_CONTEXT() REPRESENTATION_CONTEXT('2D SPACE',''
  ) );
#11808 = ADVANCED_FACE('',(#11809,#11812),#11760,.F.);
#11809 = FACE_BOUND('',#11810,.F.);
#11810 = EDGE_LOOP('',(#11811));
#11811 = ORIENTED_EDGE('',*,*,#11745,.T.);
#11812 = FACE_BOUND('',#11813,.F.);
#11813 = EDGE_LOOP('',(#11814));
#11814 = ORIENTED_EDGE('',*,*,#11815,.F.);
#11815 = EDGE_CURVE('',#11816,#11816,#11818,.T.);
#11816 = VERTEX_POINT('',#11817);
#11817 = CARTESIAN_POINT('',(-196.5,-46.,70.));
#11818 = SURFACE_CURVE('',#11819,(#11824,#11831),.PCURVE_S1.);
#11819 = CIRCLE('',#11820,8.5);
#11820 = AXIS2_PLACEMENT_3D('',#11821,#11822,#11823);
#11821 = CARTESIAN_POINT('',(-205.,-46.,70.));
#11822 = DIRECTION('',(0.,-1.,0.));
#11823 = DIRECTION('',(1.,0.,0.));
#11824 = PCURVE('',#11760,#11825);
#11825 = DEFINITIONAL_REPRESENTATION('',(#11826),#11830);
#11826 = CIRCLE('',#11827,8.5);
#11827 = AXIS2_PLACEMENT_2D('',#11828,#11829);
#11828 = CARTESIAN_POINT('',(0.,1.136868377216E-13));
#11829 = DIRECTION('',(0.,1.));
#11830 = ( GEOMETRIC_REPRESENTATION_CONTEXT(2)
PARAMETRIC_REPRESENTATION_CONTEXT() REPRESENTATION_CONTEXT('2D SPACE',''
  ) );
#11831 = PCURVE('',#11832,#11837);
#11832 = CYLINDRICAL_SURFACE('',#11833,8.5);
#11833 = AXIS2_PLACEMENT_3D('',#11834,#11835,#11836);
#11834 = CARTESIAN_POINT('',(-205.,-50.5,70.));
#11835 = DIRECTION('',(0.,-1.,0.));
#11836 = DIRECTION('',(1.,0.,0.));
#11837 = DEFINITIONAL_REPRESENTATION('',(#11838),#11842);
#11838 = LINE('',#11839,#11840);
#11839 = CARTESIAN_POINT('',(0.,-4.5));
#11840 = VECTOR('',#11841,1.);
#11841 = DIRECTION('',(1.,0.));
#11842 = ( GEOMETRIC_REPRESENTATION_CONTEXT(2)
PARAMETRIC_REPRESENTATION_CONTEXT() REPRESENTATION_CONTEXT('2D SPACE',''
  ) );
#11843 = ADVANCED_FACE('',(#11844),#11797,.F.);
#11844 = FACE_BOUND('',#11845,.T.);
#11845 = EDGE_LOOP('',(#11846,#11869,#11870,#11871));
#11846 = ORIENTED_EDGE('',*,*,#11847,.T.);
#11847 = EDGE_CURVE('',#11848,#11781,#11850,.T.);
#11848 = VERTEX_POINT('',#11849);
#11849 = CARTESIAN_POINT('',(-196.5,-50.5,70.));
#11850 = SEAM_CURVE('',#11851,(#11855,#11862),.PCURVE_S1.);
#11851 = LINE('',#11852,#11853);
#11852 = CARTESIAN_POINT('',(-196.5,-50.5,70.));
#11853 = VECTOR('',#11854,1.);
#11854 = DIRECTION('',(0.,-1.,0.));
#11855 = PCURVE('',#11797,#11856);
#11856 = DEFINITIONAL_REPRESENTATION('',(#11857),#11861);
#11857 = LINE('',#11858,#11859);
#11858 = CARTESIAN_POINT('',(-0.,0.));
#11859 = VECTOR('',#11860,1.);
#11860 = DIRECTION('',(-0.,-1.));
#11861 = ( GEOMETRIC_REPRESENTATION_CONTEXT(2)
PARAMETRIC_REPRESENTATION_CONTEXT() REPRESENTATION_CONTEXT('2D SPACE',''
  ) );
#11862 = PCURVE('',#11797,#11863);
#11863 = DEFINITIONAL_REPRESENTATION('',(#11864),#11868);
#11864 = LINE('',#11865,#11866);
#11865 = CARTESIAN_POINT('',(-6.28318530718,0.));
#11866 = VECTOR('',#11867,1.);
#11867 = DIRECTION('',(-0.,-1.));
#11868 = ( GEOMETRIC_REPRESENTATION_CONTEXT(2)
PARAMETRIC_REPRESENTATION_CONTEXT() REPRESENTATION_CONTEXT('2D SPACE',''
  ) );
#11869 = ORIENTED_EDGE('',*,*,#11780,.T.);
#11870 = ORIENTED_EDGE('',*,*,#11847,.F.);
#11871 = ORIENTED_EDGE('',*,*,#11872,.F.);
#11872 = EDGE_CURVE('',#11848,#11848,#11873,.T.);
#11873 = SURFACE_CURVE('',#11874,(#11879,#11886),.PCURVE_S1.);
#11874 = CIRCLE('',#11875,8.5);
#11875 = AXIS2_PLACEMENT_3D('',#11876,#11877,#11878);
#11876 = CARTESIAN_POINT('',(-205.,-50.5,70.));
#11877 = DIRECTION('',(0.,-1.,0.));
#11878 = DIRECTION('',(1.,0.,0.));
#11879 = PCURVE('',#11797,#11880);
#11880 = DEFINITIONAL_REPRESENTATION('',(#11881),#11885);
#11881 = LINE('',#11882,#11883);
#11882 = CARTESIAN_POINT('',(-0.,0.));
#11883 = VECTOR('',#11884,1.);
#11884 = DIRECTION('',(-1.,0.));
#11885 = ( GEOMETRIC_REPRESENTATION_CONTEXT(2)
PARAMETRIC_REPRESENTATION_CONTEXT() REPRESENTATION_CONTEXT('2D SPACE',''
  ) );
#11886 = PCURVE('',#11832,#11887);
#11887 = DEFINITIONAL_REPRESENTATION('',(#11888),#11892);
#11888 = LINE('',#11889,#11890);
#11889 = CARTESIAN_POINT('',(0.,0.));
#11890 = VECTOR('',#11891,1.);
#11891 = DIRECTION('',(1.,0.));
#11892 = ( GEOMETRIC_REPRESENTATION_CONTEXT(2)
PARAMETRIC_REPRESENTATION_CONTEXT() REPRESENTATION_CONTEXT('2D SPACE',''
  ) );
#11893 = ADVANCED_FACE('',(#11894),#11832,.F.);
#11894 = FACE_BOUND('',#11895,.F.);
#11895 = EDGE_LOOP('',(#11896,#11917,#11918,#11919));
#11896 = ORIENTED_EDGE('',*,*,#11897,.T.);
#11897 = EDGE_CURVE('',#11848,#11816,#11898,.T.);
#11898 = SEAM_CURVE('',#11899,(#11903,#11910),.PCURVE_S1.);
#11899 = LINE('',#11900,#11901);
#11900 = CARTESIAN_POINT('',(-196.5,-50.5,70.));
#11901 = VECTOR('',#11902,1.);
#11902 = DIRECTION('',(-0.,1.,-0.));
#11903 = PCURVE('',#11832,#11904);
#11904 = DEFINITIONAL_REPRESENTATION('',(#11905),#11909);
#11905 = LINE('',#11906,#11907);
#11906 = CARTESIAN_POINT('',(0.,0.));
#11907 = VECTOR('',#11908,1.);
#11908 = DIRECTION('',(0.,-1.));
#11909 = ( GEOMETRIC_REPRESENTATION_CONTEXT(2)
PARAMETRIC_REPRESENTATION_CONTEXT() REPRESENTATION_CONTEXT('2D SPACE',''
  ) );
#11910 = PCURVE('',#11832,#11911);
#11911 = DEFINITIONAL_REPRESENTATION('',(#11912),#11916);
#11912 = LINE('',#11913,#11914);
#11913 = CARTESIAN_POINT('',(6.28318530718,0.));
#11914 = VECTOR('',#11915,1.);
#11915 = DIRECTION('',(0.,-1.));
#11916 = ( GEOMETRIC_REPRESENTATION_CONTEXT(2)
PARAMETRIC_REPRESENTATION_CONTEXT() REPRESENTATION_CONTEXT('2D SPACE',''
  ) );
#11917 = ORIENTED_EDGE('',*,*,#11815,.T.);
#11918 = ORIENTED_EDGE('',*,*,#11897,.F.);
#11919 = ORIENTED_EDGE('',*,*,#11872,.F.);
#11920 = ( GEOMETRIC_REPRESENTATION_CONTEXT(3)
GLOBAL_UNCERTAINTY_ASSIGNED_CONTEXT((#11924))
GLOBAL_UNIT_ASSIGNED_CONTEXT((#11921,#11922,#11923))
REPRESENTATION_CONTEXT('Context #1',
  '3D Context with UNIT and UNCERTAINTY') );
#11921 = ( LENGTH_UNIT() NAMED_UNIT(*) SI_UNIT(.MILLI.,.METRE.) );
#11922 = ( NAMED_UNIT(*) PLANE_ANGLE_UNIT() SI_UNIT($,.RADIAN.) );
#11923 = ( NAMED_UNIT(*) SI_UNIT($,.STERADIAN.) SOLID_ANGLE_UNIT() );
#11924 = UNCERTAINTY_MEASURE_WITH_UNIT(LENGTH_MEASURE(1.E-07),#11921,
  'distance_accuracy_value','confusion accuracy');
#11925 = CONTEXT_DEPENDENT_SHAPE_REPRESENTATION(#11926,#11928);
#11926 = ( REPRESENTATION_RELATIONSHIP('','',#11627,#10)
REPRESENTATION_RELATIONSHIP_WITH_TRANSFORMATION(#11927)
SHAPE_REPRESENTATION_RELATIONSHIP() );
#11927 = ITEM_DEFINED_TRANSFORMATION('','',#11,#95);
#11928 = PRODUCT_DEFINITION_SHAPE('Placement','Placement of an item',
  #11929);
#11929 = NEXT_ASSEMBLY_USAGE_OCCURRENCE('21','','',#5,#11622,$);
#11930 = PRODUCT_RELATED_PRODUCT_CATEGORY('part',$,(#11624));
#11931 = SHAPE_DEFINITION_REPRESENTATION(#11932,#11938);
#11932 = PRODUCT_DEFINITION_SHAPE('','',#11933);
#11933 = PRODUCT_DEFINITION('design','',#11934,#11937);
#11934 = PRODUCT_DEFINITION_FORMATION('','',#11935);
#11935 = PRODUCT('Open CASCADE STEP translator 7.8 20.22',
  'Open CASCADE STEP translator 7.8 20.22','',(#11936));
#11936 = PRODUCT_CONTEXT('',#2,'mechanical');
#11937 = PRODUCT_DEFINITION_CONTEXT('part definition',#2,'design');
#11938 = ADVANCED_BREP_SHAPE_REPRESENTATION('',(#11,#11939),#12231);
#11939 = MANIFOLD_SOLID_BREP('',#11940);
#11940 = CLOSED_SHELL('',(#11941,#12029,#12084,#12119,#12154,#12204));
#11941 = ADVANCED_FACE('',(#11942),#11956,.T.);
#11942 = FACE_BOUND('',#11943,.F.);
#11943 = EDGE_LOOP('',(#11944,#11974,#12001,#12002));
#11944 = ORIENTED_EDGE('',*,*,#11945,.T.);
#11945 = EDGE_CURVE('',#11946,#11948,#11950,.T.);
#11946 = VERTEX_POINT('',#11947);
#11947 = CARTESIAN_POINT('',(-192.,-60.,70.));
#11948 = VERTEX_POINT('',#11949);
#11949 = CARTESIAN_POINT('',(-192.,-62.,70.));
#11950 = SEAM_CURVE('',#11951,(#11955,#11967),.PCURVE_S1.);
#11951 = LINE('',#11952,#11953);
#11952 = CARTESIAN_POINT('',(-192.,-60.,70.));
#11953 = VECTOR('',#11954,1.);
#11954 = DIRECTION('',(0.,-1.,0.));
#11955 = PCURVE('',#11956,#11961);
#11956 = CYLINDRICAL_SURFACE('',#11957,13.);
#11957 = AXIS2_PLACEMENT_3D('',#11958,#11959,#11960);
#11958 = CARTESIAN_POINT('',(-205.,-60.,70.));
#11959 = DIRECTION('',(-0.,1.,-0.));
#11960 = DIRECTION('',(1.,0.,0.));
#11961 = DEFINITIONAL_REPRESENTATION('',(#11962),#11966);
#11962 = LINE('',#11963,#11964);
#11963 = CARTESIAN_POINT('',(-0.,0.));
#11964 = VECTOR('',#11965,1.);
#11965 = DIRECTION('',(-0.,-1.));
#11966 = ( GEOMETRIC_REPRESENTATION_CONTEXT(2)
PARAMETRIC_REPRESENTATION_CONTEXT() REPRESENTATION_CONTEXT('2D SPACE',''
  ) );
#11967 = PCURVE('',#11956,#11968);
#11968 = DEFINITIONAL_REPRESENTATION('',(#11969),#11973);
#11969 = LINE('',#11970,#11971);
#11970 = CARTESIAN_POINT('',(-6.28318530718,0.));
#11971 = VECTOR('',#11972,1.);
#11972 = DIRECTION('',(-0.,-1.));
#11973 = ( GEOMETRIC_REPRESENTATION_CONTEXT(2)
PARAMETRIC_REPRESENTATION_CONTEXT() REPRESENTATION_CONTEXT('2D SPACE',''
  ) );
#11974 = ORIENTED_EDGE('',*,*,#11975,.T.);
#11975 = EDGE_CURVE('',#11948,#11948,#11976,.T.);
#11976 = SURFACE_CURVE('',#11977,(#11982,#11989),.PCURVE_S1.);
#11977 = CIRCLE('',#11978,13.);
#11978 = AXIS2_PLACEMENT_3D('',#11979,#11980,#11981);
#11979 = CARTESIAN_POINT('',(-205.,-62.,70.));
#11980 = DIRECTION('',(0.,-1.,0.));
#11981 = DIRECTION('',(1.,0.,0.));
#11982 = PCURVE('',#11956,#11983);
#11983 = DEFINITIONAL_REPRESENTATION('',(#11984),#11988);
#11984 = LINE('',#11985,#11986);
#11985 = CARTESIAN_POINT('',(-0.,-2.));
#11986 = VECTOR('',#11987,1.);
#11987 = DIRECTION('',(-1.,0.));
#11988 = ( GEOMETRIC_REPRESENTATION_CONTEXT(2)
PARAMETRIC_REPRESENTATION_CONTEXT() REPRESENTATION_CONTEXT('2D SPACE',''
  ) );
#11989 = PCURVE('',#11990,#11995);
#11990 = PLANE('',#11991);
#11991 = AXIS2_PLACEMENT_3D('',#11992,#11993,#11994);
#11992 = CARTESIAN_POINT('',(-205.,-62.,70.));
#11993 = DIRECTION('',(-0.,-1.,-0.));
#11994 = DIRECTION('',(0.,0.,-1.));
#11995 = DEFINITIONAL_REPRESENTATION('',(#11996),#12000);
#11996 = CIRCLE('',#11997,13.);
#11997 = AXIS2_PLACEMENT_2D('',#11998,#11999);
#11998 = CARTESIAN_POINT('',(0.,0.));
#11999 = DIRECTION('',(0.,1.));
#12000 = ( GEOMETRIC_REPRESENTATION_CONTEXT(2)
PARAMETRIC_REPRESENTATION_CONTEXT() REPRESENTATION_CONTEXT('2D SPACE',''
  ) );
#12001 = ORIENTED_EDGE('',*,*,#11945,.F.);
#12002 = ORIENTED_EDGE('',*,*,#12003,.F.);
#12003 = EDGE_CURVE('',#11946,#11946,#12004,.T.);
#12004 = SURFACE_CURVE('',#12005,(#12010,#12017),.PCURVE_S1.);
#12005 = CIRCLE('',#12006,13.);
#12006 = AXIS2_PLACEMENT_3D('',#12007,#12008,#12009);
#12007 = CARTESIAN_POINT('',(-205.,-60.,70.));
#12008 = DIRECTION('',(0.,-1.,0.));
#12009 = DIRECTION('',(1.,0.,0.));
#12010 = PCURVE('',#11956,#12011);
#12011 = DEFINITIONAL_REPRESENTATION('',(#12012),#12016);
#12012 = LINE('',#12013,#12014);
#12013 = CARTESIAN_POINT('',(-0.,0.));
#12014 = VECTOR('',#12015,1.);
#12015 = DIRECTION('',(-1.,0.));
#12016 = ( GEOMETRIC_REPRESENTATION_CONTEXT(2)
PARAMETRIC_REPRESENTATION_CONTEXT() REPRESENTATION_CONTEXT('2D SPACE',''
  ) );
#12017 = PCURVE('',#12018,#12023);
#12018 = CYLINDRICAL_SURFACE('',#12019,13.);
#12019 = AXIS2_PLACEMENT_3D('',#12020,#12021,#12022);
#12020 = CARTESIAN_POINT('',(-205.,-60.,70.));
#12021 = DIRECTION('',(0.,-1.,0.));
#12022 = DIRECTION('',(1.,0.,0.));
#12023 = DEFINITIONAL_REPRESENTATION('',(#12024),#12028);
#12024 = LINE('',#12025,#12026);
#12025 = CARTESIAN_POINT('',(0.,0.));
#12026 = VECTOR('',#12027,1.);
#12027 = DIRECTION('',(1.,0.));
#12028 = ( GEOMETRIC_REPRESENTATION_CONTEXT(2)
PARAMETRIC_REPRESENTATION_CONTEXT() REPRESENTATION_CONTEXT('2D SPACE',''
  ) );
#12029 = ADVANCED_FACE('',(#12030),#12018,.T.);
#12030 = FACE_BOUND('',#12031,.T.);
#12031 = EDGE_LOOP('',(#12032,#12055,#12082,#12083));
#12032 = ORIENTED_EDGE('',*,*,#12033,.T.);
#12033 = EDGE_CURVE('',#11946,#12034,#12036,.T.);
#12034 = VERTEX_POINT('',#12035);
#12035 = CARTESIAN_POINT('',(-192.,-58.,70.));
#12036 = SEAM_CURVE('',#12037,(#12041,#12048),.PCURVE_S1.);
#12037 = LINE('',#12038,#12039);
#12038 = CARTESIAN_POINT('',(-192.,-60.,70.));
#12039 = VECTOR('',#12040,1.);
#12040 = DIRECTION('',(-0.,1.,-0.));
#12041 = PCURVE('',#12018,#12042);
#12042 = DEFINITIONAL_REPRESENTATION('',(#12043),#12047);
#12043 = LINE('',#12044,#12045);
#12044 = CARTESIAN_POINT('',(0.,0.));
#12045 = VECTOR('',#12046,1.);
#12046 = DIRECTION('',(0.,-1.));
#12047 = ( GEOMETRIC_REPRESENTATION_CONTEXT(2)
PARAMETRIC_REPRESENTATION_CONTEXT() REPRESENTATION_CONTEXT('2D SPACE',''
  ) );
#12048 = PCURVE('',#12018,#12049);
#12049 = DEFINITIONAL_REPRESENTATION('',(#12050),#12054);
#12050 = LINE('',#12051,#12052);
#12051 = CARTESIAN_POINT('',(6.28318530718,0.));
#12052 = VECTOR('',#12053,1.);
#12053 = DIRECTION('',(0.,-1.));
#12054 = ( GEOMETRIC_REPRESENTATION_CONTEXT(2)
PARAMETRIC_REPRESENTATION_CONTEXT() REPRESENTATION_CONTEXT('2D SPACE',''
  ) );
#12055 = ORIENTED_EDGE('',*,*,#12056,.T.);
#12056 = EDGE_CURVE('',#12034,#12034,#12057,.T.);
#12057 = SURFACE_CURVE('',#12058,(#12063,#12070),.PCURVE_S1.);
#12058 = CIRCLE('',#12059,13.);
#12059 = AXIS2_PLACEMENT_3D('',#12060,#12061,#12062);
#12060 = CARTESIAN_POINT('',(-205.,-58.,70.));
#12061 = DIRECTION('',(0.,-1.,0.));
#12062 = DIRECTION('',(1.,0.,0.));
#12063 = PCURVE('',#12018,#12064);
#12064 = DEFINITIONAL_REPRESENTATION('',(#12065),#12069);
#12065 = LINE('',#12066,#12067);
#12066 = CARTESIAN_POINT('',(0.,-2.));
#12067 = VECTOR('',#12068,1.);
#12068 = DIRECTION('',(1.,0.));
#12069 = ( GEOMETRIC_REPRESENTATION_CONTEXT(2)
PARAMETRIC_REPRESENTATION_CONTEXT() REPRESENTATION_CONTEXT('2D SPACE',''
  ) );
#12070 = PCURVE('',#12071,#12076);
#12071 = PLANE('',#12072);
#12072 = AXIS2_PLACEMENT_3D('',#12073,#12074,#12075);
#12073 = CARTESIAN_POINT('',(-205.,-58.,70.));
#12074 = DIRECTION('',(-0.,-1.,-0.));
#12075 = DIRECTION('',(0.,0.,-1.));
#12076 = DEFINITIONAL_REPRESENTATION('',(#12077),#12081);
#12077 = CIRCLE('',#12078,13.);
#12078 = AXIS2_PLACEMENT_2D('',#12079,#12080);
#12079 = CARTESIAN_POINT('',(0.,0.));
#12080 = DIRECTION('',(0.,1.));
#12081 = ( GEOMETRIC_REPRESENTATION_CONTEXT(2)
PARAMETRIC_REPRESENTATION_CONTEXT() REPRESENTATION_CONTEXT('2D SPACE',''
  ) );
#12082 = ORIENTED_EDGE('',*,*,#12033,.F.);
#12083 = ORIENTED_EDGE('',*,*,#12003,.F.);
#12084 = ADVANCED_FACE('',(#12085,#12088),#11990,.T.);
#12085 = FACE_BOUND('',#12086,.T.);
#12086 = EDGE_LOOP('',(#12087));
#12087 = ORIENTED_EDGE('',*,*,#11975,.T.);
#12088 = FACE_BOUND('',#12089,.T.);
#12089 = EDGE_LOOP('',(#12090));
#12090 = ORIENTED_EDGE('',*,*,#12091,.F.);
#12091 = EDGE_CURVE('',#12092,#12092,#12094,.T.);
#12092 = VERTEX_POINT('',#12093);
#12093 = CARTESIAN_POINT('',(-196.5,-62.,70.));
#12094 = SURFACE_CURVE('',#12095,(#12100,#12107),.PCURVE_S1.);
#12095 = CIRCLE('',#12096,8.5);
#12096 = AXIS2_PLACEMENT_3D('',#12097,#12098,#12099);
#12097 = CARTESIAN_POINT('',(-205.,-62.,70.));
#12098 = DIRECTION('',(0.,-1.,0.));
#12099 = DIRECTION('',(1.,0.,0.));
#12100 = PCURVE('',#11990,#12101);
#12101 = DEFINITIONAL_REPRESENTATION('',(#12102),#12106);
#12102 = CIRCLE('',#12103,8.5);
#12103 = AXIS2_PLACEMENT_2D('',#12104,#12105);
#12104 = CARTESIAN_POINT('',(0.,5.684341886081E-14));
#12105 = DIRECTION('',(0.,1.));
#12106 = ( GEOMETRIC_REPRESENTATION_CONTEXT(2)
PARAMETRIC_REPRESENTATION_CONTEXT() REPRESENTATION_CONTEXT('2D SPACE',''
  ) );
#12107 = PCURVE('',#12108,#12113);
#12108 = CYLINDRICAL_SURFACE('',#12109,8.5);
#12109 = AXIS2_PLACEMENT_3D('',#12110,#12111,#12112);
#12110 = CARTESIAN_POINT('',(-205.,-60.,70.));
#12111 = DIRECTION('',(-0.,1.,-0.));
#12112 = DIRECTION('',(1.,0.,0.));
#12113 = DEFINITIONAL_REPRESENTATION('',(#12114),#12118);
#12114 = LINE('',#12115,#12116);
#12115 = CARTESIAN_POINT('',(-0.,-2.));
#12116 = VECTOR('',#12117,1.);
#12117 = DIRECTION('',(-1.,0.));
#12118 = ( GEOMETRIC_REPRESENTATION_CONTEXT(2)
PARAMETRIC_REPRESENTATION_CONTEXT() REPRESENTATION_CONTEXT('2D SPACE',''
  ) );
#12119 = ADVANCED_FACE('',(#12120,#12123),#12071,.F.);
#12120 = FACE_BOUND('',#12121,.F.);
#12121 = EDGE_LOOP('',(#12122));
#12122 = ORIENTED_EDGE('',*,*,#12056,.T.);
#12123 = FACE_BOUND('',#12124,.F.);
#12124 = EDGE_LOOP('',(#12125));
#12125 = ORIENTED_EDGE('',*,*,#12126,.F.);
#12126 = EDGE_CURVE('',#12127,#12127,#12129,.T.);
#12127 = VERTEX_POINT('',#12128);
#12128 = CARTESIAN_POINT('',(-196.5,-58.,70.));
#12129 = SURFACE_CURVE('',#12130,(#12135,#12142),.PCURVE_S1.);
#12130 = CIRCLE('',#12131,8.5);
#12131 = AXIS2_PLACEMENT_3D('',#12132,#12133,#12134);
#12132 = CARTESIAN_POINT('',(-205.,-58.,70.));
#12133 = DIRECTION('',(0.,-1.,0.));
#12134 = DIRECTION('',(1.,0.,0.));
#12135 = PCURVE('',#12071,#12136);
#12136 = DEFINITIONAL_REPRESENTATION('',(#12137),#12141);
#12137 = CIRCLE('',#12138,8.5);
#12138 = AXIS2_PLACEMENT_2D('',#12139,#12140);
#12139 = CARTESIAN_POINT('',(0.,5.684341886081E-14));
#12140 = DIRECTION('',(0.,1.));
#12141 = ( GEOMETRIC_REPRESENTATION_CONTEXT(2)
PARAMETRIC_REPRESENTATION_CONTEXT() REPRESENTATION_CONTEXT('2D SPACE',''
  ) );
#12142 = PCURVE('',#12143,#12148);
#12143 = CYLINDRICAL_SURFACE('',#12144,8.5);
#12144 = AXIS2_PLACEMENT_3D('',#12145,#12146,#12147);
#12145 = CARTESIAN_POINT('',(-205.,-60.,70.));
#12146 = DIRECTION('',(0.,-1.,0.));
#12147 = DIRECTION('',(1.,0.,0.));
#12148 = DEFINITIONAL_REPRESENTATION('',(#12149),#12153);
#12149 = LINE('',#12150,#12151);
#12150 = CARTESIAN_POINT('',(0.,-2.));
#12151 = VECTOR('',#12152,1.);
#12152 = DIRECTION('',(1.,0.));
#12153 = ( GEOMETRIC_REPRESENTATION_CONTEXT(2)
PARAMETRIC_REPRESENTATION_CONTEXT() REPRESENTATION_CONTEXT('2D SPACE',''
  ) );
#12154 = ADVANCED_FACE('',(#12155),#12108,.F.);
#12155 = FACE_BOUND('',#12156,.T.);
#12156 = EDGE_LOOP('',(#12157,#12180,#12181,#12182));
#12157 = ORIENTED_EDGE('',*,*,#12158,.T.);
#12158 = EDGE_CURVE('',#12159,#12092,#12161,.T.);
#12159 = VERTEX_POINT('',#12160);
#12160 = CARTESIAN_POINT('',(-196.5,-60.,70.));
#12161 = SEAM_CURVE('',#12162,(#12166,#12173),.PCURVE_S1.);
#12162 = LINE('',#12163,#12164);
#12163 = CARTESIAN_POINT('',(-196.5,-60.,70.));
#12164 = VECTOR('',#12165,1.);
#12165 = DIRECTION('',(0.,-1.,0.));
#12166 = PCURVE('',#12108,#12167);
#12167 = DEFINITIONAL_REPRESENTATION('',(#12168),#12172);
#12168 = LINE('',#12169,#12170);
#12169 = CARTESIAN_POINT('',(-0.,0.));
#12170 = VECTOR('',#12171,1.);
#12171 = DIRECTION('',(-0.,-1.));
#12172 = ( GEOMETRIC_REPRESENTATION_CONTEXT(2)
PARAMETRIC_REPRESENTATION_CONTEXT() REPRESENTATION_CONTEXT('2D SPACE',''
  ) );
#12173 = PCURVE('',#12108,#12174);
#12174 = DEFINITIONAL_REPRESENTATION('',(#12175),#12179);
#12175 = LINE('',#12176,#12177);
#12176 = CARTESIAN_POINT('',(-6.28318530718,0.));
#12177 = VECTOR('',#12178,1.);
#12178 = DIRECTION('',(-0.,-1.));
#12179 = ( GEOMETRIC_REPRESENTATION_CONTEXT(2)
PARAMETRIC_REPRESENTATION_CONTEXT() REPRESENTATION_CONTEXT('2D SPACE',''
  ) );
#12180 = ORIENTED_EDGE('',*,*,#12091,.T.);
#12181 = ORIENTED_EDGE('',*,*,#12158,.F.);
#12182 = ORIENTED_EDGE('',*,*,#12183,.F.);
#12183 = EDGE_CURVE('',#12159,#12159,#12184,.T.);
#12184 = SURFACE_CURVE('',#12185,(#12190,#12197),.PCURVE_S1.);
#12185 = CIRCLE('',#12186,8.5);
#12186 = AXIS2_PLACEMENT_3D('',#12187,#12188,#12189);
#12187 = CARTESIAN_POINT('',(-205.,-60.,70.));
#12188 = DIRECTION('',(0.,-1.,0.));
#12189 = DIRECTION('',(1.,0.,0.));
#12190 = PCURVE('',#12108,#12191);
#12191 = DEFINITIONAL_REPRESENTATION('',(#12192),#12196);
#12192 = LINE('',#12193,#12194);
#12193 = CARTESIAN_POINT('',(-0.,0.));
#12194 = VECTOR('',#12195,1.);
#12195 = DIRECTION('',(-1.,0.));
#12196 = ( GEOMETRIC_REPRESENTATION_CONTEXT(2)
PARAMETRIC_REPRESENTATION_CONTEXT() REPRESENTATION_CONTEXT('2D SPACE',''
  ) );
#12197 = PCURVE('',#12143,#12198);
#12198 = DEFINITIONAL_REPRESENTATION('',(#12199),#12203);
#12199 = LINE('',#12200,#12201);
#12200 = CARTESIAN_POINT('',(0.,0.));
#12201 = VECTOR('',#12202,1.);
#12202 = DIRECTION('',(1.,0.));
#12203 = ( GEOMETRIC_REPRESENTATION_CONTEXT(2)
PARAMETRIC_REPRESENTATION_CONTEXT() REPRESENTATION_CONTEXT('2D SPACE',''
  ) );
#12204 = ADVANCED_FACE('',(#12205),#12143,.F.);
#12205 = FACE_BOUND('',#12206,.F.);
#12206 = EDGE_LOOP('',(#12207,#12228,#12229,#12230));
#12207 = ORIENTED_EDGE('',*,*,#12208,.T.);
#12208 = EDGE_CURVE('',#12159,#12127,#12209,.T.);
#12209 = SEAM_CURVE('',#12210,(#12214,#12221),.PCURVE_S1.);
#12210 = LINE('',#12211,#12212);
#12211 = CARTESIAN_POINT('',(-196.5,-60.,70.));
#12212 = VECTOR('',#12213,1.);
#12213 = DIRECTION('',(-0.,1.,-0.));
#12214 = PCURVE('',#12143,#12215);
#12215 = DEFINITIONAL_REPRESENTATION('',(#12216),#12220);
#12216 = LINE('',#12217,#12218);
#12217 = CARTESIAN_POINT('',(0.,0.));
#12218 = VECTOR('',#12219,1.);
#12219 = DIRECTION('',(0.,-1.));
#12220 = ( GEOMETRIC_REPRESENTATION_CONTEXT(2)
PARAMETRIC_REPRESENTATION_CONTEXT() REPRESENTATION_CONTEXT('2D SPACE',''
  ) );
#12221 = PCURVE('',#12143,#12222);
#12222 = DEFINITIONAL_REPRESENTATION('',(#12223),#12227);
#12223 = LINE('',#12224,#12225);
#12224 = CARTESIAN_POINT('',(6.28318530718,0.));
#12225 = VECTOR('',#12226,1.);
#12226 = DIRECTION('',(0.,-1.));
#12227 = ( GEOMETRIC_REPRESENTATION_CONTEXT(2)
PARAMETRIC_REPRESENTATION_CONTEXT() REPRESENTATION_CONTEXT('2D SPACE',''
  ) );
#12228 = ORIENTED_EDGE('',*,*,#12126,.T.);
#12229 = ORIENTED_EDGE('',*,*,#12208,.F.);
#12230 = ORIENTED_EDGE('',*,*,#12183,.F.);
#12231 = ( GEOMETRIC_REPRESENTATION_CONTEXT(3)
GLOBAL_UNCERTAINTY_ASSIGNED_CONTEXT((#12235))
GLOBAL_UNIT_ASSIGNED_CONTEXT((#12232,#12233,#12234))
REPRESENTATION_CONTEXT('Context #1',
  '3D Context with UNIT and UNCERTAINTY') );
#12232 = ( LENGTH_UNIT() NAMED_UNIT(*) SI_UNIT(.MILLI.,.METRE.) );
#12233 = ( NAMED_UNIT(*) PLANE_ANGLE_UNIT() SI_UNIT($,.RADIAN.) );
#12234 = ( NAMED_UNIT(*) SI_UNIT($,.STERADIAN.) SOLID_ANGLE_UNIT() );
#12235 = UNCERTAINTY_MEASURE_WITH_UNIT(LENGTH_MEASURE(1.E-07),#12232,
  'distance_accuracy_value','confusion accuracy');
#12236 = CONTEXT_DEPENDENT_SHAPE_REPRESENTATION(#12237,#12239);
#12237 = ( REPRESENTATION_RELATIONSHIP('','',#11938,#10)
REPRESENTATION_RELATIONSHIP_WITH_TRANSFORMATION(#12238)
SHAPE_REPRESENTATION_RELATIONSHIP() );
#12238 = ITEM_DEFINED_TRANSFORMATION('','',#11,#99);
#12239 = PRODUCT_DEFINITION_SHAPE('Placement','Placement of an item',
  #12240);
#12240 = NEXT_ASSEMBLY_USAGE_OCCURRENCE('22','','',#5,#11933,$);
#12241 = PRODUCT_RELATED_PRODUCT_CATEGORY('part',$,(#11935));
#12242 = SHAPE_DEFINITION_REPRESENTATION(#12243,#12249);
#12243 = PRODUCT_DEFINITION_SHAPE('','',#12244);
#12244 = PRODUCT_DEFINITION('design','',#12245,#12248);
#12245 = PRODUCT_DEFINITION_FORMATION('','',#12246);
#12246 = PRODUCT('Open CASCADE STEP translator 7.8 20.23',
  'Open CASCADE STEP translator 7.8 20.23','',(#12247));
#12247 = PRODUCT_CONTEXT('',#2,'mechanical');
#12248 = PRODUCT_DEFINITION_CONTEXT('part definition',#2,'design');
#12249 = ADVANCED_BREP_SHAPE_REPRESENTATION('',(#11,#12250),#12542);
#12250 = MANIFOLD_SOLID_BREP('',#12251);
#12251 = CLOSED_SHELL('',(#12252,#12340,#12395,#12430,#12465,#12515));
#12252 = ADVANCED_FACE('',(#12253),#12267,.T.);
#12253 = FACE_BOUND('',#12254,.F.);
#12254 = EDGE_LOOP('',(#12255,#12285,#12312,#12313));
#12255 = ORIENTED_EDGE('',*,*,#12256,.T.);
#12256 = EDGE_CURVE('',#12257,#12259,#12261,.T.);
#12257 = VERTEX_POINT('',#12258);
#12258 = CARTESIAN_POINT('',(-192.,40.,70.));
#12259 = VERTEX_POINT('',#12260);
#12260 = CARTESIAN_POINT('',(-192.,38.,70.));
#12261 = SEAM_CURVE('',#12262,(#12266,#12278),.PCURVE_S1.);
#12262 = LINE('',#12263,#12264);
#12263 = CARTESIAN_POINT('',(-192.,40.,70.));
#12264 = VECTOR('',#12265,1.);
#12265 = DIRECTION('',(0.,-1.,0.));
#12266 = PCURVE('',#12267,#12272);
#12267 = CYLINDRICAL_SURFACE('',#12268,13.);
#12268 = AXIS2_PLACEMENT_3D('',#12269,#12270,#12271);
#12269 = CARTESIAN_POINT('',(-205.,40.,70.));
#12270 = DIRECTION('',(-0.,1.,-0.));
#12271 = DIRECTION('',(1.,0.,0.));
#12272 = DEFINITIONAL_REPRESENTATION('',(#12273),#12277);
#12273 = LINE('',#12274,#12275);
#12274 = CARTESIAN_POINT('',(-0.,0.));
#12275 = VECTOR('',#12276,1.);
#12276 = DIRECTION('',(-0.,-1.));
#12277 = ( GEOMETRIC_REPRESENTATION_CONTEXT(2)
PARAMETRIC_REPRESENTATION_CONTEXT() REPRESENTATION_CONTEXT('2D SPACE',''
  ) );
#12278 = PCURVE('',#12267,#12279);
#12279 = DEFINITIONAL_REPRESENTATION('',(#12280),#12284);
#12280 = LINE('',#12281,#12282);
#12281 = CARTESIAN_POINT('',(-6.28318530718,0.));
#12282 = VECTOR('',#12283,1.);
#12283 = DIRECTION('',(-0.,-1.));
#12284 = ( GEOMETRIC_REPRESENTATION_CONTEXT(2)
PARAMETRIC_REPRESENTATION_CONTEXT() REPRESENTATION_CONTEXT('2D SPACE',''
  ) );
#12285 = ORIENTED_EDGE('',*,*,#12286,.T.);
#12286 = EDGE_CURVE('',#12259,#12259,#12287,.T.);
#12287 = SURFACE_CURVE('',#12288,(#12293,#12300),.PCURVE_S1.);
#12288 = CIRCLE('',#12289,13.);
#12289 = AXIS2_PLACEMENT_3D('',#12290,#12291,#12292);
#12290 = CARTESIAN_POINT('',(-205.,38.,70.));
#12291 = DIRECTION('',(0.,-1.,0.));
#12292 = DIRECTION('',(1.,0.,0.));
#12293 = PCURVE('',#12267,#12294);
#12294 = DEFINITIONAL_REPRESENTATION('',(#12295),#12299);
#12295 = LINE('',#12296,#12297);
#12296 = CARTESIAN_POINT('',(-0.,-2.));
#12297 = VECTOR('',#12298,1.);
#12298 = DIRECTION('',(-1.,0.));
#12299 = ( GEOMETRIC_REPRESENTATION_CONTEXT(2)
PARAMETRIC_REPRESENTATION_CONTEXT() REPRESENTATION_CONTEXT('2D SPACE',''
  ) );
#12300 = PCURVE('',#12301,#12306);
#12301 = PLANE('',#12302);
#12302 = AXIS2_PLACEMENT_3D('',#12303,#12304,#12305);
#12303 = CARTESIAN_POINT('',(-205.,38.,70.));
#12304 = DIRECTION('',(-0.,-1.,-0.));
#12305 = DIRECTION('',(0.,0.,-1.));
#12306 = DEFINITIONAL_REPRESENTATION('',(#12307),#12311);
#12307 = CIRCLE('',#12308,13.);
#12308 = AXIS2_PLACEMENT_2D('',#12309,#12310);
#12309 = CARTESIAN_POINT('',(0.,0.));
#12310 = DIRECTION('',(0.,1.));
#12311 = ( GEOMETRIC_REPRESENTATION_CONTEXT(2)
PARAMETRIC_REPRESENTATION_CONTEXT() REPRESENTATION_CONTEXT('2D SPACE',''
  ) );
#12312 = ORIENTED_EDGE('',*,*,#12256,.F.);
#12313 = ORIENTED_EDGE('',*,*,#12314,.F.);
#12314 = EDGE_CURVE('',#12257,#12257,#12315,.T.);
#12315 = SURFACE_CURVE('',#12316,(#12321,#12328),.PCURVE_S1.);
#12316 = CIRCLE('',#12317,13.);
#12317 = AXIS2_PLACEMENT_3D('',#12318,#12319,#12320);
#12318 = CARTESIAN_POINT('',(-205.,40.,70.));
#12319 = DIRECTION('',(0.,-1.,0.));
#12320 = DIRECTION('',(1.,0.,0.));
#12321 = PCURVE('',#12267,#12322);
#12322 = DEFINITIONAL_REPRESENTATION('',(#12323),#12327);
#12323 = LINE('',#12324,#12325);
#12324 = CARTESIAN_POINT('',(-0.,0.));
#12325 = VECTOR('',#12326,1.);
#12326 = DIRECTION('',(-1.,0.));
#12327 = ( GEOMETRIC_REPRESENTATION_CONTEXT(2)
PARAMETRIC_REPRESENTATION_CONTEXT() REPRESENTATION_CONTEXT('2D SPACE',''
  ) );
#12328 = PCURVE('',#12329,#12334);
#12329 = CYLINDRICAL_SURFACE('',#12330,13.);
#12330 = AXIS2_PLACEMENT_3D('',#12331,#12332,#12333);
#12331 = CARTESIAN_POINT('',(-205.,40.,70.));
#12332 = DIRECTION('',(0.,-1.,0.));
#12333 = DIRECTION('',(1.,0.,0.));
#12334 = DEFINITIONAL_REPRESENTATION('',(#12335),#12339);
#12335 = LINE('',#12336,#12337);
#12336 = CARTESIAN_POINT('',(0.,0.));
#12337 = VECTOR('',#12338,1.);
#12338 = DIRECTION('',(1.,0.));
#12339 = ( GEOMETRIC_REPRESENTATION_CONTEXT(2)
PARAMETRIC_REPRESENTATION_CONTEXT() REPRESENTATION_CONTEXT('2D SPACE',''
  ) );
#12340 = ADVANCED_FACE('',(#12341),#12329,.T.);
#12341 = FACE_BOUND('',#12342,.T.);
#12342 = EDGE_LOOP('',(#12343,#12366,#12393,#12394));
#12343 = ORIENTED_EDGE('',*,*,#12344,.T.);
#12344 = EDGE_CURVE('',#12257,#12345,#12347,.T.);
#12345 = VERTEX_POINT('',#12346);
#12346 = CARTESIAN_POINT('',(-192.,42.,70.));
#12347 = SEAM_CURVE('',#12348,(#12352,#12359),.PCURVE_S1.);
#12348 = LINE('',#12349,#12350);
#12349 = CARTESIAN_POINT('',(-192.,40.,70.));
#12350 = VECTOR('',#12351,1.);
#12351 = DIRECTION('',(-0.,1.,-0.));
#12352 = PCURVE('',#12329,#12353);
#12353 = DEFINITIONAL_REPRESENTATION('',(#12354),#12358);
#12354 = LINE('',#12355,#12356);
#12355 = CARTESIAN_POINT('',(0.,0.));
#12356 = VECTOR('',#12357,1.);
#12357 = DIRECTION('',(0.,-1.));
#12358 = ( GEOMETRIC_REPRESENTATION_CONTEXT(2)
PARAMETRIC_REPRESENTATION_CONTEXT() REPRESENTATION_CONTEXT('2D SPACE',''
  ) );
#12359 = PCURVE('',#12329,#12360);
#12360 = DEFINITIONAL_REPRESENTATION('',(#12361),#12365);
#12361 = LINE('',#12362,#12363);
#12362 = CARTESIAN_POINT('',(6.28318530718,0.));
#12363 = VECTOR('',#12364,1.);
#12364 = DIRECTION('',(0.,-1.));
#12365 = ( GEOMETRIC_REPRESENTATION_CONTEXT(2)
PARAMETRIC_REPRESENTATION_CONTEXT() REPRESENTATION_CONTEXT('2D SPACE',''
  ) );
#12366 = ORIENTED_EDGE('',*,*,#12367,.T.);
#12367 = EDGE_CURVE('',#12345,#12345,#12368,.T.);
#12368 = SURFACE_CURVE('',#12369,(#12374,#12381),.PCURVE_S1.);
#12369 = CIRCLE('',#12370,13.);
#12370 = AXIS2_PLACEMENT_3D('',#12371,#12372,#12373);
#12371 = CARTESIAN_POINT('',(-205.,42.,70.));
#12372 = DIRECTION('',(0.,-1.,0.));
#12373 = DIRECTION('',(1.,0.,0.));
#12374 = PCURVE('',#12329,#12375);
#12375 = DEFINITIONAL_REPRESENTATION('',(#12376),#12380);
#12376 = LINE('',#12377,#12378);
#12377 = CARTESIAN_POINT('',(0.,-2.));
#12378 = VECTOR('',#12379,1.);
#12379 = DIRECTION('',(1.,0.));
#12380 = ( GEOMETRIC_REPRESENTATION_CONTEXT(2)
PARAMETRIC_REPRESENTATION_CONTEXT() REPRESENTATION_CONTEXT('2D SPACE',''
  ) );
#12381 = PCURVE('',#12382,#12387);
#12382 = PLANE('',#12383);
#12383 = AXIS2_PLACEMENT_3D('',#12384,#12385,#12386);
#12384 = CARTESIAN_POINT('',(-205.,42.,70.));
#12385 = DIRECTION('',(-0.,-1.,-0.));
#12386 = DIRECTION('',(0.,0.,-1.));
#12387 = DEFINITIONAL_REPRESENTATION('',(#12388),#12392);
#12388 = CIRCLE('',#12389,13.);
#12389 = AXIS2_PLACEMENT_2D('',#12390,#12391);
#12390 = CARTESIAN_POINT('',(0.,0.));
#12391 = DIRECTION('',(0.,1.));
#12392 = ( GEOMETRIC_REPRESENTATION_CONTEXT(2)
PARAMETRIC_REPRESENTATION_CONTEXT() REPRESENTATION_CONTEXT('2D SPACE',''
  ) );
#12393 = ORIENTED_EDGE('',*,*,#12344,.F.);
#12394 = ORIENTED_EDGE('',*,*,#12314,.F.);
#12395 = ADVANCED_FACE('',(#12396,#12399),#12301,.T.);
#12396 = FACE_BOUND('',#12397,.T.);
#12397 = EDGE_LOOP('',(#12398));
#12398 = ORIENTED_EDGE('',*,*,#12286,.T.);
#12399 = FACE_BOUND('',#12400,.T.);
#12400 = EDGE_LOOP('',(#12401));
#12401 = ORIENTED_EDGE('',*,*,#12402,.F.);
#12402 = EDGE_CURVE('',#12403,#12403,#12405,.T.);
#12403 = VERTEX_POINT('',#12404);
#12404 = CARTESIAN_POINT('',(-196.5,38.,70.));
#12405 = SURFACE_CURVE('',#12406,(#12411,#12418),.PCURVE_S1.);
#12406 = CIRCLE('',#12407,8.5);
#12407 = AXIS2_PLACEMENT_3D('',#12408,#12409,#12410);
#12408 = CARTESIAN_POINT('',(-205.,38.,70.));
#12409 = DIRECTION('',(0.,-1.,0.));
#12410 = DIRECTION('',(1.,0.,0.));
#12411 = PCURVE('',#12301,#12412);
#12412 = DEFINITIONAL_REPRESENTATION('',(#12413),#12417);
#12413 = CIRCLE('',#12414,8.5);
#12414 = AXIS2_PLACEMENT_2D('',#12415,#12416);
#12415 = CARTESIAN_POINT('',(0.,5.684341886081E-14));
#12416 = DIRECTION('',(0.,1.));
#12417 = ( GEOMETRIC_REPRESENTATION_CONTEXT(2)
PARAMETRIC_REPRESENTATION_CONTEXT() REPRESENTATION_CONTEXT('2D SPACE',''
  ) );
#12418 = PCURVE('',#12419,#12424);
#12419 = CYLINDRICAL_SURFACE('',#12420,8.5);
#12420 = AXIS2_PLACEMENT_3D('',#12421,#12422,#12423);
#12421 = CARTESIAN_POINT('',(-205.,40.,70.));
#12422 = DIRECTION('',(-0.,1.,-0.));
#12423 = DIRECTION('',(1.,0.,0.));
#12424 = DEFINITIONAL_REPRESENTATION('',(#12425),#12429);
#12425 = LINE('',#12426,#12427);
#12426 = CARTESIAN_POINT('',(-0.,-2.));
#12427 = VECTOR('',#12428,1.);
#12428 = DIRECTION('',(-1.,0.));
#12429 = ( GEOMETRIC_REPRESENTATION_CONTEXT(2)
PARAMETRIC_REPRESENTATION_CONTEXT() REPRESENTATION_CONTEXT('2D SPACE',''
  ) );
#12430 = ADVANCED_FACE('',(#12431,#12434),#12382,.F.);
#12431 = FACE_BOUND('',#12432,.F.);
#12432 = EDGE_LOOP('',(#12433));
#12433 = ORIENTED_EDGE('',*,*,#12367,.T.);
#12434 = FACE_BOUND('',#12435,.F.);
#12435 = EDGE_LOOP('',(#12436));
#12436 = ORIENTED_EDGE('',*,*,#12437,.F.);
#12437 = EDGE_CURVE('',#12438,#12438,#12440,.T.);
#12438 = VERTEX_POINT('',#12439);
#12439 = CARTESIAN_POINT('',(-196.5,42.,70.));
#12440 = SURFACE_CURVE('',#12441,(#12446,#12453),.PCURVE_S1.);
#12441 = CIRCLE('',#12442,8.5);
#12442 = AXIS2_PLACEMENT_3D('',#12443,#12444,#12445);
#12443 = CARTESIAN_POINT('',(-205.,42.,70.));
#12444 = DIRECTION('',(0.,-1.,0.));
#12445 = DIRECTION('',(1.,0.,0.));
#12446 = PCURVE('',#12382,#12447);
#12447 = DEFINITIONAL_REPRESENTATION('',(#12448),#12452);
#12448 = CIRCLE('',#12449,8.5);
#12449 = AXIS2_PLACEMENT_2D('',#12450,#12451);
#12450 = CARTESIAN_POINT('',(0.,5.684341886081E-14));
#12451 = DIRECTION('',(0.,1.));
#12452 = ( GEOMETRIC_REPRESENTATION_CONTEXT(2)
PARAMETRIC_REPRESENTATION_CONTEXT() REPRESENTATION_CONTEXT('2D SPACE',''
  ) );
#12453 = PCURVE('',#12454,#12459);
#12454 = CYLINDRICAL_SURFACE('',#12455,8.5);
#12455 = AXIS2_PLACEMENT_3D('',#12456,#12457,#12458);
#12456 = CARTESIAN_POINT('',(-205.,40.,70.));
#12457 = DIRECTION('',(0.,-1.,0.));
#12458 = DIRECTION('',(1.,0.,0.));
#12459 = DEFINITIONAL_REPRESENTATION('',(#12460),#12464);
#12460 = LINE('',#12461,#12462);
#12461 = CARTESIAN_POINT('',(0.,-2.));
#12462 = VECTOR('',#12463,1.);
#12463 = DIRECTION('',(1.,0.));
#12464 = ( GEOMETRIC_REPRESENTATION_CONTEXT(2)
PARAMETRIC_REPRESENTATION_CONTEXT() REPRESENTATION_CONTEXT('2D SPACE',''
  ) );
#12465 = ADVANCED_FACE('',(#12466),#12419,.F.);
#12466 = FACE_BOUND('',#12467,.T.);
#12467 = EDGE_LOOP('',(#12468,#12491,#12492,#12493));
#12468 = ORIENTED_EDGE('',*,*,#12469,.T.);
#12469 = EDGE_CURVE('',#12470,#12403,#12472,.T.);
#12470 = VERTEX_POINT('',#12471);
#12471 = CARTESIAN_POINT('',(-196.5,40.,70.));
#12472 = SEAM_CURVE('',#12473,(#12477,#12484),.PCURVE_S1.);
#12473 = LINE('',#12474,#12475);
#12474 = CARTESIAN_POINT('',(-196.5,40.,70.));
#12475 = VECTOR('',#12476,1.);
#12476 = DIRECTION('',(0.,-1.,0.));
#12477 = PCURVE('',#12419,#12478);
#12478 = DEFINITIONAL_REPRESENTATION('',(#12479),#12483);
#12479 = LINE('',#12480,#12481);
#12480 = CARTESIAN_POINT('',(-0.,0.));
#12481 = VECTOR('',#12482,1.);
#12482 = DIRECTION('',(-0.,-1.));
#12483 = ( GEOMETRIC_REPRESENTATION_CONTEXT(2)
PARAMETRIC_REPRESENTATION_CONTEXT() REPRESENTATION_CONTEXT('2D SPACE',''
  ) );
#12484 = PCURVE('',#12419,#12485);
#12485 = DEFINITIONAL_REPRESENTATION('',(#12486),#12490);
#12486 = LINE('',#12487,#12488);
#12487 = CARTESIAN_POINT('',(-6.28318530718,0.));
#12488 = VECTOR('',#12489,1.);
#12489 = DIRECTION('',(-0.,-1.));
#12490 = ( GEOMETRIC_REPRESENTATION_CONTEXT(2)
PARAMETRIC_REPRESENTATION_CONTEXT() REPRESENTATION_CONTEXT('2D SPACE',''
  ) );
#12491 = ORIENTED_EDGE('',*,*,#12402,.T.);
#12492 = ORIENTED_EDGE('',*,*,#12469,.F.);
#12493 = ORIENTED_EDGE('',*,*,#12494,.F.);
#12494 = EDGE_CURVE('',#12470,#12470,#12495,.T.);
#12495 = SURFACE_CURVE('',#12496,(#12501,#12508),.PCURVE_S1.);
#12496 = CIRCLE('',#12497,8.5);
#12497 = AXIS2_PLACEMENT_3D('',#12498,#12499,#12500);
#12498 = CARTESIAN_POINT('',(-205.,40.,70.));
#12499 = DIRECTION('',(0.,-1.,0.));
#12500 = DIRECTION('',(1.,0.,0.));
#12501 = PCURVE('',#12419,#12502);
#12502 = DEFINITIONAL_REPRESENTATION('',(#12503),#12507);
#12503 = LINE('',#12504,#12505);
#12504 = CARTESIAN_POINT('',(-0.,0.));
#12505 = VECTOR('',#12506,1.);
#12506 = DIRECTION('',(-1.,0.));
#12507 = ( GEOMETRIC_REPRESENTATION_CONTEXT(2)
PARAMETRIC_REPRESENTATION_CONTEXT() REPRESENTATION_CONTEXT('2D SPACE',''
  ) );
#12508 = PCURVE('',#12454,#12509);
#12509 = DEFINITIONAL_REPRESENTATION('',(#12510),#12514);
#12510 = LINE('',#12511,#12512);
#12511 = CARTESIAN_POINT('',(0.,0.));
#12512 = VECTOR('',#12513,1.);
#12513 = DIRECTION('',(1.,0.));
#12514 = ( GEOMETRIC_REPRESENTATION_CONTEXT(2)
PARAMETRIC_REPRESENTATION_CONTEXT() REPRESENTATION_CONTEXT('2D SPACE',''
  ) );
#12515 = ADVANCED_FACE('',(#12516),#12454,.F.);
#12516 = FACE_BOUND('',#12517,.F.);
#12517 = EDGE_LOOP('',(#12518,#12539,#12540,#12541));
#12518 = ORIENTED_EDGE('',*,*,#12519,.T.);
#12519 = EDGE_CURVE('',#12470,#12438,#12520,.T.);
#12520 = SEAM_CURVE('',#12521,(#12525,#12532),.PCURVE_S1.);
#12521 = LINE('',#12522,#12523);
#12522 = CARTESIAN_POINT('',(-196.5,40.,70.));
#12523 = VECTOR('',#12524,1.);
#12524 = DIRECTION('',(-0.,1.,-0.));
#12525 = PCURVE('',#12454,#12526);
#12526 = DEFINITIONAL_REPRESENTATION('',(#12527),#12531);
#12527 = LINE('',#12528,#12529);
#12528 = CARTESIAN_POINT('',(0.,0.));
#12529 = VECTOR('',#12530,1.);
#12530 = DIRECTION('',(0.,-1.));
#12531 = ( GEOMETRIC_REPRESENTATION_CONTEXT(2)
PARAMETRIC_REPRESENTATION_CONTEXT() REPRESENTATION_CONTEXT('2D SPACE',''
  ) );
#12532 = PCURVE('',#12454,#12533);
#12533 = DEFINITIONAL_REPRESENTATION('',(#12534),#12538);
#12534 = LINE('',#12535,#12536);
#12535 = CARTESIAN_POINT('',(6.28318530718,0.));
#12536 = VECTOR('',#12537,1.);
#12537 = DIRECTION('',(0.,-1.));
#12538 = ( GEOMETRIC_REPRESENTATION_CONTEXT(2)
PARAMETRIC_REPRESENTATION_CONTEXT() REPRESENTATION_CONTEXT('2D SPACE',''
  ) );
#12539 = ORIENTED_EDGE('',*,*,#12437,.T.);
#12540 = ORIENTED_EDGE('',*,*,#12519,.F.);
#12541 = ORIENTED_EDGE('',*,*,#12494,.F.);
#12542 = ( GEOMETRIC_REPRESENTATION_CONTEXT(3)
GLOBAL_UNCERTAINTY_ASSIGNED_CONTEXT((#12546))
GLOBAL_UNIT_ASSIGNED_CONTEXT((#12543,#12544,#12545))
REPRESENTATION_CONTEXT('Context #1',
  '3D Context with UNIT and UNCERTAINTY') );
#12543 = ( LENGTH_UNIT() NAMED_UNIT(*) SI_UNIT(.MILLI.,.METRE.) );
#12544 = ( NAMED_UNIT(*) PLANE_ANGLE_UNIT() SI_UNIT($,.RADIAN.) );
#12545 = ( NAMED_UNIT(*) SI_UNIT($,.STERADIAN.) SOLID_ANGLE_UNIT() );
#12546 = UNCERTAINTY_MEASURE_WITH_UNIT(LENGTH_MEASURE(1.E-07),#12543,
  'distance_accuracy_value','confusion accuracy');
#12547 = CONTEXT_DEPENDENT_SHAPE_REPRESENTATION(#12548,#12550);
#12548 = ( REPRESENTATION_RELATIONSHIP('','',#12249,#10)
REPRESENTATION_RELATIONSHIP_WITH_TRANSFORMATION(#12549)
SHAPE_REPRESENTATION_RELATIONSHIP() );
#12549 = ITEM_DEFINED_TRANSFORMATION('','',#11,#103);
#12550 = PRODUCT_DEFINITION_SHAPE('Placement','Placement of an item',
  #12551);
#12551 = NEXT_ASSEMBLY_USAGE_OCCURRENCE('23','','',#5,#12244,$);
#12552 = PRODUCT_RELATED_PRODUCT_CATEGORY('part',$,(#12246));
#12553 = SHAPE_DEFINITION_REPRESENTATION(#12554,#12560);
#12554 = PRODUCT_DEFINITION_SHAPE('','',#12555);
#12555 = PRODUCT_DEFINITION('design','',#12556,#12559);
#12556 = PRODUCT_DEFINITION_FORMATION('','',#12557);
#12557 = PRODUCT('Open CASCADE STEP translator 7.8 20.24',
  'Open CASCADE STEP translator 7.8 20.24','',(#12558));
#12558 = PRODUCT_CONTEXT('',#2,'mechanical');
#12559 = PRODUCT_DEFINITION_CONTEXT('part definition',#2,'design');
#12560 = ADVANCED_BREP_SHAPE_REPRESENTATION('',(#11,#12561),#13207);
#12561 = MANIFOLD_SOLID_BREP('',#12562);
#12562 = CLOSED_SHELL('',(#12563,#12683,#12759,#12830,#12971,#13092,
    #13099,#13146,#13173,#13200));
#12563 = ADVANCED_FACE('',(#12564),#12578,.F.);
#12564 = FACE_BOUND('',#12565,.F.);
#12565 = EDGE_LOOP('',(#12566,#12601,#12629,#12657));
#12566 = ORIENTED_EDGE('',*,*,#12567,.T.);
#12567 = EDGE_CURVE('',#12568,#12570,#12572,.T.);
#12568 = VERTEX_POINT('',#12569);
#12569 = CARTESIAN_POINT('',(-217.,2.7,57.3));
#12570 = VERTEX_POINT('',#12571);
#12571 = CARTESIAN_POINT('',(-544.,2.7,57.3));
#12572 = SURFACE_CURVE('',#12573,(#12577,#12589),.PCURVE_S1.);
#12573 = LINE('',#12574,#12575);
#12574 = CARTESIAN_POINT('',(-217.,2.7,57.3));
#12575 = VECTOR('',#12576,1.);
#12576 = DIRECTION('',(-1.,1.224646799147E-16,0.));
#12577 = PCURVE('',#12578,#12583);
#12578 = PLANE('',#12579);
#12579 = AXIS2_PLACEMENT_3D('',#12580,#12581,#12582);
#12580 = CARTESIAN_POINT('',(-217.,2.7,57.3));
#12581 = DIRECTION('',(0.,0.,1.));
#12582 = DIRECTION('',(-1.224646799147E-16,-1.,0.));
#12583 = DEFINITIONAL_REPRESENTATION('',(#12584),#12588);
#12584 = LINE('',#12585,#12586);
#12585 = CARTESIAN_POINT('',(0.,0.));
#12586 = VECTOR('',#12587,1.);
#12587 = DIRECTION('',(0.,-1.));
#12588 = ( GEOMETRIC_REPRESENTATION_CONTEXT(2)
PARAMETRIC_REPRESENTATION_CONTEXT() REPRESENTATION_CONTEXT('2D SPACE',''
  ) );
#12589 = PCURVE('',#12590,#12595);
#12590 = PLANE('',#12591);
#12591 = AXIS2_PLACEMENT_3D('',#12592,#12593,#12594);
#12592 = CARTESIAN_POINT('',(-217.,2.7,82.7));
#12593 = DIRECTION('',(-1.224646799147E-16,-1.,0.));
#12594 = DIRECTION('',(-0.,0.,-1.));
#12595 = DEFINITIONAL_REPRESENTATION('',(#12596),#12600);
#12596 = LINE('',#12597,#12598);
#12597 = CARTESIAN_POINT('',(25.4,0.));
#12598 = VECTOR('',#12599,1.);
#12599 = DIRECTION('',(0.,-1.));
#12600 = ( GEOMETRIC_REPRESENTATION_CONTEXT(2)
PARAMETRIC_REPRESENTATION_CONTEXT() REPRESENTATION_CONTEXT('2D SPACE',''
  ) );
#12601 = ORIENTED_EDGE('',*,*,#12602,.T.);
#12602 = EDGE_CURVE('',#12570,#12603,#12605,.T.);
#12603 = VERTEX_POINT('',#12604);
#12604 = CARTESIAN_POINT('',(-544.,-22.7,57.3));
#12605 = SURFACE_CURVE('',#12606,(#12610,#12617),.PCURVE_S1.);
#12606 = LINE('',#12607,#12608);
#12607 = CARTESIAN_POINT('',(-544.,2.7,57.3));
#12608 = VECTOR('',#12609,1.);
#12609 = DIRECTION('',(-1.224646799147E-16,-1.,0.));
#12610 = PCURVE('',#12578,#12611);
#12611 = DEFINITIONAL_REPRESENTATION('',(#12612),#12616);
#12612 = LINE('',#12613,#12614);
#12613 = CARTESIAN_POINT('',(-8.102569740873E-16,-327.));
#12614 = VECTOR('',#12615,1.);
#12615 = DIRECTION('',(1.,0.));
#12616 = ( GEOMETRIC_REPRESENTATION_CONTEXT(2)
PARAMETRIC_REPRESENTATION_CONTEXT() REPRESENTATION_CONTEXT('2D SPACE',''
  ) );
#12617 = PCURVE('',#12618,#12623);
#12618 = PLANE('',#12619);
#12619 = AXIS2_PLACEMENT_3D('',#12620,#12621,#12622);
#12620 = CARTESIAN_POINT('',(-544.,-10.,70.));
#12621 = DIRECTION('',(-1.,1.224646799147E-16,0.));
#12622 = DIRECTION('',(0.,0.,1.));
#12623 = DEFINITIONAL_REPRESENTATION('',(#12624),#12628);
#12624 = LINE('',#12625,#12626);
#12625 = CARTESIAN_POINT('',(-12.7,12.7));
#12626 = VECTOR('',#12627,1.);
#12627 = DIRECTION('',(0.,-1.));
#12628 = ( GEOMETRIC_REPRESENTATION_CONTEXT(2)
PARAMETRIC_REPRESENTATION_CONTEXT() REPRESENTATION_CONTEXT('2D SPACE',''
  ) );
#12629 = ORIENTED_EDGE('',*,*,#12630,.F.);
#12630 = EDGE_CURVE('',#12631,#12603,#12633,.T.);
#12631 = VERTEX_POINT('',#12632);
#12632 = CARTESIAN_POINT('',(-217.,-22.7,57.3));
#12633 = SURFACE_CURVE('',#12634,(#12638,#12645),.PCURVE_S1.);
#12634 = LINE('',#12635,#12636);
#12635 = CARTESIAN_POINT('',(-217.,-22.7,57.3));
#12636 = VECTOR('',#12637,1.);
#12637 = DIRECTION('',(-1.,1.224646799147E-16,0.));
#12638 = PCURVE('',#12578,#12639);
#12639 = DEFINITIONAL_REPRESENTATION('',(#12640),#12644);
#12640 = LINE('',#12641,#12642);
#12641 = CARTESIAN_POINT('',(25.4,3.110602869834E-15));
#12642 = VECTOR('',#12643,1.);
#12643 = DIRECTION('',(0.,-1.));
#12644 = ( GEOMETRIC_REPRESENTATION_CONTEXT(2)
PARAMETRIC_REPRESENTATION_CONTEXT() REPRESENTATION_CONTEXT('2D SPACE',''
  ) );
#12645 = PCURVE('',#12646,#12651);
#12646 = PLANE('',#12647);
#12647 = AXIS2_PLACEMENT_3D('',#12648,#12649,#12650);
#12648 = CARTESIAN_POINT('',(-217.,-22.7,57.3));
#12649 = DIRECTION('',(1.224646799147E-16,1.,0.));
#12650 = DIRECTION('',(0.,0.,1.));
#12651 = DEFINITIONAL_REPRESENTATION('',(#12652),#12656);
#12652 = LINE('',#12653,#12654);
#12653 = CARTESIAN_POINT('',(0.,0.));
#12654 = VECTOR('',#12655,1.);
#12655 = DIRECTION('',(0.,-1.));
#12656 = ( GEOMETRIC_REPRESENTATION_CONTEXT(2)
PARAMETRIC_REPRESENTATION_CONTEXT() REPRESENTATION_CONTEXT('2D SPACE',''
  ) );
#12657 = ORIENTED_EDGE('',*,*,#12658,.F.);
#12658 = EDGE_CURVE('',#12568,#12631,#12659,.T.);
#12659 = SURFACE_CURVE('',#12660,(#12664,#12671),.PCURVE_S1.);
#12660 = LINE('',#12661,#12662);
#12661 = CARTESIAN_POINT('',(-217.,2.7,57.3));
#12662 = VECTOR('',#12663,1.);
#12663 = DIRECTION('',(-1.224646799147E-16,-1.,0.));
#12664 = PCURVE('',#12578,#12665);
#12665 = DEFINITIONAL_REPRESENTATION('',(#12666),#12670);
#12666 = LINE('',#12667,#12668);
#12667 = CARTESIAN_POINT('',(0.,0.));
#12668 = VECTOR('',#12669,1.);
#12669 = DIRECTION('',(1.,0.));
#12670 = ( GEOMETRIC_REPRESENTATION_CONTEXT(2)
PARAMETRIC_REPRESENTATION_CONTEXT() REPRESENTATION_CONTEXT('2D SPACE',''
  ) );
#12671 = PCURVE('',#12672,#12677);
#12672 = PLANE('',#12673);
#12673 = AXIS2_PLACEMENT_3D('',#12674,#12675,#12676);
#12674 = CARTESIAN_POINT('',(-217.,-10.,70.));
#12675 = DIRECTION('',(-1.,1.224646799147E-16,0.));
#12676 = DIRECTION('',(0.,0.,1.));
#12677 = DEFINITIONAL_REPRESENTATION('',(#12678),#12682);
#12678 = LINE('',#12679,#12680);
#12679 = CARTESIAN_POINT('',(-12.7,12.7));
#12680 = VECTOR('',#12681,1.);
#12681 = DIRECTION('',(0.,-1.));
#12682 = ( GEOMETRIC_REPRESENTATION_CONTEXT(2)
PARAMETRIC_REPRESENTATION_CONTEXT() REPRESENTATION_CONTEXT('2D SPACE',''
  ) );
#12683 = ADVANCED_FACE('',(#12684),#12590,.F.);
#12684 = FACE_BOUND('',#12685,.F.);
#12685 = EDGE_LOOP('',(#12686,#12716,#12737,#12738));
#12686 = ORIENTED_EDGE('',*,*,#12687,.T.);
#12687 = EDGE_CURVE('',#12688,#12690,#12692,.T.);
#12688 = VERTEX_POINT('',#12689);
#12689 = CARTESIAN_POINT('',(-217.,2.7,82.7));
#12690 = VERTEX_POINT('',#12691);
#12691 = CARTESIAN_POINT('',(-544.,2.7,82.7));
#12692 = SURFACE_CURVE('',#12693,(#12697,#12704),.PCURVE_S1.);
#12693 = LINE('',#12694,#12695);
#12694 = CARTESIAN_POINT('',(-217.,2.7,82.7));
#12695 = VECTOR('',#12696,1.);
#12696 = DIRECTION('',(-1.,1.224646799147E-16,0.));
#12697 = PCURVE('',#12590,#12698);
#12698 = DEFINITIONAL_REPRESENTATION('',(#12699),#12703);
#12699 = LINE('',#12700,#12701);
#12700 = CARTESIAN_POINT('',(0.,0.));
#12701 = VECTOR('',#12702,1.);
#12702 = DIRECTION('',(0.,-1.));
#12703 = ( GEOMETRIC_REPRESENTATION_CONTEXT(2)
PARAMETRIC_REPRESENTATION_CONTEXT() REPRESENTATION_CONTEXT('2D SPACE',''
  ) );
#12704 = PCURVE('',#12705,#12710);
#12705 = PLANE('',#12706);
#12706 = AXIS2_PLACEMENT_3D('',#12707,#12708,#12709);
#12707 = CARTESIAN_POINT('',(-217.,-22.7,82.7));
#12708 = DIRECTION('',(-0.,0.,-1.));
#12709 = DIRECTION('',(1.224646799147E-16,1.,0.));
#12710 = DEFINITIONAL_REPRESENTATION('',(#12711),#12715);
#12711 = LINE('',#12712,#12713);
#12712 = CARTESIAN_POINT('',(25.4,-3.110602869834E-15));
#12713 = VECTOR('',#12714,1.);
#12714 = DIRECTION('',(0.,-1.));
#12715 = ( GEOMETRIC_REPRESENTATION_CONTEXT(2)
PARAMETRIC_REPRESENTATION_CONTEXT() REPRESENTATION_CONTEXT('2D SPACE',''
  ) );
#12716 = ORIENTED_EDGE('',*,*,#12717,.T.);
#12717 = EDGE_CURVE('',#12690,#12570,#12718,.T.);
#12718 = SURFACE_CURVE('',#12719,(#12723,#12730),.PCURVE_S1.);
#12719 = LINE('',#12720,#12721);
#12720 = CARTESIAN_POINT('',(-544.,2.7,82.7));
#12721 = VECTOR('',#12722,1.);
#12722 = DIRECTION('',(-0.,0.,-1.));
#12723 = PCURVE('',#12590,#12724);
#12724 = DEFINITIONAL_REPRESENTATION('',(#12725),#12729);
#12725 = LINE('',#12726,#12727);
#12726 = CARTESIAN_POINT('',(0.,-327.));
#12727 = VECTOR('',#12728,1.);
#12728 = DIRECTION('',(1.,0.));
#12729 = ( GEOMETRIC_REPRESENTATION_CONTEXT(2)
PARAMETRIC_REPRESENTATION_CONTEXT() REPRESENTATION_CONTEXT('2D SPACE',''
  ) );
#12730 = PCURVE('',#12618,#12731);
#12731 = DEFINITIONAL_REPRESENTATION('',(#12732),#12736);
#12732 = LINE('',#12733,#12734);
#12733 = CARTESIAN_POINT('',(12.7,12.7));
#12734 = VECTOR('',#12735,1.);
#12735 = DIRECTION('',(-1.,0.));
#12736 = ( GEOMETRIC_REPRESENTATION_CONTEXT(2)
PARAMETRIC_REPRESENTATION_CONTEXT() REPRESENTATION_CONTEXT('2D SPACE',''
  ) );
#12737 = ORIENTED_EDGE('',*,*,#12567,.F.);
#12738 = ORIENTED_EDGE('',*,*,#12739,.F.);
#12739 = EDGE_CURVE('',#12688,#12568,#12740,.T.);
#12740 = SURFACE_CURVE('',#12741,(#12745,#12752),.PCURVE_S1.);
#12741 = LINE('',#12742,#12743);
#12742 = CARTESIAN_POINT('',(-217.,2.7,82.7));
#12743 = VECTOR('',#12744,1.);
#12744 = DIRECTION('',(-0.,0.,-1.));
#12745 = PCURVE('',#12590,#12746);
#12746 = DEFINITIONAL_REPRESENTATION('',(#12747),#12751);
#12747 = LINE('',#12748,#12749);
#12748 = CARTESIAN_POINT('',(0.,0.));
#12749 = VECTOR('',#12750,1.);
#12750 = DIRECTION('',(1.,0.));
#12751 = ( GEOMETRIC_REPRESENTATION_CONTEXT(2)
PARAMETRIC_REPRESENTATION_CONTEXT() REPRESENTATION_CONTEXT('2D SPACE',''
  ) );
#12752 = PCURVE('',#12672,#12753);
#12753 = DEFINITIONAL_REPRESENTATION('',(#12754),#12758);
#12754 = LINE('',#12755,#12756);
#12755 = CARTESIAN_POINT('',(12.7,12.7));
#12756 = VECTOR('',#12757,1.);
#12757 = DIRECTION('',(-1.,0.));
#12758 = ( GEOMETRIC_REPRESENTATION_CONTEXT(2)
PARAMETRIC_REPRESENTATION_CONTEXT() REPRESENTATION_CONTEXT('2D SPACE',''
  ) );
#12759 = ADVANCED_FACE('',(#12760),#12646,.F.);
#12760 = FACE_BOUND('',#12761,.F.);
#12761 = EDGE_LOOP('',(#12762,#12763,#12786,#12809));
#12762 = ORIENTED_EDGE('',*,*,#12630,.T.);
#12763 = ORIENTED_EDGE('',*,*,#12764,.T.);
#12764 = EDGE_CURVE('',#12603,#12765,#12767,.T.);
#12765 = VERTEX_POINT('',#12766);
#12766 = CARTESIAN_POINT('',(-544.,-22.7,82.7));
#12767 = SURFACE_CURVE('',#12768,(#12772,#12779),.PCURVE_S1.);
#12768 = LINE('',#12769,#12770);
#12769 = CARTESIAN_POINT('',(-544.,-22.7,57.3));
#12770 = VECTOR('',#12771,1.);
#12771 = DIRECTION('',(0.,0.,1.));
#12772 = PCURVE('',#12646,#12773);
#12773 = DEFINITIONAL_REPRESENTATION('',(#12774),#12778);
#12774 = LINE('',#12775,#12776);
#12775 = CARTESIAN_POINT('',(0.,-327.));
#12776 = VECTOR('',#12777,1.);
#12777 = DIRECTION('',(1.,0.));
#12778 = ( GEOMETRIC_REPRESENTATION_CONTEXT(2)
PARAMETRIC_REPRESENTATION_CONTEXT() REPRESENTATION_CONTEXT('2D SPACE',''
  ) );
#12779 = PCURVE('',#12618,#12780);
#12780 = DEFINITIONAL_REPRESENTATION('',(#12781),#12785);
#12781 = LINE('',#12782,#12783);
#12782 = CARTESIAN_POINT('',(-12.7,-12.7));
#12783 = VECTOR('',#12784,1.);
#12784 = DIRECTION('',(1.,0.));
#12785 = ( GEOMETRIC_REPRESENTATION_CONTEXT(2)
PARAMETRIC_REPRESENTATION_CONTEXT() REPRESENTATION_CONTEXT('2D SPACE',''
  ) );
#12786 = ORIENTED_EDGE('',*,*,#12787,.F.);
#12787 = EDGE_CURVE('',#12788,#12765,#12790,.T.);
#12788 = VERTEX_POINT('',#12789);
#12789 = CARTESIAN_POINT('',(-217.,-22.7,82.7));
#12790 = SURFACE_CURVE('',#12791,(#12795,#12802),.PCURVE_S1.);
#12791 = LINE('',#12792,#12793);
#12792 = CARTESIAN_POINT('',(-217.,-22.7,82.7));
#12793 = VECTOR('',#12794,1.);
#12794 = DIRECTION('',(-1.,1.224646799147E-16,0.));
#12795 = PCURVE('',#12646,#12796);
#12796 = DEFINITIONAL_REPRESENTATION('',(#12797),#12801);
#12797 = LINE('',#12798,#12799);
#12798 = CARTESIAN_POINT('',(25.4,0.));
#12799 = VECTOR('',#12800,1.);
#12800 = DIRECTION('',(0.,-1.));
#12801 = ( GEOMETRIC_REPRESENTATION_CONTEXT(2)
PARAMETRIC_REPRESENTATION_CONTEXT() REPRESENTATION_CONTEXT('2D SPACE',''
  ) );
#12802 = PCURVE('',#12705,#12803);
#12803 = DEFINITIONAL_REPRESENTATION('',(#12804),#12808);
#12804 = LINE('',#12805,#12806);
#12805 = CARTESIAN_POINT('',(0.,0.));
#12806 = VECTOR('',#12807,1.);
#12807 = DIRECTION('',(0.,-1.));
#12808 = ( GEOMETRIC_REPRESENTATION_CONTEXT(2)
PARAMETRIC_REPRESENTATION_CONTEXT() REPRESENTATION_CONTEXT('2D SPACE',''
  ) );
#12809 = ORIENTED_EDGE('',*,*,#12810,.F.);
#12810 = EDGE_CURVE('',#12631,#12788,#12811,.T.);
#12811 = SURFACE_CURVE('',#12812,(#12816,#12823),.PCURVE_S1.);
#12812 = LINE('',#12813,#12814);
#12813 = CARTESIAN_POINT('',(-217.,-22.7,57.3));
#12814 = VECTOR('',#12815,1.);
#12815 = DIRECTION('',(0.,0.,1.));
#12816 = PCURVE('',#12646,#12817);
#12817 = DEFINITIONAL_REPRESENTATION('',(#12818),#12822);
#12818 = LINE('',#12819,#12820);
#12819 = CARTESIAN_POINT('',(0.,0.));
#12820 = VECTOR('',#12821,1.);
#12821 = DIRECTION('',(1.,0.));
#12822 = ( GEOMETRIC_REPRESENTATION_CONTEXT(2)
PARAMETRIC_REPRESENTATION_CONTEXT() REPRESENTATION_CONTEXT('2D SPACE',''
  ) );
#12823 = PCURVE('',#12672,#12824);
#12824 = DEFINITIONAL_REPRESENTATION('',(#12825),#12829);
#12825 = LINE('',#12826,#12827);
#12826 = CARTESIAN_POINT('',(-12.7,-12.7));
#12827 = VECTOR('',#12828,1.);
#12828 = DIRECTION('',(1.,0.));
#12829 = ( GEOMETRIC_REPRESENTATION_CONTEXT(2)
PARAMETRIC_REPRESENTATION_CONTEXT() REPRESENTATION_CONTEXT('2D SPACE',''
  ) );
#12830 = ADVANCED_FACE('',(#12831,#12857),#12672,.F.);
#12831 = FACE_BOUND('',#12832,.F.);
#12832 = EDGE_LOOP('',(#12833,#12834,#12835,#12856));
#12833 = ORIENTED_EDGE('',*,*,#12658,.T.);
#12834 = ORIENTED_EDGE('',*,*,#12810,.T.);
#12835 = ORIENTED_EDGE('',*,*,#12836,.T.);
#12836 = EDGE_CURVE('',#12788,#12688,#12837,.T.);
#12837 = SURFACE_CURVE('',#12838,(#12842,#12849),.PCURVE_S1.);
#12838 = LINE('',#12839,#12840);
#12839 = CARTESIAN_POINT('',(-217.,-22.7,82.7));
#12840 = VECTOR('',#12841,1.);
#12841 = DIRECTION('',(1.224646799147E-16,1.,0.));
#12842 = PCURVE('',#12672,#12843);
#12843 = DEFINITIONAL_REPRESENTATION('',(#12844),#12848);
#12844 = LINE('',#12845,#12846);
#12845 = CARTESIAN_POINT('',(12.7,-12.7));
#12846 = VECTOR('',#12847,1.);
#12847 = DIRECTION('',(0.,1.));
#12848 = ( GEOMETRIC_REPRESENTATION_CONTEXT(2)
PARAMETRIC_REPRESENTATION_CONTEXT() REPRESENTATION_CONTEXT('2D SPACE',''
  ) );
#12849 = PCURVE('',#12705,#12850);
#12850 = DEFINITIONAL_REPRESENTATION('',(#12851),#12855);
#12851 = LINE('',#12852,#12853);
#12852 = CARTESIAN_POINT('',(0.,0.));
#12853 = VECTOR('',#12854,1.);
#12854 = DIRECTION('',(1.,0.));
#12855 = ( GEOMETRIC_REPRESENTATION_CONTEXT(2)
PARAMETRIC_REPRESENTATION_CONTEXT() REPRESENTATION_CONTEXT('2D SPACE',''
  ) );
#12856 = ORIENTED_EDGE('',*,*,#12739,.T.);
#12857 = FACE_BOUND('',#12858,.F.);
#12858 = EDGE_LOOP('',(#12859,#12889,#12917,#12945));
#12859 = ORIENTED_EDGE('',*,*,#12860,.T.);
#12860 = EDGE_CURVE('',#12861,#12863,#12865,.T.);
#12861 = VERTEX_POINT('',#12862);
#12862 = CARTESIAN_POINT('',(-217.,-19.525,79.525));
#12863 = VERTEX_POINT('',#12864);
#12864 = CARTESIAN_POINT('',(-217.,-19.525,60.475));
#12865 = SURFACE_CURVE('',#12866,(#12870,#12877),.PCURVE_S1.);
#12866 = LINE('',#12867,#12868);
#12867 = CARTESIAN_POINT('',(-217.,-19.525,65.2375));
#12868 = VECTOR('',#12869,1.);
#12869 = DIRECTION('',(-0.,0.,-1.));
#12870 = PCURVE('',#12672,#12871);
#12871 = DEFINITIONAL_REPRESENTATION('',(#12872),#12876);
#12872 = LINE('',#12873,#12874);
#12873 = CARTESIAN_POINT('',(-4.7625,-9.525));
#12874 = VECTOR('',#12875,1.);
#12875 = DIRECTION('',(-1.,0.));
#12876 = ( GEOMETRIC_REPRESENTATION_CONTEXT(2)
PARAMETRIC_REPRESENTATION_CONTEXT() REPRESENTATION_CONTEXT('2D SPACE',''
  ) );
#12877 = PCURVE('',#12878,#12883);
#12878 = PLANE('',#12879);
#12879 = AXIS2_PLACEMENT_3D('',#12880,#12881,#12882);
#12880 = CARTESIAN_POINT('',(-216.,-19.525,60.475));
#12881 = DIRECTION('',(1.224646799147E-16,1.,0.));
#12882 = DIRECTION('',(0.,0.,1.));
#12883 = DEFINITIONAL_REPRESENTATION('',(#12884),#12888);
#12884 = LINE('',#12885,#12886);
#12885 = CARTESIAN_POINT('',(4.7625,-1.));
#12886 = VECTOR('',#12887,1.);
#12887 = DIRECTION('',(-1.,-0.));
#12888 = ( GEOMETRIC_REPRESENTATION_CONTEXT(2)
PARAMETRIC_REPRESENTATION_CONTEXT() REPRESENTATION_CONTEXT('2D SPACE',''
  ) );
#12889 = ORIENTED_EDGE('',*,*,#12890,.T.);
#12890 = EDGE_CURVE('',#12863,#12891,#12893,.T.);
#12891 = VERTEX_POINT('',#12892);
#12892 = CARTESIAN_POINT('',(-217.,-0.475,60.475));
#12893 = SURFACE_CURVE('',#12894,(#12898,#12905),.PCURVE_S1.);
#12894 = LINE('',#12895,#12896);
#12895 = CARTESIAN_POINT('',(-217.,-5.2375,60.475));
#12896 = VECTOR('',#12897,1.);
#12897 = DIRECTION('',(1.224646799147E-16,1.,0.));
#12898 = PCURVE('',#12672,#12899);
#12899 = DEFINITIONAL_REPRESENTATION('',(#12900),#12904);
#12900 = LINE('',#12901,#12902);
#12901 = CARTESIAN_POINT('',(-9.525,4.7625));
#12902 = VECTOR('',#12903,1.);
#12903 = DIRECTION('',(0.,1.));
#12904 = ( GEOMETRIC_REPRESENTATION_CONTEXT(2)
PARAMETRIC_REPRESENTATION_CONTEXT() REPRESENTATION_CONTEXT('2D SPACE',''
  ) );
#12905 = PCURVE('',#12906,#12911);
#12906 = PLANE('',#12907);
#12907 = AXIS2_PLACEMENT_3D('',#12908,#12909,#12910);
#12908 = CARTESIAN_POINT('',(-216.,-0.475,60.475));
#12909 = DIRECTION('',(0.,0.,1.));
#12910 = DIRECTION('',(-1.224646799147E-16,-1.,0.));
#12911 = DEFINITIONAL_REPRESENTATION('',(#12912),#12916);
#12912 = LINE('',#12913,#12914);
#12913 = CARTESIAN_POINT('',(4.7625,-1.));
#12914 = VECTOR('',#12915,1.);
#12915 = DIRECTION('',(-1.,0.));
#12916 = ( GEOMETRIC_REPRESENTATION_CONTEXT(2)
PARAMETRIC_REPRESENTATION_CONTEXT() REPRESENTATION_CONTEXT('2D SPACE',''
  ) );
#12917 = ORIENTED_EDGE('',*,*,#12918,.T.);
#12918 = EDGE_CURVE('',#12891,#12919,#12921,.T.);
#12919 = VERTEX_POINT('',#12920);
#12920 = CARTESIAN_POINT('',(-217.,-0.475,79.525));
#12921 = SURFACE_CURVE('',#12922,(#12926,#12933),.PCURVE_S1.);
#12922 = LINE('',#12923,#12924);
#12923 = CARTESIAN_POINT('',(-217.,-0.475,74.7625));
#12924 = VECTOR('',#12925,1.);
#12925 = DIRECTION('',(0.,0.,1.));
#12926 = PCURVE('',#12672,#12927);
#12927 = DEFINITIONAL_REPRESENTATION('',(#12928),#12932);
#12928 = LINE('',#12929,#12930);
#12929 = CARTESIAN_POINT('',(4.7625,9.525));
#12930 = VECTOR('',#12931,1.);
#12931 = DIRECTION('',(1.,0.));
#12932 = ( GEOMETRIC_REPRESENTATION_CONTEXT(2)
PARAMETRIC_REPRESENTATION_CONTEXT() REPRESENTATION_CONTEXT('2D SPACE',''
  ) );
#12933 = PCURVE('',#12934,#12939);
#12934 = PLANE('',#12935);
#12935 = AXIS2_PLACEMENT_3D('',#12936,#12937,#12938);
#12936 = CARTESIAN_POINT('',(-216.,-0.475,79.525));
#12937 = DIRECTION('',(-1.224646799147E-16,-1.,0.));
#12938 = DIRECTION('',(-0.,0.,-1.));
#12939 = DEFINITIONAL_REPRESENTATION('',(#12940),#12944);
#12940 = LINE('',#12941,#12942);
#12941 = CARTESIAN_POINT('',(4.7625,-1.));
#12942 = VECTOR('',#12943,1.);
#12943 = DIRECTION('',(-1.,0.));
#12944 = ( GEOMETRIC_REPRESENTATION_CONTEXT(2)
PARAMETRIC_REPRESENTATION_CONTEXT() REPRESENTATION_CONTEXT('2D SPACE',''
  ) );
#12945 = ORIENTED_EDGE('',*,*,#12946,.T.);
#12946 = EDGE_CURVE('',#12919,#12861,#12947,.T.);
#12947 = SURFACE_CURVE('',#12948,(#12952,#12959),.PCURVE_S1.);
#12948 = LINE('',#12949,#12950);
#12949 = CARTESIAN_POINT('',(-217.,-14.7625,79.525));
#12950 = VECTOR('',#12951,1.);
#12951 = DIRECTION('',(-1.224646799147E-16,-1.,0.));
#12952 = PCURVE('',#12672,#12953);
#12953 = DEFINITIONAL_REPRESENTATION('',(#12954),#12958);
#12954 = LINE('',#12955,#12956);
#12955 = CARTESIAN_POINT('',(9.525,-4.7625));
#12956 = VECTOR('',#12957,1.);
#12957 = DIRECTION('',(0.,-1.));
#12958 = ( GEOMETRIC_REPRESENTATION_CONTEXT(2)
PARAMETRIC_REPRESENTATION_CONTEXT() REPRESENTATION_CONTEXT('2D SPACE',''
  ) );
#12959 = PCURVE('',#12960,#12965);
#12960 = PLANE('',#12961);
#12961 = AXIS2_PLACEMENT_3D('',#12962,#12963,#12964);
#12962 = CARTESIAN_POINT('',(-216.,-19.525,79.525));
#12963 = DIRECTION('',(-0.,0.,-1.));
#12964 = DIRECTION('',(1.224646799147E-16,1.,0.));
#12965 = DEFINITIONAL_REPRESENTATION('',(#12966),#12970);
#12966 = LINE('',#12967,#12968);
#12967 = CARTESIAN_POINT('',(4.7625,-1.));
#12968 = VECTOR('',#12969,1.);
#12969 = DIRECTION('',(-1.,0.));
#12970 = ( GEOMETRIC_REPRESENTATION_CONTEXT(2)
PARAMETRIC_REPRESENTATION_CONTEXT() REPRESENTATION_CONTEXT('2D SPACE',''
  ) );
#12971 = ADVANCED_FACE('',(#12972,#12998),#12618,.T.);
#12972 = FACE_BOUND('',#12973,.T.);
#12973 = EDGE_LOOP('',(#12974,#12975,#12976,#12997));
#12974 = ORIENTED_EDGE('',*,*,#12602,.T.);
#12975 = ORIENTED_EDGE('',*,*,#12764,.T.);
#12976 = ORIENTED_EDGE('',*,*,#12977,.T.);
#12977 = EDGE_CURVE('',#12765,#12690,#12978,.T.);
#12978 = SURFACE_CURVE('',#12979,(#12983,#12990),.PCURVE_S1.);
#12979 = LINE('',#12980,#12981);
#12980 = CARTESIAN_POINT('',(-544.,-22.7,82.7));
#12981 = VECTOR('',#12982,1.);
#12982 = DIRECTION('',(1.224646799147E-16,1.,0.));
#12983 = PCURVE('',#12618,#12984);
#12984 = DEFINITIONAL_REPRESENTATION('',(#12985),#12989);
#12985 = LINE('',#12986,#12987);
#12986 = CARTESIAN_POINT('',(12.7,-12.7));
#12987 = VECTOR('',#12988,1.);
#12988 = DIRECTION('',(0.,1.));
#12989 = ( GEOMETRIC_REPRESENTATION_CONTEXT(2)
PARAMETRIC_REPRESENTATION_CONTEXT() REPRESENTATION_CONTEXT('2D SPACE',''
  ) );
#12990 = PCURVE('',#12705,#12991);
#12991 = DEFINITIONAL_REPRESENTATION('',(#12992),#12996);
#12992 = LINE('',#12993,#12994);
#12993 = CARTESIAN_POINT('',(-9.660998653129E-16,-327.));
#12994 = VECTOR('',#12995,1.);
#12995 = DIRECTION('',(1.,0.));
#12996 = ( GEOMETRIC_REPRESENTATION_CONTEXT(2)
PARAMETRIC_REPRESENTATION_CONTEXT() REPRESENTATION_CONTEXT('2D SPACE',''
  ) );
#12997 = ORIENTED_EDGE('',*,*,#12717,.T.);
#12998 = FACE_BOUND('',#12999,.T.);
#12999 = EDGE_LOOP('',(#13000,#13025,#13048,#13071));
#13000 = ORIENTED_EDGE('',*,*,#13001,.T.);
#13001 = EDGE_CURVE('',#13002,#13004,#13006,.T.);
#13002 = VERTEX_POINT('',#13003);
#13003 = CARTESIAN_POINT('',(-544.,-19.525,79.525));
#13004 = VERTEX_POINT('',#13005);
#13005 = CARTESIAN_POINT('',(-544.,-19.525,60.475));
#13006 = SURFACE_CURVE('',#13007,(#13011,#13018),.PCURVE_S1.);
#13007 = LINE('',#13008,#13009);
#13008 = CARTESIAN_POINT('',(-544.,-19.525,65.2375));
#13009 = VECTOR('',#13010,1.);
#13010 = DIRECTION('',(-0.,0.,-1.));
#13011 = PCURVE('',#12618,#13012);
#13012 = DEFINITIONAL_REPRESENTATION('',(#13013),#13017);
#13013 = LINE('',#13014,#13015);
#13014 = CARTESIAN_POINT('',(-4.7625,-9.525));
#13015 = VECTOR('',#13016,1.);
#13016 = DIRECTION('',(-1.,0.));
#13017 = ( GEOMETRIC_REPRESENTATION_CONTEXT(2)
PARAMETRIC_REPRESENTATION_CONTEXT() REPRESENTATION_CONTEXT('2D SPACE',''
  ) );
#13018 = PCURVE('',#12878,#13019);
#13019 = DEFINITIONAL_REPRESENTATION('',(#13020),#13024);
#13020 = LINE('',#13021,#13022);
#13021 = CARTESIAN_POINT('',(4.7625,-328.));
#13022 = VECTOR('',#13023,1.);
#13023 = DIRECTION('',(-1.,-0.));
#13024 = ( GEOMETRIC_REPRESENTATION_CONTEXT(2)
PARAMETRIC_REPRESENTATION_CONTEXT() REPRESENTATION_CONTEXT('2D SPACE',''
  ) );
#13025 = ORIENTED_EDGE('',*,*,#13026,.T.);
#13026 = EDGE_CURVE('',#13004,#13027,#13029,.T.);
#13027 = VERTEX_POINT('',#13028);
#13028 = CARTESIAN_POINT('',(-544.,-0.475,60.475));
#13029 = SURFACE_CURVE('',#13030,(#13034,#13041),.PCURVE_S1.);
#13030 = LINE('',#13031,#13032);
#13031 = CARTESIAN_POINT('',(-544.,-5.2375,60.475));
#13032 = VECTOR('',#13033,1.);
#13033 = DIRECTION('',(1.224646799147E-16,1.,0.));
#13034 = PCURVE('',#12618,#13035);
#13035 = DEFINITIONAL_REPRESENTATION('',(#13036),#13040);
#13036 = LINE('',#13037,#13038);
#13037 = CARTESIAN_POINT('',(-9.525,4.7625));
#13038 = VECTOR('',#13039,1.);
#13039 = DIRECTION('',(0.,1.));
#13040 = ( GEOMETRIC_REPRESENTATION_CONTEXT(2)
PARAMETRIC_REPRESENTATION_CONTEXT() REPRESENTATION_CONTEXT('2D SPACE',''
  ) );
#13041 = PCURVE('',#12906,#13042);
#13042 = DEFINITIONAL_REPRESENTATION('',(#13043),#13047);
#13043 = LINE('',#13044,#13045);
#13044 = CARTESIAN_POINT('',(4.7625,-328.));
#13045 = VECTOR('',#13046,1.);
#13046 = DIRECTION('',(-1.,0.));
#13047 = ( GEOMETRIC_REPRESENTATION_CONTEXT(2)
PARAMETRIC_REPRESENTATION_CONTEXT() REPRESENTATION_CONTEXT('2D SPACE',''
  ) );
#13048 = ORIENTED_EDGE('',*,*,#13049,.T.);
#13049 = EDGE_CURVE('',#13027,#13050,#13052,.T.);
#13050 = VERTEX_POINT('',#13051);
#13051 = CARTESIAN_POINT('',(-544.,-0.475,79.525));
#13052 = SURFACE_CURVE('',#13053,(#13057,#13064),.PCURVE_S1.);
#13053 = LINE('',#13054,#13055);
#13054 = CARTESIAN_POINT('',(-544.,-0.475,74.7625));
#13055 = VECTOR('',#13056,1.);
#13056 = DIRECTION('',(0.,0.,1.));
#13057 = PCURVE('',#12618,#13058);
#13058 = DEFINITIONAL_REPRESENTATION('',(#13059),#13063);
#13059 = LINE('',#13060,#13061);
#13060 = CARTESIAN_POINT('',(4.7625,9.525));
#13061 = VECTOR('',#13062,1.);
#13062 = DIRECTION('',(1.,0.));
#13063 = ( GEOMETRIC_REPRESENTATION_CONTEXT(2)
PARAMETRIC_REPRESENTATION_CONTEXT() REPRESENTATION_CONTEXT('2D SPACE',''
  ) );
#13064 = PCURVE('',#12934,#13065);
#13065 = DEFINITIONAL_REPRESENTATION('',(#13066),#13070);
#13066 = LINE('',#13067,#13068);
#13067 = CARTESIAN_POINT('',(4.7625,-328.));
#13068 = VECTOR('',#13069,1.);
#13069 = DIRECTION('',(-1.,0.));
#13070 = ( GEOMETRIC_REPRESENTATION_CONTEXT(2)
PARAMETRIC_REPRESENTATION_CONTEXT() REPRESENTATION_CONTEXT('2D SPACE',''
  ) );
#13071 = ORIENTED_EDGE('',*,*,#13072,.T.);
#13072 = EDGE_CURVE('',#13050,#13002,#13073,.T.);
#13073 = SURFACE_CURVE('',#13074,(#13078,#13085),.PCURVE_S1.);
#13074 = LINE('',#13075,#13076);
#13075 = CARTESIAN_POINT('',(-544.,-14.7625,79.525));
#13076 = VECTOR('',#13077,1.);
#13077 = DIRECTION('',(-1.224646799147E-16,-1.,0.));
#13078 = PCURVE('',#12618,#13079);
#13079 = DEFINITIONAL_REPRESENTATION('',(#13080),#13084);
#13080 = LINE('',#13081,#13082);
#13081 = CARTESIAN_POINT('',(9.525,-4.7625));
#13082 = VECTOR('',#13083,1.);
#13083 = DIRECTION('',(0.,-1.));
#13084 = ( GEOMETRIC_REPRESENTATION_CONTEXT(2)
PARAMETRIC_REPRESENTATION_CONTEXT() REPRESENTATION_CONTEXT('2D SPACE',''
  ) );
#13085 = PCURVE('',#12960,#13086);
#13086 = DEFINITIONAL_REPRESENTATION('',(#13087),#13091);
#13087 = LINE('',#13088,#13089);
#13088 = CARTESIAN_POINT('',(4.7625,-328.));
#13089 = VECTOR('',#13090,1.);
#13090 = DIRECTION('',(-1.,0.));
#13091 = ( GEOMETRIC_REPRESENTATION_CONTEXT(2)
PARAMETRIC_REPRESENTATION_CONTEXT() REPRESENTATION_CONTEXT('2D SPACE',''
  ) );
#13092 = ADVANCED_FACE('',(#13093),#12705,.F.);
#13093 = FACE_BOUND('',#13094,.F.);
#13094 = EDGE_LOOP('',(#13095,#13096,#13097,#13098));
#13095 = ORIENTED_EDGE('',*,*,#12787,.T.);
#13096 = ORIENTED_EDGE('',*,*,#12977,.T.);
#13097 = ORIENTED_EDGE('',*,*,#12687,.F.);
#13098 = ORIENTED_EDGE('',*,*,#12836,.F.);
#13099 = ADVANCED_FACE('',(#13100),#12878,.T.);
#13100 = FACE_BOUND('',#13101,.T.);
#13101 = EDGE_LOOP('',(#13102,#13103,#13124,#13125));
#13102 = ORIENTED_EDGE('',*,*,#12860,.T.);
#13103 = ORIENTED_EDGE('',*,*,#13104,.T.);
#13104 = EDGE_CURVE('',#12863,#13004,#13105,.T.);
#13105 = SURFACE_CURVE('',#13106,(#13110,#13117),.PCURVE_S1.);
#13106 = LINE('',#13107,#13108);
#13107 = CARTESIAN_POINT('',(-216.,-19.525,60.475));
#13108 = VECTOR('',#13109,1.);
#13109 = DIRECTION('',(-1.,1.224646799147E-16,0.));
#13110 = PCURVE('',#12878,#13111);
#13111 = DEFINITIONAL_REPRESENTATION('',(#13112),#13116);
#13112 = LINE('',#13113,#13114);
#13113 = CARTESIAN_POINT('',(0.,0.));
#13114 = VECTOR('',#13115,1.);
#13115 = DIRECTION('',(0.,-1.));
#13116 = ( GEOMETRIC_REPRESENTATION_CONTEXT(2)
PARAMETRIC_REPRESENTATION_CONTEXT() REPRESENTATION_CONTEXT('2D SPACE',''
  ) );
#13117 = PCURVE('',#12906,#13118);
#13118 = DEFINITIONAL_REPRESENTATION('',(#13119),#13123);
#13119 = LINE('',#13120,#13121);
#13120 = CARTESIAN_POINT('',(19.05,2.332952152376E-15));
#13121 = VECTOR('',#13122,1.);
#13122 = DIRECTION('',(0.,-1.));
#13123 = ( GEOMETRIC_REPRESENTATION_CONTEXT(2)
PARAMETRIC_REPRESENTATION_CONTEXT() REPRESENTATION_CONTEXT('2D SPACE',''
  ) );
#13124 = ORIENTED_EDGE('',*,*,#13001,.F.);
#13125 = ORIENTED_EDGE('',*,*,#13126,.F.);
#13126 = EDGE_CURVE('',#12861,#13002,#13127,.T.);
#13127 = SURFACE_CURVE('',#13128,(#13132,#13139),.PCURVE_S1.);
#13128 = LINE('',#13129,#13130);
#13129 = CARTESIAN_POINT('',(-216.,-19.525,79.525));
#13130 = VECTOR('',#13131,1.);
#13131 = DIRECTION('',(-1.,1.224646799147E-16,0.));
#13132 = PCURVE('',#12878,#13133);
#13133 = DEFINITIONAL_REPRESENTATION('',(#13134),#13138);
#13134 = LINE('',#13135,#13136);
#13135 = CARTESIAN_POINT('',(19.05,0.));
#13136 = VECTOR('',#13137,1.);
#13137 = DIRECTION('',(0.,-1.));
#13138 = ( GEOMETRIC_REPRESENTATION_CONTEXT(2)
PARAMETRIC_REPRESENTATION_CONTEXT() REPRESENTATION_CONTEXT('2D SPACE',''
  ) );
#13139 = PCURVE('',#12960,#13140);
#13140 = DEFINITIONAL_REPRESENTATION('',(#13141),#13145);
#13141 = LINE('',#13142,#13143);
#13142 = CARTESIAN_POINT('',(0.,0.));
#13143 = VECTOR('',#13144,1.);
#13144 = DIRECTION('',(0.,-1.));
#13145 = ( GEOMETRIC_REPRESENTATION_CONTEXT(2)
PARAMETRIC_REPRESENTATION_CONTEXT() REPRESENTATION_CONTEXT('2D SPACE',''
  ) );
#13146 = ADVANCED_FACE('',(#13147),#12960,.T.);
#13147 = FACE_BOUND('',#13148,.T.);
#13148 = EDGE_LOOP('',(#13149,#13150,#13151,#13152));
#13149 = ORIENTED_EDGE('',*,*,#12946,.T.);
#13150 = ORIENTED_EDGE('',*,*,#13126,.T.);
#13151 = ORIENTED_EDGE('',*,*,#13072,.F.);
#13152 = ORIENTED_EDGE('',*,*,#13153,.F.);
#13153 = EDGE_CURVE('',#12919,#13050,#13154,.T.);
#13154 = SURFACE_CURVE('',#13155,(#13159,#13166),.PCURVE_S1.);
#13155 = LINE('',#13156,#13157);
#13156 = CARTESIAN_POINT('',(-216.,-0.475,79.525));
#13157 = VECTOR('',#13158,1.);
#13158 = DIRECTION('',(-1.,1.224646799147E-16,0.));
#13159 = PCURVE('',#12960,#13160);
#13160 = DEFINITIONAL_REPRESENTATION('',(#13161),#13165);
#13161 = LINE('',#13162,#13163);
#13162 = CARTESIAN_POINT('',(19.05,-2.332952152376E-15));
#13163 = VECTOR('',#13164,1.);
#13164 = DIRECTION('',(0.,-1.));
#13165 = ( GEOMETRIC_REPRESENTATION_CONTEXT(2)
PARAMETRIC_REPRESENTATION_CONTEXT() REPRESENTATION_CONTEXT('2D SPACE',''
  ) );
#13166 = PCURVE('',#12934,#13167);
#13167 = DEFINITIONAL_REPRESENTATION('',(#13168),#13172);
#13168 = LINE('',#13169,#13170);
#13169 = CARTESIAN_POINT('',(0.,0.));
#13170 = VECTOR('',#13171,1.);
#13171 = DIRECTION('',(0.,-1.));
#13172 = ( GEOMETRIC_REPRESENTATION_CONTEXT(2)
PARAMETRIC_REPRESENTATION_CONTEXT() REPRESENTATION_CONTEXT('2D SPACE',''
  ) );
#13173 = ADVANCED_FACE('',(#13174),#12934,.T.);
#13174 = FACE_BOUND('',#13175,.T.);
#13175 = EDGE_LOOP('',(#13176,#13177,#13178,#13179));
#13176 = ORIENTED_EDGE('',*,*,#12918,.T.);
#13177 = ORIENTED_EDGE('',*,*,#13153,.T.);
#13178 = ORIENTED_EDGE('',*,*,#13049,.F.);
#13179 = ORIENTED_EDGE('',*,*,#13180,.F.);
#13180 = EDGE_CURVE('',#12891,#13027,#13181,.T.);
#13181 = SURFACE_CURVE('',#13182,(#13186,#13193),.PCURVE_S1.);
#13182 = LINE('',#13183,#13184);
#13183 = CARTESIAN_POINT('',(-216.,-0.475,60.475));
#13184 = VECTOR('',#13185,1.);
#13185 = DIRECTION('',(-1.,1.224646799147E-16,0.));
#13186 = PCURVE('',#12934,#13187);
#13187 = DEFINITIONAL_REPRESENTATION('',(#13188),#13192);
#13188 = LINE('',#13189,#13190);
#13189 = CARTESIAN_POINT('',(19.05,0.));
#13190 = VECTOR('',#13191,1.);
#13191 = DIRECTION('',(0.,-1.));
#13192 = ( GEOMETRIC_REPRESENTATION_CONTEXT(2)
PARAMETRIC_REPRESENTATION_CONTEXT() REPRESENTATION_CONTEXT('2D SPACE',''
  ) );
#13193 = PCURVE('',#12906,#13194);
#13194 = DEFINITIONAL_REPRESENTATION('',(#13195),#13199);
#13195 = LINE('',#13196,#13197);
#13196 = CARTESIAN_POINT('',(0.,0.));
#13197 = VECTOR('',#13198,1.);
#13198 = DIRECTION('',(0.,-1.));
#13199 = ( GEOMETRIC_REPRESENTATION_CONTEXT(2)
PARAMETRIC_REPRESENTATION_CONTEXT() REPRESENTATION_CONTEXT('2D SPACE',''
  ) );
#13200 = ADVANCED_FACE('',(#13201),#12906,.T.);
#13201 = FACE_BOUND('',#13202,.T.);
#13202 = EDGE_LOOP('',(#13203,#13204,#13205,#13206));
#13203 = ORIENTED_EDGE('',*,*,#12890,.T.);
#13204 = ORIENTED_EDGE('',*,*,#13180,.T.);
#13205 = ORIENTED_EDGE('',*,*,#13026,.F.);
#13206 = ORIENTED_EDGE('',*,*,#13104,.F.);
#13207 = ( GEOMETRIC_REPRESENTATION_CONTEXT(3)
GLOBAL_UNCERTAINTY_ASSIGNED_CONTEXT((#13211))
GLOBAL_UNIT_ASSIGNED_CONTEXT((#13208,#13209,#13210))
REPRESENTATION_CONTEXT('Context #1',
  '3D Context with UNIT and UNCERTAINTY') );
#13208 = ( LENGTH_UNIT() NAMED_UNIT(*) SI_UNIT(.MILLI.,.METRE.) );
#13209 = ( NAMED_UNIT(*) PLANE_ANGLE_UNIT() SI_UNIT($,.RADIAN.) );
#13210 = ( NAMED_UNIT(*) SI_UNIT($,.STERADIAN.) SOLID_ANGLE_UNIT() );
#13211 = UNCERTAINTY_MEASURE_WITH_UNIT(LENGTH_MEASURE(1.E-07),#13208,
  'distance_accuracy_value','confusion accuracy');
#13212 = CONTEXT_DEPENDENT_SHAPE_REPRESENTATION(#13213,#13215);
#13213 = ( REPRESENTATION_RELATIONSHIP('','',#12560,#10)
REPRESENTATION_RELATIONSHIP_WITH_TRANSFORMATION(#13214)
SHAPE_REPRESENTATION_RELATIONSHIP() );
#13214 = ITEM_DEFINED_TRANSFORMATION('','',#11,#107);
#13215 = PRODUCT_DEFINITION_SHAPE('Placement','Placement of an item',
  #13216);
#13216 = NEXT_ASSEMBLY_USAGE_OCCURRENCE('24','','',#5,#12555,$);
#13217 = PRODUCT_RELATED_PRODUCT_CATEGORY('part',$,(#12557));
#13218 = SHAPE_DEFINITION_REPRESENTATION(#13219,#13225);
#13219 = PRODUCT_DEFINITION_SHAPE('','',#13220);
#13220 = PRODUCT_DEFINITION('design','',#13221,#13224);
#13221 = PRODUCT_DEFINITION_FORMATION('','',#13222);
#13222 = PRODUCT('Open CASCADE STEP translator 7.8 20.25',
  'Open CASCADE STEP translator 7.8 20.25','',(#13223));
#13223 = PRODUCT_CONTEXT('',#2,'mechanical');
#13224 = PRODUCT_DEFINITION_CONTEXT('part definition',#2,'design');
#13225 = ADVANCED_BREP_SHAPE_REPRESENTATION('',(#11,#13226),#13556);
#13226 = MANIFOLD_SOLID_BREP('',#13227);
#13227 = CLOSED_SHELL('',(#13228,#13348,#13448,#13495,#13542,#13549));
#13228 = ADVANCED_FACE('',(#13229),#13243,.F.);
#13229 = FACE_BOUND('',#13230,.F.);
#13230 = EDGE_LOOP('',(#13231,#13266,#13294,#13322));
#13231 = ORIENTED_EDGE('',*,*,#13232,.F.);
#13232 = EDGE_CURVE('',#13233,#13235,#13237,.T.);
#13233 = VERTEX_POINT('',#13234);
#13234 = CARTESIAN_POINT('',(-180.,-17.5,20.));
#13235 = VERTEX_POINT('',#13236);
#13236 = CARTESIAN_POINT('',(-180.,-17.5,30.));
#13237 = SURFACE_CURVE('',#13238,(#13242,#13254),.PCURVE_S1.);
#13238 = LINE('',#13239,#13240);
#13239 = CARTESIAN_POINT('',(-180.,-17.5,20.));
#13240 = VECTOR('',#13241,1.);
#13241 = DIRECTION('',(0.,0.,1.));
#13242 = PCURVE('',#13243,#13248);
#13243 = PLANE('',#13244);
#13244 = AXIS2_PLACEMENT_3D('',#13245,#13246,#13247);
#13245 = CARTESIAN_POINT('',(-180.,-17.5,20.));
#13246 = DIRECTION('',(1.,0.,0.));
#13247 = DIRECTION('',(0.,0.,1.));
#13248 = DEFINITIONAL_REPRESENTATION('',(#13249),#13253);
#13249 = LINE('',#13250,#13251);
#13250 = CARTESIAN_POINT('',(0.,0.));
#13251 = VECTOR('',#13252,1.);
#13252 = DIRECTION('',(1.,0.));
#13253 = ( GEOMETRIC_REPRESENTATION_CONTEXT(2)
PARAMETRIC_REPRESENTATION_CONTEXT() REPRESENTATION_CONTEXT('2D SPACE',''
  ) );
#13254 = PCURVE('',#13255,#13260);
#13255 = PLANE('',#13256);
#13256 = AXIS2_PLACEMENT_3D('',#13257,#13258,#13259);
#13257 = CARTESIAN_POINT('',(-180.,-17.5,20.));
#13258 = DIRECTION('',(0.,1.,0.));
#13259 = DIRECTION('',(0.,0.,1.));
#13260 = DEFINITIONAL_REPRESENTATION('',(#13261),#13265);
#13261 = LINE('',#13262,#13263);
#13262 = CARTESIAN_POINT('',(0.,0.));
#13263 = VECTOR('',#13264,1.);
#13264 = DIRECTION('',(1.,0.));
#13265 = ( GEOMETRIC_REPRESENTATION_CONTEXT(2)
PARAMETRIC_REPRESENTATION_CONTEXT() REPRESENTATION_CONTEXT('2D SPACE',''
  ) );
#13266 = ORIENTED_EDGE('',*,*,#13267,.T.);
#13267 = EDGE_CURVE('',#13233,#13268,#13270,.T.);
#13268 = VERTEX_POINT('',#13269);
#13269 = CARTESIAN_POINT('',(-180.,-2.5,20.));
#13270 = SURFACE_CURVE('',#13271,(#13275,#13282),.PCURVE_S1.);
#13271 = LINE('',#13272,#13273);
#13272 = CARTESIAN_POINT('',(-180.,-17.5,20.));
#13273 = VECTOR('',#13274,1.);
#13274 = DIRECTION('',(0.,1.,0.));
#13275 = PCURVE('',#13243,#13276);
#13276 = DEFINITIONAL_REPRESENTATION('',(#13277),#13281);
#13277 = LINE('',#13278,#13279);
#13278 = CARTESIAN_POINT('',(0.,0.));
#13279 = VECTOR('',#13280,1.);
#13280 = DIRECTION('',(0.,-1.));
#13281 = ( GEOMETRIC_REPRESENTATION_CONTEXT(2)
PARAMETRIC_REPRESENTATION_CONTEXT() REPRESENTATION_CONTEXT('2D SPACE',''
  ) );
#13282 = PCURVE('',#13283,#13288);
#13283 = PLANE('',#13284);
#13284 = AXIS2_PLACEMENT_3D('',#13285,#13286,#13287);
#13285 = CARTESIAN_POINT('',(-180.,-17.5,20.));
#13286 = DIRECTION('',(0.,0.,1.));
#13287 = DIRECTION('',(1.,0.,0.));
#13288 = DEFINITIONAL_REPRESENTATION('',(#13289),#13293);
#13289 = LINE('',#13290,#13291);
#13290 = CARTESIAN_POINT('',(0.,0.));
#13291 = VECTOR('',#13292,1.);
#13292 = DIRECTION('',(0.,1.));
#13293 = ( GEOMETRIC_REPRESENTATION_CONTEXT(2)
PARAMETRIC_REPRESENTATION_CONTEXT() REPRESENTATION_CONTEXT('2D SPACE',''
  ) );
#13294 = ORIENTED_EDGE('',*,*,#13295,.T.);
#13295 = EDGE_CURVE('',#13268,#13296,#13298,.T.);
#13296 = VERTEX_POINT('',#13297);
#13297 = CARTESIAN_POINT('',(-180.,-2.5,30.));
#13298 = SURFACE_CURVE('',#13299,(#13303,#13310),.PCURVE_S1.);
#13299 = LINE('',#13300,#13301);
#13300 = CARTESIAN_POINT('',(-180.,-2.5,20.));
#13301 = VECTOR('',#13302,1.);
#13302 = DIRECTION('',(0.,0.,1.));
#13303 = PCURVE('',#13243,#13304);
#13304 = DEFINITIONAL_REPRESENTATION('',(#13305),#13309);
#13305 = LINE('',#13306,#13307);
#13306 = CARTESIAN_POINT('',(0.,-15.));
#13307 = VECTOR('',#13308,1.);
#13308 = DIRECTION('',(1.,0.));
#13309 = ( GEOMETRIC_REPRESENTATION_CONTEXT(2)
PARAMETRIC_REPRESENTATION_CONTEXT() REPRESENTATION_CONTEXT('2D SPACE',''
  ) );
#13310 = PCURVE('',#13311,#13316);
#13311 = PLANE('',#13312);
#13312 = AXIS2_PLACEMENT_3D('',#13313,#13314,#13315);
#13313 = CARTESIAN_POINT('',(-180.,-2.5,20.));
#13314 = DIRECTION('',(0.,1.,0.));
#13315 = DIRECTION('',(0.,0.,1.));
#13316 = DEFINITIONAL_REPRESENTATION('',(#13317),#13321);
#13317 = LINE('',#13318,#13319);
#13318 = CARTESIAN_POINT('',(0.,0.));
#13319 = VECTOR('',#13320,1.);
#13320 = DIRECTION('',(1.,0.));
#13321 = ( GEOMETRIC_REPRESENTATION_CONTEXT(2)
PARAMETRIC_REPRESENTATION_CONTEXT() REPRESENTATION_CONTEXT('2D SPACE',''
  ) );
#13322 = ORIENTED_EDGE('',*,*,#13323,.F.);
#13323 = EDGE_CURVE('',#13235,#13296,#13324,.T.);
#13324 = SURFACE_CURVE('',#13325,(#13329,#13336),.PCURVE_S1.);
#13325 = LINE('',#13326,#13327);
#13326 = CARTESIAN_POINT('',(-180.,-17.5,30.));
#13327 = VECTOR('',#13328,1.);
#13328 = DIRECTION('',(0.,1.,0.));
#13329 = PCURVE('',#13243,#13330);
#13330 = DEFINITIONAL_REPRESENTATION('',(#13331),#13335);
#13331 = LINE('',#13332,#13333);
#13332 = CARTESIAN_POINT('',(10.,0.));
#13333 = VECTOR('',#13334,1.);
#13334 = DIRECTION('',(0.,-1.));
#13335 = ( GEOMETRIC_REPRESENTATION_CONTEXT(2)
PARAMETRIC_REPRESENTATION_CONTEXT() REPRESENTATION_CONTEXT('2D SPACE',''
  ) );
#13336 = PCURVE('',#13337,#13342);
#13337 = PLANE('',#13338);
#13338 = AXIS2_PLACEMENT_3D('',#13339,#13340,#13341);
#13339 = CARTESIAN_POINT('',(-180.,-17.5,30.));
#13340 = DIRECTION('',(0.,0.,1.));
#13341 = DIRECTION('',(1.,0.,0.));
#13342 = DEFINITIONAL_REPRESENTATION('',(#13343),#13347);
#13343 = LINE('',#13344,#13345);
#13344 = CARTESIAN_POINT('',(0.,0.));
#13345 = VECTOR('',#13346,1.);
#13346 = DIRECTION('',(0.,1.));
#13347 = ( GEOMETRIC_REPRESENTATION_CONTEXT(2)
PARAMETRIC_REPRESENTATION_CONTEXT() REPRESENTATION_CONTEXT('2D SPACE',''
  ) );
#13348 = ADVANCED_FACE('',(#13349),#13363,.T.);
#13349 = FACE_BOUND('',#13350,.T.);
#13350 = EDGE_LOOP('',(#13351,#13381,#13404,#13427));
#13351 = ORIENTED_EDGE('',*,*,#13352,.F.);
#13352 = EDGE_CURVE('',#13353,#13355,#13357,.T.);
#13353 = VERTEX_POINT('',#13354);
#13354 = CARTESIAN_POINT('',(-160.,-17.5,20.));
#13355 = VERTEX_POINT('',#13356);
#13356 = CARTESIAN_POINT('',(-160.,-17.5,30.));
#13357 = SURFACE_CURVE('',#13358,(#13362,#13374),.PCURVE_S1.);
#13358 = LINE('',#13359,#13360);
#13359 = CARTESIAN_POINT('',(-160.,-17.5,20.));
#13360 = VECTOR('',#13361,1.);
#13361 = DIRECTION('',(0.,0.,1.));
#13362 = PCURVE('',#13363,#13368);
#13363 = PLANE('',#13364);
#13364 = AXIS2_PLACEMENT_3D('',#13365,#13366,#13367);
#13365 = CARTESIAN_POINT('',(-160.,-17.5,20.));
#13366 = DIRECTION('',(1.,0.,0.));
#13367 = DIRECTION('',(0.,0.,1.));
#13368 = DEFINITIONAL_REPRESENTATION('',(#13369),#13373);
#13369 = LINE('',#13370,#13371);
#13370 = CARTESIAN_POINT('',(0.,0.));
#13371 = VECTOR('',#13372,1.);
#13372 = DIRECTION('',(1.,0.));
#13373 = ( GEOMETRIC_REPRESENTATION_CONTEXT(2)
PARAMETRIC_REPRESENTATION_CONTEXT() REPRESENTATION_CONTEXT('2D SPACE',''
  ) );
#13374 = PCURVE('',#13255,#13375);
#13375 = DEFINITIONAL_REPRESENTATION('',(#13376),#13380);
#13376 = LINE('',#13377,#13378);
#13377 = CARTESIAN_POINT('',(0.,20.));
#13378 = VECTOR('',#13379,1.);
#13379 = DIRECTION('',(1.,0.));
#13380 = ( GEOMETRIC_REPRESENTATION_CONTEXT(2)
PARAMETRIC_REPRESENTATION_CONTEXT() REPRESENTATION_CONTEXT('2D SPACE',''
  ) );
#13381 = ORIENTED_EDGE('',*,*,#13382,.T.);
#13382 = EDGE_CURVE('',#13353,#13383,#13385,.T.);
#13383 = VERTEX_POINT('',#13384);
#13384 = CARTESIAN_POINT('',(-160.,-2.5,20.));
#13385 = SURFACE_CURVE('',#13386,(#13390,#13397),.PCURVE_S1.);
#13386 = LINE('',#13387,#13388);
#13387 = CARTESIAN_POINT('',(-160.,-17.5,20.));
#13388 = VECTOR('',#13389,1.);
#13389 = DIRECTION('',(0.,1.,0.));
#13390 = PCURVE('',#13363,#13391);
#13391 = DEFINITIONAL_REPRESENTATION('',(#13392),#13396);
#13392 = LINE('',#13393,#13394);
#13393 = CARTESIAN_POINT('',(0.,0.));
#13394 = VECTOR('',#13395,1.);
#13395 = DIRECTION('',(0.,-1.));
#13396 = ( GEOMETRIC_REPRESENTATION_CONTEXT(2)
PARAMETRIC_REPRESENTATION_CONTEXT() REPRESENTATION_CONTEXT('2D SPACE',''
  ) );
#13397 = PCURVE('',#13283,#13398);
#13398 = DEFINITIONAL_REPRESENTATION('',(#13399),#13403);
#13399 = LINE('',#13400,#13401);
#13400 = CARTESIAN_POINT('',(20.,0.));
#13401 = VECTOR('',#13402,1.);
#13402 = DIRECTION('',(0.,1.));
#13403 = ( GEOMETRIC_REPRESENTATION_CONTEXT(2)
PARAMETRIC_REPRESENTATION_CONTEXT() REPRESENTATION_CONTEXT('2D SPACE',''
  ) );
#13404 = ORIENTED_EDGE('',*,*,#13405,.T.);
#13405 = EDGE_CURVE('',#13383,#13406,#13408,.T.);
#13406 = VERTEX_POINT('',#13407);
#13407 = CARTESIAN_POINT('',(-160.,-2.5,30.));
#13408 = SURFACE_CURVE('',#13409,(#13413,#13420),.PCURVE_S1.);
#13409 = LINE('',#13410,#13411);
#13410 = CARTESIAN_POINT('',(-160.,-2.5,20.));
#13411 = VECTOR('',#13412,1.);
#13412 = DIRECTION('',(0.,0.,1.));
#13413 = PCURVE('',#13363,#13414);
#13414 = DEFINITIONAL_REPRESENTATION('',(#13415),#13419);
#13415 = LINE('',#13416,#13417);
#13416 = CARTESIAN_POINT('',(0.,-15.));
#13417 = VECTOR('',#13418,1.);
#13418 = DIRECTION('',(1.,0.));
#13419 = ( GEOMETRIC_REPRESENTATION_CONTEXT(2)
PARAMETRIC_REPRESENTATION_CONTEXT() REPRESENTATION_CONTEXT('2D SPACE',''
  ) );
#13420 = PCURVE('',#13311,#13421);
#13421 = DEFINITIONAL_REPRESENTATION('',(#13422),#13426);
#13422 = LINE('',#13423,#13424);
#13423 = CARTESIAN_POINT('',(0.,20.));
#13424 = VECTOR('',#13425,1.);
#13425 = DIRECTION('',(1.,0.));
#13426 = ( GEOMETRIC_REPRESENTATION_CONTEXT(2)
PARAMETRIC_REPRESENTATION_CONTEXT() REPRESENTATION_CONTEXT('2D SPACE',''
  ) );
#13427 = ORIENTED_EDGE('',*,*,#13428,.F.);
#13428 = EDGE_CURVE('',#13355,#13406,#13429,.T.);
#13429 = SURFACE_CURVE('',#13430,(#13434,#13441),.PCURVE_S1.);
#13430 = LINE('',#13431,#13432);
#13431 = CARTESIAN_POINT('',(-160.,-17.5,30.));
#13432 = VECTOR('',#13433,1.);
#13433 = DIRECTION('',(0.,1.,0.));
#13434 = PCURVE('',#13363,#13435);
#13435 = DEFINITIONAL_REPRESENTATION('',(#13436),#13440);
#13436 = LINE('',#13437,#13438);
#13437 = CARTESIAN_POINT('',(10.,0.));
#13438 = VECTOR('',#13439,1.);
#13439 = DIRECTION('',(0.,-1.));
#13440 = ( GEOMETRIC_REPRESENTATION_CONTEXT(2)
PARAMETRIC_REPRESENTATION_CONTEXT() REPRESENTATION_CONTEXT('2D SPACE',''
  ) );
#13441 = PCURVE('',#13337,#13442);
#13442 = DEFINITIONAL_REPRESENTATION('',(#13443),#13447);
#13443 = LINE('',#13444,#13445);
#13444 = CARTESIAN_POINT('',(20.,0.));
#13445 = VECTOR('',#13446,1.);
#13446 = DIRECTION('',(0.,1.));
#13447 = ( GEOMETRIC_REPRESENTATION_CONTEXT(2)
PARAMETRIC_REPRESENTATION_CONTEXT() REPRESENTATION_CONTEXT('2D SPACE',''
  ) );
#13448 = ADVANCED_FACE('',(#13449),#13255,.F.);
#13449 = FACE_BOUND('',#13450,.F.);
#13450 = EDGE_LOOP('',(#13451,#13472,#13473,#13494));
#13451 = ORIENTED_EDGE('',*,*,#13452,.F.);
#13452 = EDGE_CURVE('',#13233,#13353,#13453,.T.);
#13453 = SURFACE_CURVE('',#13454,(#13458,#13465),.PCURVE_S1.);
#13454 = LINE('',#13455,#13456);
#13455 = CARTESIAN_POINT('',(-180.,-17.5,20.));
#13456 = VECTOR('',#13457,1.);
#13457 = DIRECTION('',(1.,0.,0.));
#13458 = PCURVE('',#13255,#13459);
#13459 = DEFINITIONAL_REPRESENTATION('',(#13460),#13464);
#13460 = LINE('',#13461,#13462);
#13461 = CARTESIAN_POINT('',(0.,0.));
#13462 = VECTOR('',#13463,1.);
#13463 = DIRECTION('',(0.,1.));
#13464 = ( GEOMETRIC_REPRESENTATION_CONTEXT(2)
PARAMETRIC_REPRESENTATION_CONTEXT() REPRESENTATION_CONTEXT('2D SPACE',''
  ) );
#13465 = PCURVE('',#13283,#13466);
#13466 = DEFINITIONAL_REPRESENTATION('',(#13467),#13471);
#13467 = LINE('',#13468,#13469);
#13468 = CARTESIAN_POINT('',(0.,0.));
#13469 = VECTOR('',#13470,1.);
#13470 = DIRECTION('',(1.,0.));
#13471 = ( GEOMETRIC_REPRESENTATION_CONTEXT(2)
PARAMETRIC_REPRESENTATION_CONTEXT() REPRESENTATION_CONTEXT('2D SPACE',''
  ) );
#13472 = ORIENTED_EDGE('',*,*,#13232,.T.);
#13473 = ORIENTED_EDGE('',*,*,#13474,.T.);
#13474 = EDGE_CURVE('',#13235,#13355,#13475,.T.);
#13475 = SURFACE_CURVE('',#13476,(#13480,#13487),.PCURVE_S1.);
#13476 = LINE('',#13477,#13478);
#13477 = CARTESIAN_POINT('',(-180.,-17.5,30.));
#13478 = VECTOR('',#13479,1.);
#13479 = DIRECTION('',(1.,0.,0.));
#13480 = PCURVE('',#13255,#13481);
#13481 = DEFINITIONAL_REPRESENTATION('',(#13482),#13486);
#13482 = LINE('',#13483,#13484);
#13483 = CARTESIAN_POINT('',(10.,0.));
#13484 = VECTOR('',#13485,1.);
#13485 = DIRECTION('',(0.,1.));
#13486 = ( GEOMETRIC_REPRESENTATION_CONTEXT(2)
PARAMETRIC_REPRESENTATION_CONTEXT() REPRESENTATION_CONTEXT('2D SPACE',''
  ) );
#13487 = PCURVE('',#13337,#13488);
#13488 = DEFINITIONAL_REPRESENTATION('',(#13489),#13493);
#13489 = LINE('',#13490,#13491);
#13490 = CARTESIAN_POINT('',(0.,0.));
#13491 = VECTOR('',#13492,1.);
#13492 = DIRECTION('',(1.,0.));
#13493 = ( GEOMETRIC_REPRESENTATION_CONTEXT(2)
PARAMETRIC_REPRESENTATION_CONTEXT() REPRESENTATION_CONTEXT('2D SPACE',''
  ) );
#13494 = ORIENTED_EDGE('',*,*,#13352,.F.);
#13495 = ADVANCED_FACE('',(#13496),#13311,.T.);
#13496 = FACE_BOUND('',#13497,.T.);
#13497 = EDGE_LOOP('',(#13498,#13519,#13520,#13541));
#13498 = ORIENTED_EDGE('',*,*,#13499,.F.);
#13499 = EDGE_CURVE('',#13268,#13383,#13500,.T.);
#13500 = SURFACE_CURVE('',#13501,(#13505,#13512),.PCURVE_S1.);
#13501 = LINE('',#13502,#13503);
#13502 = CARTESIAN_POINT('',(-180.,-2.5,20.));
#13503 = VECTOR('',#13504,1.);
#13504 = DIRECTION('',(1.,0.,0.));
#13505 = PCURVE('',#13311,#13506);
#13506 = DEFINITIONAL_REPRESENTATION('',(#13507),#13511);
#13507 = LINE('',#13508,#13509);
#13508 = CARTESIAN_POINT('',(0.,0.));
#13509 = VECTOR('',#13510,1.);
#13510 = DIRECTION('',(0.,1.));
#13511 = ( GEOMETRIC_REPRESENTATION_CONTEXT(2)
PARAMETRIC_REPRESENTATION_CONTEXT() REPRESENTATION_CONTEXT('2D SPACE',''
  ) );
#13512 = PCURVE('',#13283,#13513);
#13513 = DEFINITIONAL_REPRESENTATION('',(#13514),#13518);
#13514 = LINE('',#13515,#13516);
#13515 = CARTESIAN_POINT('',(0.,15.));
#13516 = VECTOR('',#13517,1.);
#13517 = DIRECTION('',(1.,0.));
#13518 = ( GEOMETRIC_REPRESENTATION_CONTEXT(2)
PARAMETRIC_REPRESENTATION_CONTEXT() REPRESENTATION_CONTEXT('2D SPACE',''
  ) );
#13519 = ORIENTED_EDGE('',*,*,#13295,.T.);
#13520 = ORIENTED_EDGE('',*,*,#13521,.T.);
#13521 = EDGE_CURVE('',#13296,#13406,#13522,.T.);
#13522 = SURFACE_CURVE('',#13523,(#13527,#13534),.PCURVE_S1.);
#13523 = LINE('',#13524,#13525);
#13524 = CARTESIAN_POINT('',(-180.,-2.5,30.));
#13525 = VECTOR('',#13526,1.);
#13526 = DIRECTION('',(1.,0.,0.));
#13527 = PCURVE('',#13311,#13528);
#13528 = DEFINITIONAL_REPRESENTATION('',(#13529),#13533);
#13529 = LINE('',#13530,#13531);
#13530 = CARTESIAN_POINT('',(10.,0.));
#13531 = VECTOR('',#13532,1.);
#13532 = DIRECTION('',(0.,1.));
#13533 = ( GEOMETRIC_REPRESENTATION_CONTEXT(2)
PARAMETRIC_REPRESENTATION_CONTEXT() REPRESENTATION_CONTEXT('2D SPACE',''
  ) );
#13534 = PCURVE('',#13337,#13535);
#13535 = DEFINITIONAL_REPRESENTATION('',(#13536),#13540);
#13536 = LINE('',#13537,#13538);
#13537 = CARTESIAN_POINT('',(0.,15.));
#13538 = VECTOR('',#13539,1.);
#13539 = DIRECTION('',(1.,0.));
#13540 = ( GEOMETRIC_REPRESENTATION_CONTEXT(2)
PARAMETRIC_REPRESENTATION_CONTEXT() REPRESENTATION_CONTEXT('2D SPACE',''
  ) );
#13541 = ORIENTED_EDGE('',*,*,#13405,.F.);
#13542 = ADVANCED_FACE('',(#13543),#13283,.F.);
#13543 = FACE_BOUND('',#13544,.F.);
#13544 = EDGE_LOOP('',(#13545,#13546,#13547,#13548));
#13545 = ORIENTED_EDGE('',*,*,#13267,.F.);
#13546 = ORIENTED_EDGE('',*,*,#13452,.T.);
#13547 = ORIENTED_EDGE('',*,*,#13382,.T.);
#13548 = ORIENTED_EDGE('',*,*,#13499,.F.);
#13549 = ADVANCED_FACE('',(#13550),#13337,.T.);
#13550 = FACE_BOUND('',#13551,.T.);
#13551 = EDGE_LOOP('',(#13552,#13553,#13554,#13555));
#13552 = ORIENTED_EDGE('',*,*,#13323,.F.);
#13553 = ORIENTED_EDGE('',*,*,#13474,.T.);
#13554 = ORIENTED_EDGE('',*,*,#13428,.T.);
#13555 = ORIENTED_EDGE('',*,*,#13521,.F.);
#13556 = ( GEOMETRIC_REPRESENTATION_CONTEXT(3)
GLOBAL_UNCERTAINTY_ASSIGNED_CONTEXT((#13560))
GLOBAL_UNIT_ASSIGNED_CONTEXT((#13557,#13558,#13559))
REPRESENTATION_CONTEXT('Context #1',
  '3D Context with UNIT and UNCERTAINTY') );
#13557 = ( LENGTH_UNIT() NAMED_UNIT(*) SI_UNIT(.MILLI.,.METRE.) );
#13558 = ( NAMED_UNIT(*) PLANE_ANGLE_UNIT() SI_UNIT($,.RADIAN.) );
#13559 = ( NAMED_UNIT(*) SI_UNIT($,.STERADIAN.) SOLID_ANGLE_UNIT() );
#13560 = UNCERTAINTY_MEASURE_WITH_UNIT(LENGTH_MEASURE(1.E-07),#13557,
  'distance_accuracy_value','confusion accuracy');
#13561 = CONTEXT_DEPENDENT_SHAPE_REPRESENTATION(#13562,#13564);
#13562 = ( REPRESENTATION_RELATIONSHIP('','',#13225,#10)
REPRESENTATION_RELATIONSHIP_WITH_TRANSFORMATION(#13563)
SHAPE_REPRESENTATION_RELATIONSHIP() );
#13563 = ITEM_DEFINED_TRANSFORMATION('','',#11,#111);
#13564 = PRODUCT_DEFINITION_SHAPE('Placement','Placement of an item',
  #13565);
#13565 = NEXT_ASSEMBLY_USAGE_OCCURRENCE('25','','',#5,#13220,$);
#13566 = PRODUCT_RELATED_PRODUCT_CATEGORY('part',$,(#13222));
#13567 = SHAPE_DEFINITION_REPRESENTATION(#13568,#13574);
#13568 = PRODUCT_DEFINITION_SHAPE('','',#13569);
#13569 = PRODUCT_DEFINITION('design','',#13570,#13573);
#13570 = PRODUCT_DEFINITION_FORMATION('','',#13571);
#13571 = PRODUCT('Open CASCADE STEP translator 7.8 20.26',
  'Open CASCADE STEP translator 7.8 20.26','',(#13572));
#13572 = PRODUCT_CONTEXT('',#2,'mechanical');
#13573 = PRODUCT_DEFINITION_CONTEXT('part definition',#2,'design');
#13574 = ADVANCED_BREP_SHAPE_REPRESENTATION('',(#11,#13575),#13905);
#13575 = MANIFOLD_SOLID_BREP('',#13576);
#13576 = CLOSED_SHELL('',(#13577,#13697,#13797,#13844,#13891,#13898));
#13577 = ADVANCED_FACE('',(#13578),#13592,.F.);
#13578 = FACE_BOUND('',#13579,.F.);
#13579 = EDGE_LOOP('',(#13580,#13615,#13643,#13671));
#13580 = ORIENTED_EDGE('',*,*,#13581,.F.);
#13581 = EDGE_CURVE('',#13582,#13584,#13586,.T.);
#13582 = VERTEX_POINT('',#13583);
#13583 = CARTESIAN_POINT('',(-167.,-20.,21.));
#13584 = VERTEX_POINT('',#13585);
#13585 = CARTESIAN_POINT('',(-167.,-20.,29.));
#13586 = SURFACE_CURVE('',#13587,(#13591,#13603),.PCURVE_S1.);
#13587 = LINE('',#13588,#13589);
#13588 = CARTESIAN_POINT('',(-167.,-20.,21.));
#13589 = VECTOR('',#13590,1.);
#13590 = DIRECTION('',(0.,0.,1.));
#13591 = PCURVE('',#13592,#13597);
#13592 = PLANE('',#13593);
#13593 = AXIS2_PLACEMENT_3D('',#13594,#13595,#13596);
#13594 = CARTESIAN_POINT('',(-167.,-20.,21.));
#13595 = DIRECTION('',(1.,0.,0.));
#13596 = DIRECTION('',(0.,0.,1.));
#13597 = DEFINITIONAL_REPRESENTATION('',(#13598),#13602);
#13598 = LINE('',#13599,#13600);
#13599 = CARTESIAN_POINT('',(0.,0.));
#13600 = VECTOR('',#13601,1.);
#13601 = DIRECTION('',(1.,0.));
#13602 = ( GEOMETRIC_REPRESENTATION_CONTEXT(2)
PARAMETRIC_REPRESENTATION_CONTEXT() REPRESENTATION_CONTEXT('2D SPACE',''
  ) );
#13603 = PCURVE('',#13604,#13609);
#13604 = PLANE('',#13605);
#13605 = AXIS2_PLACEMENT_3D('',#13606,#13607,#13608);
#13606 = CARTESIAN_POINT('',(-167.,-20.,21.));
#13607 = DIRECTION('',(0.,1.,0.));
#13608 = DIRECTION('',(0.,0.,1.));
#13609 = DEFINITIONAL_REPRESENTATION('',(#13610),#13614);
#13610 = LINE('',#13611,#13612);
#13611 = CARTESIAN_POINT('',(0.,0.));
#13612 = VECTOR('',#13613,1.);
#13613 = DIRECTION('',(1.,0.));
#13614 = ( GEOMETRIC_REPRESENTATION_CONTEXT(2)
PARAMETRIC_REPRESENTATION_CONTEXT() REPRESENTATION_CONTEXT('2D SPACE',''
  ) );
#13615 = ORIENTED_EDGE('',*,*,#13616,.T.);
#13616 = EDGE_CURVE('',#13582,#13617,#13619,.T.);
#13617 = VERTEX_POINT('',#13618);
#13618 = CARTESIAN_POINT('',(-167.,0.,21.));
#13619 = SURFACE_CURVE('',#13620,(#13624,#13631),.PCURVE_S1.);
#13620 = LINE('',#13621,#13622);
#13621 = CARTESIAN_POINT('',(-167.,-20.,21.));
#13622 = VECTOR('',#13623,1.);
#13623 = DIRECTION('',(0.,1.,0.));
#13624 = PCURVE('',#13592,#13625);
#13625 = DEFINITIONAL_REPRESENTATION('',(#13626),#13630);
#13626 = LINE('',#13627,#13628);
#13627 = CARTESIAN_POINT('',(0.,0.));
#13628 = VECTOR('',#13629,1.);
#13629 = DIRECTION('',(0.,-1.));
#13630 = ( GEOMETRIC_REPRESENTATION_CONTEXT(2)
PARAMETRIC_REPRESENTATION_CONTEXT() REPRESENTATION_CONTEXT('2D SPACE',''
  ) );
#13631 = PCURVE('',#13632,#13637);
#13632 = PLANE('',#13633);
#13633 = AXIS2_PLACEMENT_3D('',#13634,#13635,#13636);
#13634 = CARTESIAN_POINT('',(-167.,-20.,21.));
#13635 = DIRECTION('',(0.,0.,1.));
#13636 = DIRECTION('',(1.,0.,0.));
#13637 = DEFINITIONAL_REPRESENTATION('',(#13638),#13642);
#13638 = LINE('',#13639,#13640);
#13639 = CARTESIAN_POINT('',(0.,0.));
#13640 = VECTOR('',#13641,1.);
#13641 = DIRECTION('',(0.,1.));
#13642 = ( GEOMETRIC_REPRESENTATION_CONTEXT(2)
PARAMETRIC_REPRESENTATION_CONTEXT() REPRESENTATION_CONTEXT('2D SPACE',''
  ) );
#13643 = ORIENTED_EDGE('',*,*,#13644,.T.);
#13644 = EDGE_CURVE('',#13617,#13645,#13647,.T.);
#13645 = VERTEX_POINT('',#13646);
#13646 = CARTESIAN_POINT('',(-167.,0.,29.));
#13647 = SURFACE_CURVE('',#13648,(#13652,#13659),.PCURVE_S1.);
#13648 = LINE('',#13649,#13650);
#13649 = CARTESIAN_POINT('',(-167.,0.,21.));
#13650 = VECTOR('',#13651,1.);
#13651 = DIRECTION('',(0.,0.,1.));
#13652 = PCURVE('',#13592,#13653);
#13653 = DEFINITIONAL_REPRESENTATION('',(#13654),#13658);
#13654 = LINE('',#13655,#13656);
#13655 = CARTESIAN_POINT('',(0.,-20.));
#13656 = VECTOR('',#13657,1.);
#13657 = DIRECTION('',(1.,0.));
#13658 = ( GEOMETRIC_REPRESENTATION_CONTEXT(2)
PARAMETRIC_REPRESENTATION_CONTEXT() REPRESENTATION_CONTEXT('2D SPACE',''
  ) );
#13659 = PCURVE('',#13660,#13665);
#13660 = PLANE('',#13661);
#13661 = AXIS2_PLACEMENT_3D('',#13662,#13663,#13664);
#13662 = CARTESIAN_POINT('',(-167.,0.,21.));
#13663 = DIRECTION('',(0.,1.,0.));
#13664 = DIRECTION('',(0.,0.,1.));
#13665 = DEFINITIONAL_REPRESENTATION('',(#13666),#13670);
#13666 = LINE('',#13667,#13668);
#13667 = CARTESIAN_POINT('',(0.,0.));
#13668 = VECTOR('',#13669,1.);
#13669 = DIRECTION('',(1.,0.));
#13670 = ( GEOMETRIC_REPRESENTATION_CONTEXT(2)
PARAMETRIC_REPRESENTATION_CONTEXT() REPRESENTATION_CONTEXT('2D SPACE',''
  ) );
#13671 = ORIENTED_EDGE('',*,*,#13672,.F.);
#13672 = EDGE_CURVE('',#13584,#13645,#13673,.T.);
#13673 = SURFACE_CURVE('',#13674,(#13678,#13685),.PCURVE_S1.);
#13674 = LINE('',#13675,#13676);
#13675 = CARTESIAN_POINT('',(-167.,-20.,29.));
#13676 = VECTOR('',#13677,1.);
#13677 = DIRECTION('',(0.,1.,0.));
#13678 = PCURVE('',#13592,#13679);
#13679 = DEFINITIONAL_REPRESENTATION('',(#13680),#13684);
#13680 = LINE('',#13681,#13682);
#13681 = CARTESIAN_POINT('',(8.,0.));
#13682 = VECTOR('',#13683,1.);
#13683 = DIRECTION('',(0.,-1.));
#13684 = ( GEOMETRIC_REPRESENTATION_CONTEXT(2)
PARAMETRIC_REPRESENTATION_CONTEXT() REPRESENTATION_CONTEXT('2D SPACE',''
  ) );
#13685 = PCURVE('',#13686,#13691);
#13686 = PLANE('',#13687);
#13687 = AXIS2_PLACEMENT_3D('',#13688,#13689,#13690);
#13688 = CARTESIAN_POINT('',(-167.,-20.,29.));
#13689 = DIRECTION('',(0.,0.,1.));
#13690 = DIRECTION('',(1.,0.,0.));
#13691 = DEFINITIONAL_REPRESENTATION('',(#13692),#13696);
#13692 = LINE('',#13693,#13694);
#13693 = CARTESIAN_POINT('',(0.,0.));
#13694 = VECTOR('',#13695,1.);
#13695 = DIRECTION('',(0.,1.));
#13696 = ( GEOMETRIC_REPRESENTATION_CONTEXT(2)
PARAMETRIC_REPRESENTATION_CONTEXT() REPRESENTATION_CONTEXT('2D SPACE',''
  ) );
#13697 = ADVANCED_FACE('',(#13698),#13712,.T.);
#13698 = FACE_BOUND('',#13699,.T.);
#13699 = EDGE_LOOP('',(#13700,#13730,#13753,#13776));
#13700 = ORIENTED_EDGE('',*,*,#13701,.F.);
#13701 = EDGE_CURVE('',#13702,#13704,#13706,.T.);
#13702 = VERTEX_POINT('',#13703);
#13703 = CARTESIAN_POINT('',(-139.,-20.,21.));
#13704 = VERTEX_POINT('',#13705);
#13705 = CARTESIAN_POINT('',(-139.,-20.,29.));
#13706 = SURFACE_CURVE('',#13707,(#13711,#13723),.PCURVE_S1.);
#13707 = LINE('',#13708,#13709);
#13708 = CARTESIAN_POINT('',(-139.,-20.,21.));
#13709 = VECTOR('',#13710,1.);
#13710 = DIRECTION('',(0.,0.,1.));
#13711 = PCURVE('',#13712,#13717);
#13712 = PLANE('',#13713);
#13713 = AXIS2_PLACEMENT_3D('',#13714,#13715,#13716);
#13714 = CARTESIAN_POINT('',(-139.,-20.,21.));
#13715 = DIRECTION('',(1.,0.,0.));
#13716 = DIRECTION('',(0.,0.,1.));
#13717 = DEFINITIONAL_REPRESENTATION('',(#13718),#13722);
#13718 = LINE('',#13719,#13720);
#13719 = CARTESIAN_POINT('',(0.,0.));
#13720 = VECTOR('',#13721,1.);
#13721 = DIRECTION('',(1.,0.));
#13722 = ( GEOMETRIC_REPRESENTATION_CONTEXT(2)
PARAMETRIC_REPRESENTATION_CONTEXT() REPRESENTATION_CONTEXT('2D SPACE',''
  ) );
#13723 = PCURVE('',#13604,#13724);
#13724 = DEFINITIONAL_REPRESENTATION('',(#13725),#13729);
#13725 = LINE('',#13726,#13727);
#13726 = CARTESIAN_POINT('',(0.,28.));
#13727 = VECTOR('',#13728,1.);
#13728 = DIRECTION('',(1.,0.));
#13729 = ( GEOMETRIC_REPRESENTATION_CONTEXT(2)
PARAMETRIC_REPRESENTATION_CONTEXT() REPRESENTATION_CONTEXT('2D SPACE',''
  ) );
#13730 = ORIENTED_EDGE('',*,*,#13731,.T.);
#13731 = EDGE_CURVE('',#13702,#13732,#13734,.T.);
#13732 = VERTEX_POINT('',#13733);
#13733 = CARTESIAN_POINT('',(-139.,0.,21.));
#13734 = SURFACE_CURVE('',#13735,(#13739,#13746),.PCURVE_S1.);
#13735 = LINE('',#13736,#13737);
#13736 = CARTESIAN_POINT('',(-139.,-20.,21.));
#13737 = VECTOR('',#13738,1.);
#13738 = DIRECTION('',(0.,1.,0.));
#13739 = PCURVE('',#13712,#13740);
#13740 = DEFINITIONAL_REPRESENTATION('',(#13741),#13745);
#13741 = LINE('',#13742,#13743);
#13742 = CARTESIAN_POINT('',(0.,0.));
#13743 = VECTOR('',#13744,1.);
#13744 = DIRECTION('',(0.,-1.));
#13745 = ( GEOMETRIC_REPRESENTATION_CONTEXT(2)
PARAMETRIC_REPRESENTATION_CONTEXT() REPRESENTATION_CONTEXT('2D SPACE',''
  ) );
#13746 = PCURVE('',#13632,#13747);
#13747 = DEFINITIONAL_REPRESENTATION('',(#13748),#13752);
#13748 = LINE('',#13749,#13750);
#13749 = CARTESIAN_POINT('',(28.,0.));
#13750 = VECTOR('',#13751,1.);
#13751 = DIRECTION('',(0.,1.));
#13752 = ( GEOMETRIC_REPRESENTATION_CONTEXT(2)
PARAMETRIC_REPRESENTATION_CONTEXT() REPRESENTATION_CONTEXT('2D SPACE',''
  ) );
#13753 = ORIENTED_EDGE('',*,*,#13754,.T.);
#13754 = EDGE_CURVE('',#13732,#13755,#13757,.T.);
#13755 = VERTEX_POINT('',#13756);
#13756 = CARTESIAN_POINT('',(-139.,0.,29.));
#13757 = SURFACE_CURVE('',#13758,(#13762,#13769),.PCURVE_S1.);
#13758 = LINE('',#13759,#13760);
#13759 = CARTESIAN_POINT('',(-139.,0.,21.));
#13760 = VECTOR('',#13761,1.);
#13761 = DIRECTION('',(0.,0.,1.));
#13762 = PCURVE('',#13712,#13763);
#13763 = DEFINITIONAL_REPRESENTATION('',(#13764),#13768);
#13764 = LINE('',#13765,#13766);
#13765 = CARTESIAN_POINT('',(0.,-20.));
#13766 = VECTOR('',#13767,1.);
#13767 = DIRECTION('',(1.,0.));
#13768 = ( GEOMETRIC_REPRESENTATION_CONTEXT(2)
PARAMETRIC_REPRESENTATION_CONTEXT() REPRESENTATION_CONTEXT('2D SPACE',''
  ) );
#13769 = PCURVE('',#13660,#13770);
#13770 = DEFINITIONAL_REPRESENTATION('',(#13771),#13775);
#13771 = LINE('',#13772,#13773);
#13772 = CARTESIAN_POINT('',(0.,28.));
#13773 = VECTOR('',#13774,1.);
#13774 = DIRECTION('',(1.,0.));
#13775 = ( GEOMETRIC_REPRESENTATION_CONTEXT(2)
PARAMETRIC_REPRESENTATION_CONTEXT() REPRESENTATION_CONTEXT('2D SPACE',''
  ) );
#13776 = ORIENTED_EDGE('',*,*,#13777,.F.);
#13777 = EDGE_CURVE('',#13704,#13755,#13778,.T.);
#13778 = SURFACE_CURVE('',#13779,(#13783,#13790),.PCURVE_S1.);
#13779 = LINE('',#13780,#13781);
#13780 = CARTESIAN_POINT('',(-139.,-20.,29.));
#13781 = VECTOR('',#13782,1.);
#13782 = DIRECTION('',(0.,1.,0.));
#13783 = PCURVE('',#13712,#13784);
#13784 = DEFINITIONAL_REPRESENTATION('',(#13785),#13789);
#13785 = LINE('',#13786,#13787);
#13786 = CARTESIAN_POINT('',(8.,0.));
#13787 = VECTOR('',#13788,1.);
#13788 = DIRECTION('',(0.,-1.));
#13789 = ( GEOMETRIC_REPRESENTATION_CONTEXT(2)
PARAMETRIC_REPRESENTATION_CONTEXT() REPRESENTATION_CONTEXT('2D SPACE',''
  ) );
#13790 = PCURVE('',#13686,#13791);
#13791 = DEFINITIONAL_REPRESENTATION('',(#13792),#13796);
#13792 = LINE('',#13793,#13794);
#13793 = CARTESIAN_POINT('',(28.,0.));
#13794 = VECTOR('',#13795,1.);
#13795 = DIRECTION('',(0.,1.));
#13796 = ( GEOMETRIC_REPRESENTATION_CONTEXT(2)
PARAMETRIC_REPRESENTATION_CONTEXT() REPRESENTATION_CONTEXT('2D SPACE',''
  ) );
#13797 = ADVANCED_FACE('',(#13798),#13604,.F.);
#13798 = FACE_BOUND('',#13799,.F.);
#13799 = EDGE_LOOP('',(#13800,#13821,#13822,#13843));
#13800 = ORIENTED_EDGE('',*,*,#13801,.F.);
#13801 = EDGE_CURVE('',#13582,#13702,#13802,.T.);
#13802 = SURFACE_CURVE('',#13803,(#13807,#13814),.PCURVE_S1.);
#13803 = LINE('',#13804,#13805);
#13804 = CARTESIAN_POINT('',(-167.,-20.,21.));
#13805 = VECTOR('',#13806,1.);
#13806 = DIRECTION('',(1.,0.,0.));
#13807 = PCURVE('',#13604,#13808);
#13808 = DEFINITIONAL_REPRESENTATION('',(#13809),#13813);
#13809 = LINE('',#13810,#13811);
#13810 = CARTESIAN_POINT('',(0.,0.));
#13811 = VECTOR('',#13812,1.);
#13812 = DIRECTION('',(0.,1.));
#13813 = ( GEOMETRIC_REPRESENTATION_CONTEXT(2)
PARAMETRIC_REPRESENTATION_CONTEXT() REPRESENTATION_CONTEXT('2D SPACE',''
  ) );
#13814 = PCURVE('',#13632,#13815);
#13815 = DEFINITIONAL_REPRESENTATION('',(#13816),#13820);
#13816 = LINE('',#13817,#13818);
#13817 = CARTESIAN_POINT('',(0.,0.));
#13818 = VECTOR('',#13819,1.);
#13819 = DIRECTION('',(1.,0.));
#13820 = ( GEOMETRIC_REPRESENTATION_CONTEXT(2)
PARAMETRIC_REPRESENTATION_CONTEXT() REPRESENTATION_CONTEXT('2D SPACE',''
  ) );
#13821 = ORIENTED_EDGE('',*,*,#13581,.T.);
#13822 = ORIENTED_EDGE('',*,*,#13823,.T.);
#13823 = EDGE_CURVE('',#13584,#13704,#13824,.T.);
#13824 = SURFACE_CURVE('',#13825,(#13829,#13836),.PCURVE_S1.);
#13825 = LINE('',#13826,#13827);
#13826 = CARTESIAN_POINT('',(-167.,-20.,29.));
#13827 = VECTOR('',#13828,1.);
#13828 = DIRECTION('',(1.,0.,0.));
#13829 = PCURVE('',#13604,#13830);
#13830 = DEFINITIONAL_REPRESENTATION('',(#13831),#13835);
#13831 = LINE('',#13832,#13833);
#13832 = CARTESIAN_POINT('',(8.,0.));
#13833 = VECTOR('',#13834,1.);
#13834 = DIRECTION('',(0.,1.));
#13835 = ( GEOMETRIC_REPRESENTATION_CONTEXT(2)
PARAMETRIC_REPRESENTATION_CONTEXT() REPRESENTATION_CONTEXT('2D SPACE',''
  ) );
#13836 = PCURVE('',#13686,#13837);
#13837 = DEFINITIONAL_REPRESENTATION('',(#13838),#13842);
#13838 = LINE('',#13839,#13840);
#13839 = CARTESIAN_POINT('',(0.,0.));
#13840 = VECTOR('',#13841,1.);
#13841 = DIRECTION('',(1.,0.));
#13842 = ( GEOMETRIC_REPRESENTATION_CONTEXT(2)
PARAMETRIC_REPRESENTATION_CONTEXT() REPRESENTATION_CONTEXT('2D SPACE',''
  ) );
#13843 = ORIENTED_EDGE('',*,*,#13701,.F.);
#13844 = ADVANCED_FACE('',(#13845),#13660,.T.);
#13845 = FACE_BOUND('',#13846,.T.);
#13846 = EDGE_LOOP('',(#13847,#13868,#13869,#13890));
#13847 = ORIENTED_EDGE('',*,*,#13848,.F.);
#13848 = EDGE_CURVE('',#13617,#13732,#13849,.T.);
#13849 = SURFACE_CURVE('',#13850,(#13854,#13861),.PCURVE_S1.);
#13850 = LINE('',#13851,#13852);
#13851 = CARTESIAN_POINT('',(-167.,0.,21.));
#13852 = VECTOR('',#13853,1.);
#13853 = DIRECTION('',(1.,0.,0.));
#13854 = PCURVE('',#13660,#13855);
#13855 = DEFINITIONAL_REPRESENTATION('',(#13856),#13860);
#13856 = LINE('',#13857,#13858);
#13857 = CARTESIAN_POINT('',(0.,0.));
#13858 = VECTOR('',#13859,1.);
#13859 = DIRECTION('',(0.,1.));
#13860 = ( GEOMETRIC_REPRESENTATION_CONTEXT(2)
PARAMETRIC_REPRESENTATION_CONTEXT() REPRESENTATION_CONTEXT('2D SPACE',''
  ) );
#13861 = PCURVE('',#13632,#13862);
#13862 = DEFINITIONAL_REPRESENTATION('',(#13863),#13867);
#13863 = LINE('',#13864,#13865);
#13864 = CARTESIAN_POINT('',(0.,20.));
#13865 = VECTOR('',#13866,1.);
#13866 = DIRECTION('',(1.,0.));
#13867 = ( GEOMETRIC_REPRESENTATION_CONTEXT(2)
PARAMETRIC_REPRESENTATION_CONTEXT() REPRESENTATION_CONTEXT('2D SPACE',''
  ) );
#13868 = ORIENTED_EDGE('',*,*,#13644,.T.);
#13869 = ORIENTED_EDGE('',*,*,#13870,.T.);
#13870 = EDGE_CURVE('',#13645,#13755,#13871,.T.);
#13871 = SURFACE_CURVE('',#13872,(#13876,#13883),.PCURVE_S1.);
#13872 = LINE('',#13873,#13874);
#13873 = CARTESIAN_POINT('',(-167.,0.,29.));
#13874 = VECTOR('',#13875,1.);
#13875 = DIRECTION('',(1.,0.,0.));
#13876 = PCURVE('',#13660,#13877);
#13877 = DEFINITIONAL_REPRESENTATION('',(#13878),#13882);
#13878 = LINE('',#13879,#13880);
#13879 = CARTESIAN_POINT('',(8.,0.));
#13880 = VECTOR('',#13881,1.);
#13881 = DIRECTION('',(0.,1.));
#13882 = ( GEOMETRIC_REPRESENTATION_CONTEXT(2)
PARAMETRIC_REPRESENTATION_CONTEXT() REPRESENTATION_CONTEXT('2D SPACE',''
  ) );
#13883 = PCURVE('',#13686,#13884);
#13884 = DEFINITIONAL_REPRESENTATION('',(#13885),#13889);
#13885 = LINE('',#13886,#13887);
#13886 = CARTESIAN_POINT('',(0.,20.));
#13887 = VECTOR('',#13888,1.);
#13888 = DIRECTION('',(1.,0.));
#13889 = ( GEOMETRIC_REPRESENTATION_CONTEXT(2)
PARAMETRIC_REPRESENTATION_CONTEXT() REPRESENTATION_CONTEXT('2D SPACE',''
  ) );
#13890 = ORIENTED_EDGE('',*,*,#13754,.F.);
#13891 = ADVANCED_FACE('',(#13892),#13632,.F.);
#13892 = FACE_BOUND('',#13893,.F.);
#13893 = EDGE_LOOP('',(#13894,#13895,#13896,#13897));
#13894 = ORIENTED_EDGE('',*,*,#13616,.F.);
#13895 = ORIENTED_EDGE('',*,*,#13801,.T.);
#13896 = ORIENTED_EDGE('',*,*,#13731,.T.);
#13897 = ORIENTED_EDGE('',*,*,#13848,.F.);
#13898 = ADVANCED_FACE('',(#13899),#13686,.T.);
#13899 = FACE_BOUND('',#13900,.T.);
#13900 = EDGE_LOOP('',(#13901,#13902,#13903,#13904));
#13901 = ORIENTED_EDGE('',*,*,#13672,.F.);
#13902 = ORIENTED_EDGE('',*,*,#13823,.T.);
#13903 = ORIENTED_EDGE('',*,*,#13777,.T.);
#13904 = ORIENTED_EDGE('',*,*,#13870,.F.);
#13905 = ( GEOMETRIC_REPRESENTATION_CONTEXT(3)
GLOBAL_UNCERTAINTY_ASSIGNED_CONTEXT((#13909))
GLOBAL_UNIT_ASSIGNED_CONTEXT((#13906,#13907,#13908))
REPRESENTATION_CONTEXT('Context #1',
  '3D Context with UNIT and UNCERTAINTY') );
#13906 = ( LENGTH_UNIT() NAMED_UNIT(*) SI_UNIT(.MILLI.,.METRE.) );
#13907 = ( NAMED_UNIT(*) PLANE_ANGLE_UNIT() SI_UNIT($,.RADIAN.) );
#13908 = ( NAMED_UNIT(*) SI_UNIT($,.STERADIAN.) SOLID_ANGLE_UNIT() );
#13909 = UNCERTAINTY_MEASURE_WITH_UNIT(LENGTH_MEASURE(1.E-07),#13906,
  'distance_accuracy_value','confusion accuracy');
#13910 = CONTEXT_DEPENDENT_SHAPE_REPRESENTATION(#13911,#13913);
#13911 = ( REPRESENTATION_RELATIONSHIP('','',#13574,#10)
REPRESENTATION_RELATIONSHIP_WITH_TRANSFORMATION(#13912)
SHAPE_REPRESENTATION_RELATIONSHIP() );
#13912 = ITEM_DEFINED_TRANSFORMATION('','',#11,#115);
#13913 = PRODUCT_DEFINITION_SHAPE('Placement','Placement of an item',
  #13914);
#13914 = NEXT_ASSEMBLY_USAGE_OCCURRENCE('26','','',#5,#13569,$);
#13915 = PRODUCT_RELATED_PRODUCT_CATEGORY('part',$,(#13571));
#13916 = SHAPE_DEFINITION_REPRESENTATION(#13917,#13923);
#13917 = PRODUCT_DEFINITION_SHAPE('','',#13918);
#13918 = PRODUCT_DEFINITION('design','',#13919,#13922);
#13919 = PRODUCT_DEFINITION_FORMATION('','',#13920);
#13920 = PRODUCT('Open CASCADE STEP translator 7.8 20.27',
  'Open CASCADE STEP translator 7.8 20.27','',(#13921));
#13921 = PRODUCT_CONTEXT('',#2,'mechanical');
#13922 = PRODUCT_DEFINITION_CONTEXT('part definition',#2,'design');
#13923 = ADVANCED_BREP_SHAPE_REPRESENTATION('',(#11,#13924),#14254);
#13924 = MANIFOLD_SOLID_BREP('',#13925);
#13925 = CLOSED_SHELL('',(#13926,#14046,#14146,#14193,#14240,#14247));
#13926 = ADVANCED_FACE('',(#13927),#13941,.F.);
#13927 = FACE_BOUND('',#13928,.F.);
#13928 = EDGE_LOOP('',(#13929,#13964,#13992,#14020));
#13929 = ORIENTED_EDGE('',*,*,#13930,.F.);
#13930 = EDGE_CURVE('',#13931,#13933,#13935,.T.);
#13931 = VERTEX_POINT('',#13932);
#13932 = CARTESIAN_POINT('',(-180.,-17.5,110.));
#13933 = VERTEX_POINT('',#13934);
#13934 = CARTESIAN_POINT('',(-180.,-17.5,120.));
#13935 = SURFACE_CURVE('',#13936,(#13940,#13952),.PCURVE_S1.);
#13936 = LINE('',#13937,#13938);
#13937 = CARTESIAN_POINT('',(-180.,-17.5,110.));
#13938 = VECTOR('',#13939,1.);
#13939 = DIRECTION('',(0.,0.,1.));
#13940 = PCURVE('',#13941,#13946);
#13941 = PLANE('',#13942);
#13942 = AXIS2_PLACEMENT_3D('',#13943,#13944,#13945);
#13943 = CARTESIAN_POINT('',(-180.,-17.5,110.));
#13944 = DIRECTION('',(1.,0.,0.));
#13945 = DIRECTION('',(0.,0.,1.));
#13946 = DEFINITIONAL_REPRESENTATION('',(#13947),#13951);
#13947 = LINE('',#13948,#13949);
#13948 = CARTESIAN_POINT('',(0.,0.));
#13949 = VECTOR('',#13950,1.);
#13950 = DIRECTION('',(1.,0.));
#13951 = ( GEOMETRIC_REPRESENTATION_CONTEXT(2)
PARAMETRIC_REPRESENTATION_CONTEXT() REPRESENTATION_CONTEXT('2D SPACE',''
  ) );
#13952 = PCURVE('',#13953,#13958);
#13953 = PLANE('',#13954);
#13954 = AXIS2_PLACEMENT_3D('',#13955,#13956,#13957);
#13955 = CARTESIAN_POINT('',(-180.,-17.5,110.));
#13956 = DIRECTION('',(0.,1.,0.));
#13957 = DIRECTION('',(0.,0.,1.));
#13958 = DEFINITIONAL_REPRESENTATION('',(#13959),#13963);
#13959 = LINE('',#13960,#13961);
#13960 = CARTESIAN_POINT('',(0.,0.));
#13961 = VECTOR('',#13962,1.);
#13962 = DIRECTION('',(1.,0.));
#13963 = ( GEOMETRIC_REPRESENTATION_CONTEXT(2)
PARAMETRIC_REPRESENTATION_CONTEXT() REPRESENTATION_CONTEXT('2D SPACE',''
  ) );
#13964 = ORIENTED_EDGE('',*,*,#13965,.T.);
#13965 = EDGE_CURVE('',#13931,#13966,#13968,.T.);
#13966 = VERTEX_POINT('',#13967);
#13967 = CARTESIAN_POINT('',(-180.,-2.5,110.));
#13968 = SURFACE_CURVE('',#13969,(#13973,#13980),.PCURVE_S1.);
#13969 = LINE('',#13970,#13971);
#13970 = CARTESIAN_POINT('',(-180.,-17.5,110.));
#13971 = VECTOR('',#13972,1.);
#13972 = DIRECTION('',(0.,1.,0.));
#13973 = PCURVE('',#13941,#13974);
#13974 = DEFINITIONAL_REPRESENTATION('',(#13975),#13979);
#13975 = LINE('',#13976,#13977);
#13976 = CARTESIAN_POINT('',(0.,0.));
#13977 = VECTOR('',#13978,1.);
#13978 = DIRECTION('',(0.,-1.));
#13979 = ( GEOMETRIC_REPRESENTATION_CONTEXT(2)
PARAMETRIC_REPRESENTATION_CONTEXT() REPRESENTATION_CONTEXT('2D SPACE',''
  ) );
#13980 = PCURVE('',#13981,#13986);
#13981 = PLANE('',#13982);
#13982 = AXIS2_PLACEMENT_3D('',#13983,#13984,#13985);
#13983 = CARTESIAN_POINT('',(-180.,-17.5,110.));
#13984 = DIRECTION('',(0.,0.,1.));
#13985 = DIRECTION('',(1.,0.,0.));
#13986 = DEFINITIONAL_REPRESENTATION('',(#13987),#13991);
#13987 = LINE('',#13988,#13989);
#13988 = CARTESIAN_POINT('',(0.,0.));
#13989 = VECTOR('',#13990,1.);
#13990 = DIRECTION('',(0.,1.));
#13991 = ( GEOMETRIC_REPRESENTATION_CONTEXT(2)
PARAMETRIC_REPRESENTATION_CONTEXT() REPRESENTATION_CONTEXT('2D SPACE',''
  ) );
#13992 = ORIENTED_EDGE('',*,*,#13993,.T.);
#13993 = EDGE_CURVE('',#13966,#13994,#13996,.T.);
#13994 = VERTEX_POINT('',#13995);
#13995 = CARTESIAN_POINT('',(-180.,-2.5,120.));
#13996 = SURFACE_CURVE('',#13997,(#14001,#14008),.PCURVE_S1.);
#13997 = LINE('',#13998,#13999);
#13998 = CARTESIAN_POINT('',(-180.,-2.5,110.));
#13999 = VECTOR('',#14000,1.);
#14000 = DIRECTION('',(0.,0.,1.));
#14001 = PCURVE('',#13941,#14002);
#14002 = DEFINITIONAL_REPRESENTATION('',(#14003),#14007);
#14003 = LINE('',#14004,#14005);
#14004 = CARTESIAN_POINT('',(0.,-15.));
#14005 = VECTOR('',#14006,1.);
#14006 = DIRECTION('',(1.,0.));
#14007 = ( GEOMETRIC_REPRESENTATION_CONTEXT(2)
PARAMETRIC_REPRESENTATION_CONTEXT() REPRESENTATION_CONTEXT('2D SPACE',''
  ) );
#14008 = PCURVE('',#14009,#14014);
#14009 = PLANE('',#14010);
#14010 = AXIS2_PLACEMENT_3D('',#14011,#14012,#14013);
#14011 = CARTESIAN_POINT('',(-180.,-2.5,110.));
#14012 = DIRECTION('',(0.,1.,0.));
#14013 = DIRECTION('',(0.,0.,1.));
#14014 = DEFINITIONAL_REPRESENTATION('',(#14015),#14019);
#14015 = LINE('',#14016,#14017);
#14016 = CARTESIAN_POINT('',(0.,0.));
#14017 = VECTOR('',#14018,1.);
#14018 = DIRECTION('',(1.,0.));
#14019 = ( GEOMETRIC_REPRESENTATION_CONTEXT(2)
PARAMETRIC_REPRESENTATION_CONTEXT() REPRESENTATION_CONTEXT('2D SPACE',''
  ) );
#14020 = ORIENTED_EDGE('',*,*,#14021,.F.);
#14021 = EDGE_CURVE('',#13933,#13994,#14022,.T.);
#14022 = SURFACE_CURVE('',#14023,(#14027,#14034),.PCURVE_S1.);
#14023 = LINE('',#14024,#14025);
#14024 = CARTESIAN_POINT('',(-180.,-17.5,120.));
#14025 = VECTOR('',#14026,1.);
#14026 = DIRECTION('',(0.,1.,0.));
#14027 = PCURVE('',#13941,#14028);
#14028 = DEFINITIONAL_REPRESENTATION('',(#14029),#14033);
#14029 = LINE('',#14030,#14031);
#14030 = CARTESIAN_POINT('',(10.,0.));
#14031 = VECTOR('',#14032,1.);
#14032 = DIRECTION('',(0.,-1.));
#14033 = ( GEOMETRIC_REPRESENTATION_CONTEXT(2)
PARAMETRIC_REPRESENTATION_CONTEXT() REPRESENTATION_CONTEXT('2D SPACE',''
  ) );
#14034 = PCURVE('',#14035,#14040);
#14035 = PLANE('',#14036);
#14036 = AXIS2_PLACEMENT_3D('',#14037,#14038,#14039);
#14037 = CARTESIAN_POINT('',(-180.,-17.5,120.));
#14038 = DIRECTION('',(0.,0.,1.));
#14039 = DIRECTION('',(1.,0.,0.));
#14040 = DEFINITIONAL_REPRESENTATION('',(#14041),#14045);
#14041 = LINE('',#14042,#14043);
#14042 = CARTESIAN_POINT('',(0.,0.));
#14043 = VECTOR('',#14044,1.);
#14044 = DIRECTION('',(0.,1.));
#14045 = ( GEOMETRIC_REPRESENTATION_CONTEXT(2)
PARAMETRIC_REPRESENTATION_CONTEXT() REPRESENTATION_CONTEXT('2D SPACE',''
  ) );
#14046 = ADVANCED_FACE('',(#14047),#14061,.T.);
#14047 = FACE_BOUND('',#14048,.T.);
#14048 = EDGE_LOOP('',(#14049,#14079,#14102,#14125));
#14049 = ORIENTED_EDGE('',*,*,#14050,.F.);
#14050 = EDGE_CURVE('',#14051,#14053,#14055,.T.);
#14051 = VERTEX_POINT('',#14052);
#14052 = CARTESIAN_POINT('',(-160.,-17.5,110.));
#14053 = VERTEX_POINT('',#14054);
#14054 = CARTESIAN_POINT('',(-160.,-17.5,120.));
#14055 = SURFACE_CURVE('',#14056,(#14060,#14072),.PCURVE_S1.);
#14056 = LINE('',#14057,#14058);
#14057 = CARTESIAN_POINT('',(-160.,-17.5,110.));
#14058 = VECTOR('',#14059,1.);
#14059 = DIRECTION('',(0.,0.,1.));
#14060 = PCURVE('',#14061,#14066);
#14061 = PLANE('',#14062);
#14062 = AXIS2_PLACEMENT_3D('',#14063,#14064,#14065);
#14063 = CARTESIAN_POINT('',(-160.,-17.5,110.));
#14064 = DIRECTION('',(1.,0.,0.));
#14065 = DIRECTION('',(0.,0.,1.));
#14066 = DEFINITIONAL_REPRESENTATION('',(#14067),#14071);
#14067 = LINE('',#14068,#14069);
#14068 = CARTESIAN_POINT('',(0.,0.));
#14069 = VECTOR('',#14070,1.);
#14070 = DIRECTION('',(1.,0.));
#14071 = ( GEOMETRIC_REPRESENTATION_CONTEXT(2)
PARAMETRIC_REPRESENTATION_CONTEXT() REPRESENTATION_CONTEXT('2D SPACE',''
  ) );
#14072 = PCURVE('',#13953,#14073);
#14073 = DEFINITIONAL_REPRESENTATION('',(#14074),#14078);
#14074 = LINE('',#14075,#14076);
#14075 = CARTESIAN_POINT('',(0.,20.));
#14076 = VECTOR('',#14077,1.);
#14077 = DIRECTION('',(1.,0.));
#14078 = ( GEOMETRIC_REPRESENTATION_CONTEXT(2)
PARAMETRIC_REPRESENTATION_CONTEXT() REPRESENTATION_CONTEXT('2D SPACE',''
  ) );
#14079 = ORIENTED_EDGE('',*,*,#14080,.T.);
#14080 = EDGE_CURVE('',#14051,#14081,#14083,.T.);
#14081 = VERTEX_POINT('',#14082);
#14082 = CARTESIAN_POINT('',(-160.,-2.5,110.));
#14083 = SURFACE_CURVE('',#14084,(#14088,#14095),.PCURVE_S1.);
#14084 = LINE('',#14085,#14086);
#14085 = CARTESIAN_POINT('',(-160.,-17.5,110.));
#14086 = VECTOR('',#14087,1.);
#14087 = DIRECTION('',(0.,1.,0.));
#14088 = PCURVE('',#14061,#14089);
#14089 = DEFINITIONAL_REPRESENTATION('',(#14090),#14094);
#14090 = LINE('',#14091,#14092);
#14091 = CARTESIAN_POINT('',(0.,0.));
#14092 = VECTOR('',#14093,1.);
#14093 = DIRECTION('',(0.,-1.));
#14094 = ( GEOMETRIC_REPRESENTATION_CONTEXT(2)
PARAMETRIC_REPRESENTATION_CONTEXT() REPRESENTATION_CONTEXT('2D SPACE',''
  ) );
#14095 = PCURVE('',#13981,#14096);
#14096 = DEFINITIONAL_REPRESENTATION('',(#14097),#14101);
#14097 = LINE('',#14098,#14099);
#14098 = CARTESIAN_POINT('',(20.,0.));
#14099 = VECTOR('',#14100,1.);
#14100 = DIRECTION('',(0.,1.));
#14101 = ( GEOMETRIC_REPRESENTATION_CONTEXT(2)
PARAMETRIC_REPRESENTATION_CONTEXT() REPRESENTATION_CONTEXT('2D SPACE',''
  ) );
#14102 = ORIENTED_EDGE('',*,*,#14103,.T.);
#14103 = EDGE_CURVE('',#14081,#14104,#14106,.T.);
#14104 = VERTEX_POINT('',#14105);
#14105 = CARTESIAN_POINT('',(-160.,-2.5,120.));
#14106 = SURFACE_CURVE('',#14107,(#14111,#14118),.PCURVE_S1.);
#14107 = LINE('',#14108,#14109);
#14108 = CARTESIAN_POINT('',(-160.,-2.5,110.));
#14109 = VECTOR('',#14110,1.);
#14110 = DIRECTION('',(0.,0.,1.));
#14111 = PCURVE('',#14061,#14112);
#14112 = DEFINITIONAL_REPRESENTATION('',(#14113),#14117);
#14113 = LINE('',#14114,#14115);
#14114 = CARTESIAN_POINT('',(0.,-15.));
#14115 = VECTOR('',#14116,1.);
#14116 = DIRECTION('',(1.,0.));
#14117 = ( GEOMETRIC_REPRESENTATION_CONTEXT(2)
PARAMETRIC_REPRESENTATION_CONTEXT() REPRESENTATION_CONTEXT('2D SPACE',''
  ) );
#14118 = PCURVE('',#14009,#14119);
#14119 = DEFINITIONAL_REPRESENTATION('',(#14120),#14124);
#14120 = LINE('',#14121,#14122);
#14121 = CARTESIAN_POINT('',(0.,20.));
#14122 = VECTOR('',#14123,1.);
#14123 = DIRECTION('',(1.,0.));
#14124 = ( GEOMETRIC_REPRESENTATION_CONTEXT(2)
PARAMETRIC_REPRESENTATION_CONTEXT() REPRESENTATION_CONTEXT('2D SPACE',''
  ) );
#14125 = ORIENTED_EDGE('',*,*,#14126,.F.);
#14126 = EDGE_CURVE('',#14053,#14104,#14127,.T.);
#14127 = SURFACE_CURVE('',#14128,(#14132,#14139),.PCURVE_S1.);
#14128 = LINE('',#14129,#14130);
#14129 = CARTESIAN_POINT('',(-160.,-17.5,120.));
#14130 = VECTOR('',#14131,1.);
#14131 = DIRECTION('',(0.,1.,0.));
#14132 = PCURVE('',#14061,#14133);
#14133 = DEFINITIONAL_REPRESENTATION('',(#14134),#14138);
#14134 = LINE('',#14135,#14136);
#14135 = CARTESIAN_POINT('',(10.,0.));
#14136 = VECTOR('',#14137,1.);
#14137 = DIRECTION('',(0.,-1.));
#14138 = ( GEOMETRIC_REPRESENTATION_CONTEXT(2)
PARAMETRIC_REPRESENTATION_CONTEXT() REPRESENTATION_CONTEXT('2D SPACE',''
  ) );
#14139 = PCURVE('',#14035,#14140);
#14140 = DEFINITIONAL_REPRESENTATION('',(#14141),#14145);
#14141 = LINE('',#14142,#14143);
#14142 = CARTESIAN_POINT('',(20.,0.));
#14143 = VECTOR('',#14144,1.);
#14144 = DIRECTION('',(0.,1.));
#14145 = ( GEOMETRIC_REPRESENTATION_CONTEXT(2)
PARAMETRIC_REPRESENTATION_CONTEXT() REPRESENTATION_CONTEXT('2D SPACE',''
  ) );
#14146 = ADVANCED_FACE('',(#14147),#13953,.F.);
#14147 = FACE_BOUND('',#14148,.F.);
#14148 = EDGE_LOOP('',(#14149,#14170,#14171,#14192));
#14149 = ORIENTED_EDGE('',*,*,#14150,.F.);
#14150 = EDGE_CURVE('',#13931,#14051,#14151,.T.);
#14151 = SURFACE_CURVE('',#14152,(#14156,#14163),.PCURVE_S1.);
#14152 = LINE('',#14153,#14154);
#14153 = CARTESIAN_POINT('',(-180.,-17.5,110.));
#14154 = VECTOR('',#14155,1.);
#14155 = DIRECTION('',(1.,0.,0.));
#14156 = PCURVE('',#13953,#14157);
#14157 = DEFINITIONAL_REPRESENTATION('',(#14158),#14162);
#14158 = LINE('',#14159,#14160);
#14159 = CARTESIAN_POINT('',(0.,0.));
#14160 = VECTOR('',#14161,1.);
#14161 = DIRECTION('',(0.,1.));
#14162 = ( GEOMETRIC_REPRESENTATION_CONTEXT(2)
PARAMETRIC_REPRESENTATION_CONTEXT() REPRESENTATION_CONTEXT('2D SPACE',''
  ) );
#14163 = PCURVE('',#13981,#14164);
#14164 = DEFINITIONAL_REPRESENTATION('',(#14165),#14169);
#14165 = LINE('',#14166,#14167);
#14166 = CARTESIAN_POINT('',(0.,0.));
#14167 = VECTOR('',#14168,1.);
#14168 = DIRECTION('',(1.,0.));
#14169 = ( GEOMETRIC_REPRESENTATION_CONTEXT(2)
PARAMETRIC_REPRESENTATION_CONTEXT() REPRESENTATION_CONTEXT('2D SPACE',''
  ) );
#14170 = ORIENTED_EDGE('',*,*,#13930,.T.);
#14171 = ORIENTED_EDGE('',*,*,#14172,.T.);
#14172 = EDGE_CURVE('',#13933,#14053,#14173,.T.);
#14173 = SURFACE_CURVE('',#14174,(#14178,#14185),.PCURVE_S1.);
#14174 = LINE('',#14175,#14176);
#14175 = CARTESIAN_POINT('',(-180.,-17.5,120.));
#14176 = VECTOR('',#14177,1.);
#14177 = DIRECTION('',(1.,0.,0.));
#14178 = PCURVE('',#13953,#14179);
#14179 = DEFINITIONAL_REPRESENTATION('',(#14180),#14184);
#14180 = LINE('',#14181,#14182);
#14181 = CARTESIAN_POINT('',(10.,0.));
#14182 = VECTOR('',#14183,1.);
#14183 = DIRECTION('',(0.,1.));
#14184 = ( GEOMETRIC_REPRESENTATION_CONTEXT(2)
PARAMETRIC_REPRESENTATION_CONTEXT() REPRESENTATION_CONTEXT('2D SPACE',''
  ) );
#14185 = PCURVE('',#14035,#14186);
#14186 = DEFINITIONAL_REPRESENTATION('',(#14187),#14191);
#14187 = LINE('',#14188,#14189);
#14188 = CARTESIAN_POINT('',(0.,0.));
#14189 = VECTOR('',#14190,1.);
#14190 = DIRECTION('',(1.,0.));
#14191 = ( GEOMETRIC_REPRESENTATION_CONTEXT(2)
PARAMETRIC_REPRESENTATION_CONTEXT() REPRESENTATION_CONTEXT('2D SPACE',''
  ) );
#14192 = ORIENTED_EDGE('',*,*,#14050,.F.);
#14193 = ADVANCED_FACE('',(#14194),#14009,.T.);
#14194 = FACE_BOUND('',#14195,.T.);
#14195 = EDGE_LOOP('',(#14196,#14217,#14218,#14239));
#14196 = ORIENTED_EDGE('',*,*,#14197,.F.);
#14197 = EDGE_CURVE('',#13966,#14081,#14198,.T.);
#14198 = SURFACE_CURVE('',#14199,(#14203,#14210),.PCURVE_S1.);
#14199 = LINE('',#14200,#14201);
#14200 = CARTESIAN_POINT('',(-180.,-2.5,110.));
#14201 = VECTOR('',#14202,1.);
#14202 = DIRECTION('',(1.,0.,0.));
#14203 = PCURVE('',#14009,#14204);
#14204 = DEFINITIONAL_REPRESENTATION('',(#14205),#14209);
#14205 = LINE('',#14206,#14207);
#14206 = CARTESIAN_POINT('',(0.,0.));
#14207 = VECTOR('',#14208,1.);
#14208 = DIRECTION('',(0.,1.));
#14209 = ( GEOMETRIC_REPRESENTATION_CONTEXT(2)
PARAMETRIC_REPRESENTATION_CONTEXT() REPRESENTATION_CONTEXT('2D SPACE',''
  ) );
#14210 = PCURVE('',#13981,#14211);
#14211 = DEFINITIONAL_REPRESENTATION('',(#14212),#14216);
#14212 = LINE('',#14213,#14214);
#14213 = CARTESIAN_POINT('',(0.,15.));
#14214 = VECTOR('',#14215,1.);
#14215 = DIRECTION('',(1.,0.));
#14216 = ( GEOMETRIC_REPRESENTATION_CONTEXT(2)
PARAMETRIC_REPRESENTATION_CONTEXT() REPRESENTATION_CONTEXT('2D SPACE',''
  ) );
#14217 = ORIENTED_EDGE('',*,*,#13993,.T.);
#14218 = ORIENTED_EDGE('',*,*,#14219,.T.);
#14219 = EDGE_CURVE('',#13994,#14104,#14220,.T.);
#14220 = SURFACE_CURVE('',#14221,(#14225,#14232),.PCURVE_S1.);
#14221 = LINE('',#14222,#14223);
#14222 = CARTESIAN_POINT('',(-180.,-2.5,120.));
#14223 = VECTOR('',#14224,1.);
#14224 = DIRECTION('',(1.,0.,0.));
#14225 = PCURVE('',#14009,#14226);
#14226 = DEFINITIONAL_REPRESENTATION('',(#14227),#14231);
#14227 = LINE('',#14228,#14229);
#14228 = CARTESIAN_POINT('',(10.,0.));
#14229 = VECTOR('',#14230,1.);
#14230 = DIRECTION('',(0.,1.));
#14231 = ( GEOMETRIC_REPRESENTATION_CONTEXT(2)
PARAMETRIC_REPRESENTATION_CONTEXT() REPRESENTATION_CONTEXT('2D SPACE',''
  ) );
#14232 = PCURVE('',#14035,#14233);
#14233 = DEFINITIONAL_REPRESENTATION('',(#14234),#14238);
#14234 = LINE('',#14235,#14236);
#14235 = CARTESIAN_POINT('',(0.,15.));
#14236 = VECTOR('',#14237,1.);
#14237 = DIRECTION('',(1.,0.));
#14238 = ( GEOMETRIC_REPRESENTATION_CONTEXT(2)
PARAMETRIC_REPRESENTATION_CONTEXT() REPRESENTATION_CONTEXT('2D SPACE',''
  ) );
#14239 = ORIENTED_EDGE('',*,*,#14103,.F.);
#14240 = ADVANCED_FACE('',(#14241),#13981,.F.);
#14241 = FACE_BOUND('',#14242,.F.);
#14242 = EDGE_LOOP('',(#14243,#14244,#14245,#14246));
#14243 = ORIENTED_EDGE('',*,*,#13965,.F.);
#14244 = ORIENTED_EDGE('',*,*,#14150,.T.);
#14245 = ORIENTED_EDGE('',*,*,#14080,.T.);
#14246 = ORIENTED_EDGE('',*,*,#14197,.F.);
#14247 = ADVANCED_FACE('',(#14248),#14035,.T.);
#14248 = FACE_BOUND('',#14249,.T.);
#14249 = EDGE_LOOP('',(#14250,#14251,#14252,#14253));
#14250 = ORIENTED_EDGE('',*,*,#14021,.F.);
#14251 = ORIENTED_EDGE('',*,*,#14172,.T.);
#14252 = ORIENTED_EDGE('',*,*,#14126,.T.);
#14253 = ORIENTED_EDGE('',*,*,#14219,.F.);
#14254 = ( GEOMETRIC_REPRESENTATION_CONTEXT(3)
GLOBAL_UNCERTAINTY_ASSIGNED_CONTEXT((#14258))
GLOBAL_UNIT_ASSIGNED_CONTEXT((#14255,#14256,#14257))
REPRESENTATION_CONTEXT('Context #1',
  '3D Context with UNIT and UNCERTAINTY') );
#14255 = ( LENGTH_UNIT() NAMED_UNIT(*) SI_UNIT(.MILLI.,.METRE.) );
#14256 = ( NAMED_UNIT(*) PLANE_ANGLE_UNIT() SI_UNIT($,.RADIAN.) );
#14257 = ( NAMED_UNIT(*) SI_UNIT($,.STERADIAN.) SOLID_ANGLE_UNIT() );
#14258 = UNCERTAINTY_MEASURE_WITH_UNIT(LENGTH_MEASURE(1.E-07),#14255,
  'distance_accuracy_value','confusion accuracy');
#14259 = CONTEXT_DEPENDENT_SHAPE_REPRESENTATION(#14260,#14262);
#14260 = ( REPRESENTATION_RELATIONSHIP('','',#13923,#10)
REPRESENTATION_RELATIONSHIP_WITH_TRANSFORMATION(#14261)
SHAPE_REPRESENTATION_RELATIONSHIP() );
#14261 = ITEM_DEFINED_TRANSFORMATION('','',#11,#119);
#14262 = PRODUCT_DEFINITION_SHAPE('Placement','Placement of an item',
  #14263);
#14263 = NEXT_ASSEMBLY_USAGE_OCCURRENCE('27','','',#5,#13918,$);
#14264 = PRODUCT_RELATED_PRODUCT_CATEGORY('part',$,(#13920));
#14265 = SHAPE_DEFINITION_REPRESENTATION(#14266,#14272);
#14266 = PRODUCT_DEFINITION_SHAPE('','',#14267);
#14267 = PRODUCT_DEFINITION('design','',#14268,#14271);
#14268 = PRODUCT_DEFINITION_FORMATION('','',#14269);
#14269 = PRODUCT('Open CASCADE STEP translator 7.8 20.28',
  'Open CASCADE STEP translator 7.8 20.28','',(#14270));
#14270 = PRODUCT_CONTEXT('',#2,'mechanical');
#14271 = PRODUCT_DEFINITION_CONTEXT('part definition',#2,'design');
#14272 = ADVANCED_BREP_SHAPE_REPRESENTATION('',(#11,#14273),#14603);
#14273 = MANIFOLD_SOLID_BREP('',#14274);
#14274 = CLOSED_SHELL('',(#14275,#14395,#14495,#14542,#14589,#14596));
#14275 = ADVANCED_FACE('',(#14276),#14290,.F.);
#14276 = FACE_BOUND('',#14277,.F.);
#14277 = EDGE_LOOP('',(#14278,#14313,#14341,#14369));
#14278 = ORIENTED_EDGE('',*,*,#14279,.F.);
#14279 = EDGE_CURVE('',#14280,#14282,#14284,.T.);
#14280 = VERTEX_POINT('',#14281);
#14281 = CARTESIAN_POINT('',(-167.,-20.,111.));
#14282 = VERTEX_POINT('',#14283);
#14283 = CARTESIAN_POINT('',(-167.,-20.,119.));
#14284 = SURFACE_CURVE('',#14285,(#14289,#14301),.PCURVE_S1.);
#14285 = LINE('',#14286,#14287);
#14286 = CARTESIAN_POINT('',(-167.,-20.,111.));
#14287 = VECTOR('',#14288,1.);
#14288 = DIRECTION('',(0.,0.,1.));
#14289 = PCURVE('',#14290,#14295);
#14290 = PLANE('',#14291);
#14291 = AXIS2_PLACEMENT_3D('',#14292,#14293,#14294);
#14292 = CARTESIAN_POINT('',(-167.,-20.,111.));
#14293 = DIRECTION('',(1.,0.,0.));
#14294 = DIRECTION('',(0.,0.,1.));
#14295 = DEFINITIONAL_REPRESENTATION('',(#14296),#14300);
#14296 = LINE('',#14297,#14298);
#14297 = CARTESIAN_POINT('',(0.,0.));
#14298 = VECTOR('',#14299,1.);
#14299 = DIRECTION('',(1.,0.));
#14300 = ( GEOMETRIC_REPRESENTATION_CONTEXT(2)
PARAMETRIC_REPRESENTATION_CONTEXT() REPRESENTATION_CONTEXT('2D SPACE',''
  ) );
#14301 = PCURVE('',#14302,#14307);
#14302 = PLANE('',#14303);
#14303 = AXIS2_PLACEMENT_3D('',#14304,#14305,#14306);
#14304 = CARTESIAN_POINT('',(-167.,-20.,111.));
#14305 = DIRECTION('',(0.,1.,0.));
#14306 = DIRECTION('',(0.,0.,1.));
#14307 = DEFINITIONAL_REPRESENTATION('',(#14308),#14312);
#14308 = LINE('',#14309,#14310);
#14309 = CARTESIAN_POINT('',(0.,0.));
#14310 = VECTOR('',#14311,1.);
#14311 = DIRECTION('',(1.,0.));
#14312 = ( GEOMETRIC_REPRESENTATION_CONTEXT(2)
PARAMETRIC_REPRESENTATION_CONTEXT() REPRESENTATION_CONTEXT('2D SPACE',''
  ) );
#14313 = ORIENTED_EDGE('',*,*,#14314,.T.);
#14314 = EDGE_CURVE('',#14280,#14315,#14317,.T.);
#14315 = VERTEX_POINT('',#14316);
#14316 = CARTESIAN_POINT('',(-167.,0.,111.));
#14317 = SURFACE_CURVE('',#14318,(#14322,#14329),.PCURVE_S1.);
#14318 = LINE('',#14319,#14320);
#14319 = CARTESIAN_POINT('',(-167.,-20.,111.));
#14320 = VECTOR('',#14321,1.);
#14321 = DIRECTION('',(0.,1.,0.));
#14322 = PCURVE('',#14290,#14323);
#14323 = DEFINITIONAL_REPRESENTATION('',(#14324),#14328);
#14324 = LINE('',#14325,#14326);
#14325 = CARTESIAN_POINT('',(0.,0.));
#14326 = VECTOR('',#14327,1.);
#14327 = DIRECTION('',(0.,-1.));
#14328 = ( GEOMETRIC_REPRESENTATION_CONTEXT(2)
PARAMETRIC_REPRESENTATION_CONTEXT() REPRESENTATION_CONTEXT('2D SPACE',''
  ) );
#14329 = PCURVE('',#14330,#14335);
#14330 = PLANE('',#14331);
#14331 = AXIS2_PLACEMENT_3D('',#14332,#14333,#14334);
#14332 = CARTESIAN_POINT('',(-167.,-20.,111.));
#14333 = DIRECTION('',(0.,0.,1.));
#14334 = DIRECTION('',(1.,0.,0.));
#14335 = DEFINITIONAL_REPRESENTATION('',(#14336),#14340);
#14336 = LINE('',#14337,#14338);
#14337 = CARTESIAN_POINT('',(0.,0.));
#14338 = VECTOR('',#14339,1.);
#14339 = DIRECTION('',(0.,1.));
#14340 = ( GEOMETRIC_REPRESENTATION_CONTEXT(2)
PARAMETRIC_REPRESENTATION_CONTEXT() REPRESENTATION_CONTEXT('2D SPACE',''
  ) );
#14341 = ORIENTED_EDGE('',*,*,#14342,.T.);
#14342 = EDGE_CURVE('',#14315,#14343,#14345,.T.);
#14343 = VERTEX_POINT('',#14344);
#14344 = CARTESIAN_POINT('',(-167.,0.,119.));
#14345 = SURFACE_CURVE('',#14346,(#14350,#14357),.PCURVE_S1.);
#14346 = LINE('',#14347,#14348);
#14347 = CARTESIAN_POINT('',(-167.,0.,111.));
#14348 = VECTOR('',#14349,1.);
#14349 = DIRECTION('',(0.,0.,1.));
#14350 = PCURVE('',#14290,#14351);
#14351 = DEFINITIONAL_REPRESENTATION('',(#14352),#14356);
#14352 = LINE('',#14353,#14354);
#14353 = CARTESIAN_POINT('',(0.,-20.));
#14354 = VECTOR('',#14355,1.);
#14355 = DIRECTION('',(1.,0.));
#14356 = ( GEOMETRIC_REPRESENTATION_CONTEXT(2)
PARAMETRIC_REPRESENTATION_CONTEXT() REPRESENTATION_CONTEXT('2D SPACE',''
  ) );
#14357 = PCURVE('',#14358,#14363);
#14358 = PLANE('',#14359);
#14359 = AXIS2_PLACEMENT_3D('',#14360,#14361,#14362);
#14360 = CARTESIAN_POINT('',(-167.,0.,111.));
#14361 = DIRECTION('',(0.,1.,0.));
#14362 = DIRECTION('',(0.,0.,1.));
#14363 = DEFINITIONAL_REPRESENTATION('',(#14364),#14368);
#14364 = LINE('',#14365,#14366);
#14365 = CARTESIAN_POINT('',(0.,0.));
#14366 = VECTOR('',#14367,1.);
#14367 = DIRECTION('',(1.,0.));
#14368 = ( GEOMETRIC_REPRESENTATION_CONTEXT(2)
PARAMETRIC_REPRESENTATION_CONTEXT() REPRESENTATION_CONTEXT('2D SPACE',''
  ) );
#14369 = ORIENTED_EDGE('',*,*,#14370,.F.);
#14370 = EDGE_CURVE('',#14282,#14343,#14371,.T.);
#14371 = SURFACE_CURVE('',#14372,(#14376,#14383),.PCURVE_S1.);
#14372 = LINE('',#14373,#14374);
#14373 = CARTESIAN_POINT('',(-167.,-20.,119.));
#14374 = VECTOR('',#14375,1.);
#14375 = DIRECTION('',(0.,1.,0.));
#14376 = PCURVE('',#14290,#14377);
#14377 = DEFINITIONAL_REPRESENTATION('',(#14378),#14382);
#14378 = LINE('',#14379,#14380);
#14379 = CARTESIAN_POINT('',(8.,0.));
#14380 = VECTOR('',#14381,1.);
#14381 = DIRECTION('',(0.,-1.));
#14382 = ( GEOMETRIC_REPRESENTATION_CONTEXT(2)
PARAMETRIC_REPRESENTATION_CONTEXT() REPRESENTATION_CONTEXT('2D SPACE',''
  ) );
#14383 = PCURVE('',#14384,#14389);
#14384 = PLANE('',#14385);
#14385 = AXIS2_PLACEMENT_3D('',#14386,#14387,#14388);
#14386 = CARTESIAN_POINT('',(-167.,-20.,119.));
#14387 = DIRECTION('',(0.,0.,1.));
#14388 = DIRECTION('',(1.,0.,0.));
#14389 = DEFINITIONAL_REPRESENTATION('',(#14390),#14394);
#14390 = LINE('',#14391,#14392);
#14391 = CARTESIAN_POINT('',(0.,0.));
#14392 = VECTOR('',#14393,1.);
#14393 = DIRECTION('',(0.,1.));
#14394 = ( GEOMETRIC_REPRESENTATION_CONTEXT(2)
PARAMETRIC_REPRESENTATION_CONTEXT() REPRESENTATION_CONTEXT('2D SPACE',''
  ) );
#14395 = ADVANCED_FACE('',(#14396),#14410,.T.);
#14396 = FACE_BOUND('',#14397,.T.);
#14397 = EDGE_LOOP('',(#14398,#14428,#14451,#14474));
#14398 = ORIENTED_EDGE('',*,*,#14399,.F.);
#14399 = EDGE_CURVE('',#14400,#14402,#14404,.T.);
#14400 = VERTEX_POINT('',#14401);
#14401 = CARTESIAN_POINT('',(-139.,-20.,111.));
#14402 = VERTEX_POINT('',#14403);
#14403 = CARTESIAN_POINT('',(-139.,-20.,119.));
#14404 = SURFACE_CURVE('',#14405,(#14409,#14421),.PCURVE_S1.);
#14405 = LINE('',#14406,#14407);
#14406 = CARTESIAN_POINT('',(-139.,-20.,111.));
#14407 = VECTOR('',#14408,1.);
#14408 = DIRECTION('',(0.,0.,1.));
#14409 = PCURVE('',#14410,#14415);
#14410 = PLANE('',#14411);
#14411 = AXIS2_PLACEMENT_3D('',#14412,#14413,#14414);
#14412 = CARTESIAN_POINT('',(-139.,-20.,111.));
#14413 = DIRECTION('',(1.,0.,0.));
#14414 = DIRECTION('',(0.,0.,1.));
#14415 = DEFINITIONAL_REPRESENTATION('',(#14416),#14420);
#14416 = LINE('',#14417,#14418);
#14417 = CARTESIAN_POINT('',(0.,0.));
#14418 = VECTOR('',#14419,1.);
#14419 = DIRECTION('',(1.,0.));
#14420 = ( GEOMETRIC_REPRESENTATION_CONTEXT(2)
PARAMETRIC_REPRESENTATION_CONTEXT() REPRESENTATION_CONTEXT('2D SPACE',''
  ) );
#14421 = PCURVE('',#14302,#14422);
#14422 = DEFINITIONAL_REPRESENTATION('',(#14423),#14427);
#14423 = LINE('',#14424,#14425);
#14424 = CARTESIAN_POINT('',(0.,28.));
#14425 = VECTOR('',#14426,1.);
#14426 = DIRECTION('',(1.,0.));
#14427 = ( GEOMETRIC_REPRESENTATION_CONTEXT(2)
PARAMETRIC_REPRESENTATION_CONTEXT() REPRESENTATION_CONTEXT('2D SPACE',''
  ) );
#14428 = ORIENTED_EDGE('',*,*,#14429,.T.);
#14429 = EDGE_CURVE('',#14400,#14430,#14432,.T.);
#14430 = VERTEX_POINT('',#14431);
#14431 = CARTESIAN_POINT('',(-139.,0.,111.));
#14432 = SURFACE_CURVE('',#14433,(#14437,#14444),.PCURVE_S1.);
#14433 = LINE('',#14434,#14435);
#14434 = CARTESIAN_POINT('',(-139.,-20.,111.));
#14435 = VECTOR('',#14436,1.);
#14436 = DIRECTION('',(0.,1.,0.));
#14437 = PCURVE('',#14410,#14438);
#14438 = DEFINITIONAL_REPRESENTATION('',(#14439),#14443);
#14439 = LINE('',#14440,#14441);
#14440 = CARTESIAN_POINT('',(0.,0.));
#14441 = VECTOR('',#14442,1.);
#14442 = DIRECTION('',(0.,-1.));
#14443 = ( GEOMETRIC_REPRESENTATION_CONTEXT(2)
PARAMETRIC_REPRESENTATION_CONTEXT() REPRESENTATION_CONTEXT('2D SPACE',''
  ) );
#14444 = PCURVE('',#14330,#14445);
#14445 = DEFINITIONAL_REPRESENTATION('',(#14446),#14450);
#14446 = LINE('',#14447,#14448);
#14447 = CARTESIAN_POINT('',(28.,0.));
#14448 = VECTOR('',#14449,1.);
#14449 = DIRECTION('',(0.,1.));
#14450 = ( GEOMETRIC_REPRESENTATION_CONTEXT(2)
PARAMETRIC_REPRESENTATION_CONTEXT() REPRESENTATION_CONTEXT('2D SPACE',''
  ) );
#14451 = ORIENTED_EDGE('',*,*,#14452,.T.);
#14452 = EDGE_CURVE('',#14430,#14453,#14455,.T.);
#14453 = VERTEX_POINT('',#14454);
#14454 = CARTESIAN_POINT('',(-139.,0.,119.));
#14455 = SURFACE_CURVE('',#14456,(#14460,#14467),.PCURVE_S1.);
#14456 = LINE('',#14457,#14458);
#14457 = CARTESIAN_POINT('',(-139.,0.,111.));
#14458 = VECTOR('',#14459,1.);
#14459 = DIRECTION('',(0.,0.,1.));
#14460 = PCURVE('',#14410,#14461);
#14461 = DEFINITIONAL_REPRESENTATION('',(#14462),#14466);
#14462 = LINE('',#14463,#14464);
#14463 = CARTESIAN_POINT('',(0.,-20.));
#14464 = VECTOR('',#14465,1.);
#14465 = DIRECTION('',(1.,0.));
#14466 = ( GEOMETRIC_REPRESENTATION_CONTEXT(2)
PARAMETRIC_REPRESENTATION_CONTEXT() REPRESENTATION_CONTEXT('2D SPACE',''
  ) );
#14467 = PCURVE('',#14358,#14468);
#14468 = DEFINITIONAL_REPRESENTATION('',(#14469),#14473);
#14469 = LINE('',#14470,#14471);
#14470 = CARTESIAN_POINT('',(0.,28.));
#14471 = VECTOR('',#14472,1.);
#14472 = DIRECTION('',(1.,0.));
#14473 = ( GEOMETRIC_REPRESENTATION_CONTEXT(2)
PARAMETRIC_REPRESENTATION_CONTEXT() REPRESENTATION_CONTEXT('2D SPACE',''
  ) );
#14474 = ORIENTED_EDGE('',*,*,#14475,.F.);
#14475 = EDGE_CURVE('',#14402,#14453,#14476,.T.);
#14476 = SURFACE_CURVE('',#14477,(#14481,#14488),.PCURVE_S1.);
#14477 = LINE('',#14478,#14479);
#14478 = CARTESIAN_POINT('',(-139.,-20.,119.));
#14479 = VECTOR('',#14480,1.);
#14480 = DIRECTION('',(0.,1.,0.));
#14481 = PCURVE('',#14410,#14482);
#14482 = DEFINITIONAL_REPRESENTATION('',(#14483),#14487);
#14483 = LINE('',#14484,#14485);
#14484 = CARTESIAN_POINT('',(8.,0.));
#14485 = VECTOR('',#14486,1.);
#14486 = DIRECTION('',(0.,-1.));
#14487 = ( GEOMETRIC_REPRESENTATION_CONTEXT(2)
PARAMETRIC_REPRESENTATION_CONTEXT() REPRESENTATION_CONTEXT('2D SPACE',''
  ) );
#14488 = PCURVE('',#14384,#14489);
#14489 = DEFINITIONAL_REPRESENTATION('',(#14490),#14494);
#14490 = LINE('',#14491,#14492);
#14491 = CARTESIAN_POINT('',(28.,0.));
#14492 = VECTOR('',#14493,1.);
#14493 = DIRECTION('',(0.,1.));
#14494 = ( GEOMETRIC_REPRESENTATION_CONTEXT(2)
PARAMETRIC_REPRESENTATION_CONTEXT() REPRESENTATION_CONTEXT('2D SPACE',''
  ) );
#14495 = ADVANCED_FACE('',(#14496),#14302,.F.);
#14496 = FACE_BOUND('',#14497,.F.);
#14497 = EDGE_LOOP('',(#14498,#14519,#14520,#14541));
#14498 = ORIENTED_EDGE('',*,*,#14499,.F.);
#14499 = EDGE_CURVE('',#14280,#14400,#14500,.T.);
#14500 = SURFACE_CURVE('',#14501,(#14505,#14512),.PCURVE_S1.);
#14501 = LINE('',#14502,#14503);
#14502 = CARTESIAN_POINT('',(-167.,-20.,111.));
#14503 = VECTOR('',#14504,1.);
#14504 = DIRECTION('',(1.,0.,0.));
#14505 = PCURVE('',#14302,#14506);
#14506 = DEFINITIONAL_REPRESENTATION('',(#14507),#14511);
#14507 = LINE('',#14508,#14509);
#14508 = CARTESIAN_POINT('',(0.,0.));
#14509 = VECTOR('',#14510,1.);
#14510 = DIRECTION('',(0.,1.));
#14511 = ( GEOMETRIC_REPRESENTATION_CONTEXT(2)
PARAMETRIC_REPRESENTATION_CONTEXT() REPRESENTATION_CONTEXT('2D SPACE',''
  ) );
#14512 = PCURVE('',#14330,#14513);
#14513 = DEFINITIONAL_REPRESENTATION('',(#14514),#14518);
#14514 = LINE('',#14515,#14516);
#14515 = CARTESIAN_POINT('',(0.,0.));
#14516 = VECTOR('',#14517,1.);
#14517 = DIRECTION('',(1.,0.));
#14518 = ( GEOMETRIC_REPRESENTATION_CONTEXT(2)
PARAMETRIC_REPRESENTATION_CONTEXT() REPRESENTATION_CONTEXT('2D SPACE',''
  ) );
#14519 = ORIENTED_EDGE('',*,*,#14279,.T.);
#14520 = ORIENTED_EDGE('',*,*,#14521,.T.);
#14521 = EDGE_CURVE('',#14282,#14402,#14522,.T.);
#14522 = SURFACE_CURVE('',#14523,(#14527,#14534),.PCURVE_S1.);
#14523 = LINE('',#14524,#14525);
#14524 = CARTESIAN_POINT('',(-167.,-20.,119.));
#14525 = VECTOR('',#14526,1.);
#14526 = DIRECTION('',(1.,0.,0.));
#14527 = PCURVE('',#14302,#14528);
#14528 = DEFINITIONAL_REPRESENTATION('',(#14529),#14533);
#14529 = LINE('',#14530,#14531);
#14530 = CARTESIAN_POINT('',(8.,0.));
#14531 = VECTOR('',#14532,1.);
#14532 = DIRECTION('',(0.,1.));
#14533 = ( GEOMETRIC_REPRESENTATION_CONTEXT(2)
PARAMETRIC_REPRESENTATION_CONTEXT() REPRESENTATION_CONTEXT('2D SPACE',''
  ) );
#14534 = PCURVE('',#14384,#14535);
#14535 = DEFINITIONAL_REPRESENTATION('',(#14536),#14540);
#14536 = LINE('',#14537,#14538);
#14537 = CARTESIAN_POINT('',(0.,0.));
#14538 = VECTOR('',#14539,1.);
#14539 = DIRECTION('',(1.,0.));
#14540 = ( GEOMETRIC_REPRESENTATION_CONTEXT(2)
PARAMETRIC_REPRESENTATION_CONTEXT() REPRESENTATION_CONTEXT('2D SPACE',''
  ) );
#14541 = ORIENTED_EDGE('',*,*,#14399,.F.);
#14542 = ADVANCED_FACE('',(#14543),#14358,.T.);
#14543 = FACE_BOUND('',#14544,.T.);
#14544 = EDGE_LOOP('',(#14545,#14566,#14567,#14588));
#14545 = ORIENTED_EDGE('',*,*,#14546,.F.);
#14546 = EDGE_CURVE('',#14315,#14430,#14547,.T.);
#14547 = SURFACE_CURVE('',#14548,(#14552,#14559),.PCURVE_S1.);
#14548 = LINE('',#14549,#14550);
#14549 = CARTESIAN_POINT('',(-167.,0.,111.));
#14550 = VECTOR('',#14551,1.);
#14551 = DIRECTION('',(1.,0.,0.));
#14552 = PCURVE('',#14358,#14553);
#14553 = DEFINITIONAL_REPRESENTATION('',(#14554),#14558);
#14554 = LINE('',#14555,#14556);
#14555 = CARTESIAN_POINT('',(0.,0.));
#14556 = VECTOR('',#14557,1.);
#14557 = DIRECTION('',(0.,1.));
#14558 = ( GEOMETRIC_REPRESENTATION_CONTEXT(2)
PARAMETRIC_REPRESENTATION_CONTEXT() REPRESENTATION_CONTEXT('2D SPACE',''
  ) );
#14559 = PCURVE('',#14330,#14560);
#14560 = DEFINITIONAL_REPRESENTATION('',(#14561),#14565);
#14561 = LINE('',#14562,#14563);
#14562 = CARTESIAN_POINT('',(0.,20.));
#14563 = VECTOR('',#14564,1.);
#14564 = DIRECTION('',(1.,0.));
#14565 = ( GEOMETRIC_REPRESENTATION_CONTEXT(2)
PARAMETRIC_REPRESENTATION_CONTEXT() REPRESENTATION_CONTEXT('2D SPACE',''
  ) );
#14566 = ORIENTED_EDGE('',*,*,#14342,.T.);
#14567 = ORIENTED_EDGE('',*,*,#14568,.T.);
#14568 = EDGE_CURVE('',#14343,#14453,#14569,.T.);
#14569 = SURFACE_CURVE('',#14570,(#14574,#14581),.PCURVE_S1.);
#14570 = LINE('',#14571,#14572);
#14571 = CARTESIAN_POINT('',(-167.,0.,119.));
#14572 = VECTOR('',#14573,1.);
#14573 = DIRECTION('',(1.,0.,0.));
#14574 = PCURVE('',#14358,#14575);
#14575 = DEFINITIONAL_REPRESENTATION('',(#14576),#14580);
#14576 = LINE('',#14577,#14578);
#14577 = CARTESIAN_POINT('',(8.,0.));
#14578 = VECTOR('',#14579,1.);
#14579 = DIRECTION('',(0.,1.));
#14580 = ( GEOMETRIC_REPRESENTATION_CONTEXT(2)
PARAMETRIC_REPRESENTATION_CONTEXT() REPRESENTATION_CONTEXT('2D SPACE',''
  ) );
#14581 = PCURVE('',#14384,#14582);
#14582 = DEFINITIONAL_REPRESENTATION('',(#14583),#14587);
#14583 = LINE('',#14584,#14585);
#14584 = CARTESIAN_POINT('',(0.,20.));
#14585 = VECTOR('',#14586,1.);
#14586 = DIRECTION('',(1.,0.));
#14587 = ( GEOMETRIC_REPRESENTATION_CONTEXT(2)
PARAMETRIC_REPRESENTATION_CONTEXT() REPRESENTATION_CONTEXT('2D SPACE',''
  ) );
#14588 = ORIENTED_EDGE('',*,*,#14452,.F.);
#14589 = ADVANCED_FACE('',(#14590),#14330,.F.);
#14590 = FACE_BOUND('',#14591,.F.);
#14591 = EDGE_LOOP('',(#14592,#14593,#14594,#14595));
#14592 = ORIENTED_EDGE('',*,*,#14314,.F.);
#14593 = ORIENTED_EDGE('',*,*,#14499,.T.);
#14594 = ORIENTED_EDGE('',*,*,#14429,.T.);
#14595 = ORIENTED_EDGE('',*,*,#14546,.F.);
#14596 = ADVANCED_FACE('',(#14597),#14384,.T.);
#14597 = FACE_BOUND('',#14598,.T.);
#14598 = EDGE_LOOP('',(#14599,#14600,#14601,#14602));
#14599 = ORIENTED_EDGE('',*,*,#14370,.F.);
#14600 = ORIENTED_EDGE('',*,*,#14521,.T.);
#14601 = ORIENTED_EDGE('',*,*,#14475,.T.);
#14602 = ORIENTED_EDGE('',*,*,#14568,.F.);
#14603 = ( GEOMETRIC_REPRESENTATION_CONTEXT(3)
GLOBAL_UNCERTAINTY_ASSIGNED_CONTEXT((#14607))
GLOBAL_UNIT_ASSIGNED_CONTEXT((#14604,#14605,#14606))
REPRESENTATION_CONTEXT('Context #1',
  '3D Context with UNIT and UNCERTAINTY') );
#14604 = ( LENGTH_UNIT() NAMED_UNIT(*) SI_UNIT(.MILLI.,.METRE.) );
#14605 = ( NAMED_UNIT(*) PLANE_ANGLE_UNIT() SI_UNIT($,.RADIAN.) );
#14606 = ( NAMED_UNIT(*) SI_UNIT($,.STERADIAN.) SOLID_ANGLE_UNIT() );
#14607 = UNCERTAINTY_MEASURE_WITH_UNIT(LENGTH_MEASURE(1.E-07),#14604,
  'distance_accuracy_value','confusion accuracy');
#14608 = CONTEXT_DEPENDENT_SHAPE_REPRESENTATION(#14609,#14611);
#14609 = ( REPRESENTATION_RELATIONSHIP('','',#14272,#10)
REPRESENTATION_RELATIONSHIP_WITH_TRANSFORMATION(#14610)
SHAPE_REPRESENTATION_RELATIONSHIP() );
#14610 = ITEM_DEFINED_TRANSFORMATION('','',#11,#123);
#14611 = PRODUCT_DEFINITION_SHAPE('Placement','Placement of an item',
  #14612);
#14612 = NEXT_ASSEMBLY_USAGE_OCCURRENCE('28','','',#5,#14267,$);
#14613 = PRODUCT_RELATED_PRODUCT_CATEGORY('part',$,(#14269));
#14614 = SHAPE_DEFINITION_REPRESENTATION(#14615,#14621);
#14615 = PRODUCT_DEFINITION_SHAPE('','',#14616);
#14616 = PRODUCT_DEFINITION('design','',#14617,#14620);
#14617 = PRODUCT_DEFINITION_FORMATION('','',#14618);
#14618 = PRODUCT('Open CASCADE STEP translator 7.8 20.29',
  'Open CASCADE STEP translator 7.8 20.29','',(#14619));
#14619 = PRODUCT_CONTEXT('',#2,'mechanical');
#14620 = PRODUCT_DEFINITION_CONTEXT('part definition',#2,'design');
#14621 = ADVANCED_BREP_SHAPE_REPRESENTATION('',(#11,#14622),#14775);
#14622 = MANIFOLD_SOLID_BREP('',#14623);
#14623 = CLOSED_SHELL('',(#14624,#14712,#14767,#14771));
#14624 = ADVANCED_FACE('',(#14625),#14639,.T.);
#14625 = FACE_BOUND('',#14626,.F.);
#14626 = EDGE_LOOP('',(#14627,#14657,#14684,#14685));
#14627 = ORIENTED_EDGE('',*,*,#14628,.T.);
#14628 = EDGE_CURVE('',#14629,#14631,#14633,.T.);
#14629 = VERTEX_POINT('',#14630);
#14630 = CARTESIAN_POINT('',(-162.,34.,70.));
#14631 = VERTEX_POINT('',#14632);
#14632 = CARTESIAN_POINT('',(-162.,11.5,70.));
#14633 = SEAM_CURVE('',#14634,(#14638,#14650),.PCURVE_S1.);
#14634 = LINE('',#14635,#14636);
#14635 = CARTESIAN_POINT('',(-162.,34.,70.));
#14636 = VECTOR('',#14637,1.);
#14637 = DIRECTION('',(0.,-1.,0.));
#14638 = PCURVE('',#14639,#14644);
#14639 = CYLINDRICAL_SURFACE('',#14640,8.);
#14640 = AXIS2_PLACEMENT_3D('',#14641,#14642,#14643);
#14641 = CARTESIAN_POINT('',(-170.,34.,70.));
#14642 = DIRECTION('',(-0.,1.,-0.));
#14643 = DIRECTION('',(1.,0.,0.));
#14644 = DEFINITIONAL_REPRESENTATION('',(#14645),#14649);
#14645 = LINE('',#14646,#14647);
#14646 = CARTESIAN_POINT('',(-0.,0.));
#14647 = VECTOR('',#14648,1.);
#14648 = DIRECTION('',(-0.,-1.));
#14649 = ( GEOMETRIC_REPRESENTATION_CONTEXT(2)
PARAMETRIC_REPRESENTATION_CONTEXT() REPRESENTATION_CONTEXT('2D SPACE',''
  ) );
#14650 = PCURVE('',#14639,#14651);
#14651 = DEFINITIONAL_REPRESENTATION('',(#14652),#14656);
#14652 = LINE('',#14653,#14654);
#14653 = CARTESIAN_POINT('',(-6.28318530718,0.));
#14654 = VECTOR('',#14655,1.);
#14655 = DIRECTION('',(-0.,-1.));
#14656 = ( GEOMETRIC_REPRESENTATION_CONTEXT(2)
PARAMETRIC_REPRESENTATION_CONTEXT() REPRESENTATION_CONTEXT('2D SPACE',''
  ) );
#14657 = ORIENTED_EDGE('',*,*,#14658,.T.);
#14658 = EDGE_CURVE('',#14631,#14631,#14659,.T.);
#14659 = SURFACE_CURVE('',#14660,(#14665,#14672),.PCURVE_S1.);
#14660 = CIRCLE('',#14661,8.);
#14661 = AXIS2_PLACEMENT_3D('',#14662,#14663,#14664);
#14662 = CARTESIAN_POINT('',(-170.,11.5,70.));
#14663 = DIRECTION('',(0.,-1.,0.));
#14664 = DIRECTION('',(1.,0.,0.));
#14665 = PCURVE('',#14639,#14666);
#14666 = DEFINITIONAL_REPRESENTATION('',(#14667),#14671);
#14667 = LINE('',#14668,#14669);
#14668 = CARTESIAN_POINT('',(-0.,-22.5));
#14669 = VECTOR('',#14670,1.);
#14670 = DIRECTION('',(-1.,0.));
#14671 = ( GEOMETRIC_REPRESENTATION_CONTEXT(2)
PARAMETRIC_REPRESENTATION_CONTEXT() REPRESENTATION_CONTEXT('2D SPACE',''
  ) );
#14672 = PCURVE('',#14673,#14678);
#14673 = PLANE('',#14674);
#14674 = AXIS2_PLACEMENT_3D('',#14675,#14676,#14677);
#14675 = CARTESIAN_POINT('',(-170.,11.5,70.));
#14676 = DIRECTION('',(-0.,-1.,-0.));
#14677 = DIRECTION('',(0.,0.,-1.));
#14678 = DEFINITIONAL_REPRESENTATION('',(#14679),#14683);
#14679 = CIRCLE('',#14680,8.);
#14680 = AXIS2_PLACEMENT_2D('',#14681,#14682);
#14681 = CARTESIAN_POINT('',(0.,0.));
#14682 = DIRECTION('',(0.,1.));
#14683 = ( GEOMETRIC_REPRESENTATION_CONTEXT(2)
PARAMETRIC_REPRESENTATION_CONTEXT() REPRESENTATION_CONTEXT('2D SPACE',''
  ) );
#14684 = ORIENTED_EDGE('',*,*,#14628,.F.);
#14685 = ORIENTED_EDGE('',*,*,#14686,.F.);
#14686 = EDGE_CURVE('',#14629,#14629,#14687,.T.);
#14687 = SURFACE_CURVE('',#14688,(#14693,#14700),.PCURVE_S1.);
#14688 = CIRCLE('',#14689,8.);
#14689 = AXIS2_PLACEMENT_3D('',#14690,#14691,#14692);
#14690 = CARTESIAN_POINT('',(-170.,34.,70.));
#14691 = DIRECTION('',(0.,-1.,0.));
#14692 = DIRECTION('',(1.,0.,0.));
#14693 = PCURVE('',#14639,#14694);
#14694 = DEFINITIONAL_REPRESENTATION('',(#14695),#14699);
#14695 = LINE('',#14696,#14697);
#14696 = CARTESIAN_POINT('',(-0.,0.));
#14697 = VECTOR('',#14698,1.);
#14698 = DIRECTION('',(-1.,0.));
#14699 = ( GEOMETRIC_REPRESENTATION_CONTEXT(2)
PARAMETRIC_REPRESENTATION_CONTEXT() REPRESENTATION_CONTEXT('2D SPACE',''
  ) );
#14700 = PCURVE('',#14701,#14706);
#14701 = CYLINDRICAL_SURFACE('',#14702,8.);
#14702 = AXIS2_PLACEMENT_3D('',#14703,#14704,#14705);
#14703 = CARTESIAN_POINT('',(-170.,34.,70.));
#14704 = DIRECTION('',(0.,-1.,0.));
#14705 = DIRECTION('',(1.,0.,0.));
#14706 = DEFINITIONAL_REPRESENTATION('',(#14707),#14711);
#14707 = LINE('',#14708,#14709);
#14708 = CARTESIAN_POINT('',(0.,0.));
#14709 = VECTOR('',#14710,1.);
#14710 = DIRECTION('',(1.,0.));
#14711 = ( GEOMETRIC_REPRESENTATION_CONTEXT(2)
PARAMETRIC_REPRESENTATION_CONTEXT() REPRESENTATION_CONTEXT('2D SPACE',''
  ) );
#14712 = ADVANCED_FACE('',(#14713),#14701,.T.);
#14713 = FACE_BOUND('',#14714,.T.);
#14714 = EDGE_LOOP('',(#14715,#14738,#14765,#14766));
#14715 = ORIENTED_EDGE('',*,*,#14716,.T.);
#14716 = EDGE_CURVE('',#14629,#14717,#14719,.T.);
#14717 = VERTEX_POINT('',#14718);
#14718 = CARTESIAN_POINT('',(-162.,56.5,70.));
#14719 = SEAM_CURVE('',#14720,(#14724,#14731),.PCURVE_S1.);
#14720 = LINE('',#14721,#14722);
#14721 = CARTESIAN_POINT('',(-162.,34.,70.));
#14722 = VECTOR('',#14723,1.);
#14723 = DIRECTION('',(-0.,1.,-0.));
#14724 = PCURVE('',#14701,#14725);
#14725 = DEFINITIONAL_REPRESENTATION('',(#14726),#14730);
#14726 = LINE('',#14727,#14728);
#14727 = CARTESIAN_POINT('',(0.,0.));
#14728 = VECTOR('',#14729,1.);
#14729 = DIRECTION('',(0.,-1.));
#14730 = ( GEOMETRIC_REPRESENTATION_CONTEXT(2)
PARAMETRIC_REPRESENTATION_CONTEXT() REPRESENTATION_CONTEXT('2D SPACE',''
  ) );
#14731 = PCURVE('',#14701,#14732);
#14732 = DEFINITIONAL_REPRESENTATION('',(#14733),#14737);
#14733 = LINE('',#14734,#14735);
#14734 = CARTESIAN_POINT('',(6.28318530718,0.));
#14735 = VECTOR('',#14736,1.);
#14736 = DIRECTION('',(0.,-1.));
#14737 = ( GEOMETRIC_REPRESENTATION_CONTEXT(2)
PARAMETRIC_REPRESENTATION_CONTEXT() REPRESENTATION_CONTEXT('2D SPACE',''
  ) );
#14738 = ORIENTED_EDGE('',*,*,#14739,.T.);
#14739 = EDGE_CURVE('',#14717,#14717,#14740,.T.);
#14740 = SURFACE_CURVE('',#14741,(#14746,#14753),.PCURVE_S1.);
#14741 = CIRCLE('',#14742,8.);
#14742 = AXIS2_PLACEMENT_3D('',#14743,#14744,#14745);
#14743 = CARTESIAN_POINT('',(-170.,56.5,70.));
#14744 = DIRECTION('',(0.,-1.,0.));
#14745 = DIRECTION('',(1.,0.,0.));
#14746 = PCURVE('',#14701,#14747);
#14747 = DEFINITIONAL_REPRESENTATION('',(#14748),#14752);
#14748 = LINE('',#14749,#14750);
#14749 = CARTESIAN_POINT('',(0.,-22.5));
#14750 = VECTOR('',#14751,1.);
#14751 = DIRECTION('',(1.,0.));
#14752 = ( GEOMETRIC_REPRESENTATION_CONTEXT(2)
PARAMETRIC_REPRESENTATION_CONTEXT() REPRESENTATION_CONTEXT('2D SPACE',''
  ) );
#14753 = PCURVE('',#14754,#14759);
#14754 = PLANE('',#14755);
#14755 = AXIS2_PLACEMENT_3D('',#14756,#14757,#14758);
#14756 = CARTESIAN_POINT('',(-170.,56.5,70.));
#14757 = DIRECTION('',(-0.,-1.,-0.));
#14758 = DIRECTION('',(0.,0.,-1.));
#14759 = DEFINITIONAL_REPRESENTATION('',(#14760),#14764);
#14760 = CIRCLE('',#14761,8.);
#14761 = AXIS2_PLACEMENT_2D('',#14762,#14763);
#14762 = CARTESIAN_POINT('',(0.,0.));
#14763 = DIRECTION('',(0.,1.));
#14764 = ( GEOMETRIC_REPRESENTATION_CONTEXT(2)
PARAMETRIC_REPRESENTATION_CONTEXT() REPRESENTATION_CONTEXT('2D SPACE',''
  ) );
#14765 = ORIENTED_EDGE('',*,*,#14716,.F.);
#14766 = ORIENTED_EDGE('',*,*,#14686,.F.);
#14767 = ADVANCED_FACE('',(#14768),#14673,.T.);
#14768 = FACE_BOUND('',#14769,.T.);
#14769 = EDGE_LOOP('',(#14770));
#14770 = ORIENTED_EDGE('',*,*,#14658,.T.);
#14771 = ADVANCED_FACE('',(#14772),#14754,.F.);
#14772 = FACE_BOUND('',#14773,.F.);
#14773 = EDGE_LOOP('',(#14774));
#14774 = ORIENTED_EDGE('',*,*,#14739,.T.);
#14775 = ( GEOMETRIC_REPRESENTATION_CONTEXT(3)
GLOBAL_UNCERTAINTY_ASSIGNED_CONTEXT((#14779))
GLOBAL_UNIT_ASSIGNED_CONTEXT((#14776,#14777,#14778))
REPRESENTATION_CONTEXT('Context #1',
  '3D Context with UNIT and UNCERTAINTY') );
#14776 = ( LENGTH_UNIT() NAMED_UNIT(*) SI_UNIT(.MILLI.,.METRE.) );
#14777 = ( NAMED_UNIT(*) PLANE_ANGLE_UNIT() SI_UNIT($,.RADIAN.) );
#14778 = ( NAMED_UNIT(*) SI_UNIT($,.STERADIAN.) SOLID_ANGLE_UNIT() );
#14779 = UNCERTAINTY_MEASURE_WITH_UNIT(LENGTH_MEASURE(1.E-07),#14776,
  'distance_accuracy_value','confusion accuracy');
#14780 = CONTEXT_DEPENDENT_SHAPE_REPRESENTATION(#14781,#14783);
#14781 = ( REPRESENTATION_RELATIONSHIP('','',#14621,#10)
REPRESENTATION_RELATIONSHIP_WITH_TRANSFORMATION(#14782)
SHAPE_REPRESENTATION_RELATIONSHIP() );
#14782 = ITEM_DEFINED_TRANSFORMATION('','',#11,#127);
#14783 = PRODUCT_DEFINITION_SHAPE('Placement','Placement of an item',
  #14784);
#14784 = NEXT_ASSEMBLY_USAGE_OCCURRENCE('29','','',#5,#14616,$);
#14785 = PRODUCT_RELATED_PRODUCT_CATEGORY('part',$,(#14618));
#14786 = SHAPE_DEFINITION_REPRESENTATION(#14787,#14793);
#14787 = PRODUCT_DEFINITION_SHAPE('','',#14788);
#14788 = PRODUCT_DEFINITION('design','',#14789,#14792);
#14789 = PRODUCT_DEFINITION_FORMATION('','',#14790);
#14790 = PRODUCT('Open CASCADE STEP translator 7.8 20.30',
  'Open CASCADE STEP translator 7.8 20.30','',(#14791));
#14791 = PRODUCT_CONTEXT('',#2,'mechanical');
#14792 = PRODUCT_DEFINITION_CONTEXT('part definition',#2,'design');
#14793 = ADVANCED_BREP_SHAPE_REPRESENTATION('',(#11,#14794),#15124);
#14794 = MANIFOLD_SOLID_BREP('',#14795);
#14795 = CLOSED_SHELL('',(#14796,#14916,#15016,#15063,#15110,#15117));
#14796 = ADVANCED_FACE('',(#14797),#14811,.F.);
#14797 = FACE_BOUND('',#14798,.F.);
#14798 = EDGE_LOOP('',(#14799,#14834,#14862,#14890));
#14799 = ORIENTED_EDGE('',*,*,#14800,.F.);
#14800 = EDGE_CURVE('',#14801,#14803,#14805,.T.);
#14801 = VERTEX_POINT('',#14802);
#14802 = CARTESIAN_POINT('',(-195.,-79.5,30.));
#14803 = VERTEX_POINT('',#14804);
#14804 = CARTESIAN_POINT('',(-195.,-79.5,40.));
#14805 = SURFACE_CURVE('',#14806,(#14810,#14822),.PCURVE_S1.);
#14806 = LINE('',#14807,#14808);
#14807 = CARTESIAN_POINT('',(-195.,-79.5,30.));
#14808 = VECTOR('',#14809,1.);
#14809 = DIRECTION('',(0.,0.,1.));
#14810 = PCURVE('',#14811,#14816);
#14811 = PLANE('',#14812);
#14812 = AXIS2_PLACEMENT_3D('',#14813,#14814,#14815);
#14813 = CARTESIAN_POINT('',(-195.,-79.5,30.));
#14814 = DIRECTION('',(1.,0.,0.));
#14815 = DIRECTION('',(0.,0.,1.));
#14816 = DEFINITIONAL_REPRESENTATION('',(#14817),#14821);
#14817 = LINE('',#14818,#14819);
#14818 = CARTESIAN_POINT('',(0.,0.));
#14819 = VECTOR('',#14820,1.);
#14820 = DIRECTION('',(1.,0.));
#14821 = ( GEOMETRIC_REPRESENTATION_CONTEXT(2)
PARAMETRIC_REPRESENTATION_CONTEXT() REPRESENTATION_CONTEXT('2D SPACE',''
  ) );
#14822 = PCURVE('',#14823,#14828);
#14823 = PLANE('',#14824);
#14824 = AXIS2_PLACEMENT_3D('',#14825,#14826,#14827);
#14825 = CARTESIAN_POINT('',(-195.,-79.5,30.));
#14826 = DIRECTION('',(0.,1.,0.));
#14827 = DIRECTION('',(0.,0.,1.));
#14828 = DEFINITIONAL_REPRESENTATION('',(#14829),#14833);
#14829 = LINE('',#14830,#14831);
#14830 = CARTESIAN_POINT('',(0.,0.));
#14831 = VECTOR('',#14832,1.);
#14832 = DIRECTION('',(1.,0.));
#14833 = ( GEOMETRIC_REPRESENTATION_CONTEXT(2)
PARAMETRIC_REPRESENTATION_CONTEXT() REPRESENTATION_CONTEXT('2D SPACE',''
  ) );
#14834 = ORIENTED_EDGE('',*,*,#14835,.T.);
#14835 = EDGE_CURVE('',#14801,#14836,#14838,.T.);
#14836 = VERTEX_POINT('',#14837);
#14837 = CARTESIAN_POINT('',(-195.,-64.5,30.));
#14838 = SURFACE_CURVE('',#14839,(#14843,#14850),.PCURVE_S1.);
#14839 = LINE('',#14840,#14841);
#14840 = CARTESIAN_POINT('',(-195.,-79.5,30.));
#14841 = VECTOR('',#14842,1.);
#14842 = DIRECTION('',(0.,1.,0.));
#14843 = PCURVE('',#14811,#14844);
#14844 = DEFINITIONAL_REPRESENTATION('',(#14845),#14849);
#14845 = LINE('',#14846,#14847);
#14846 = CARTESIAN_POINT('',(0.,0.));
#14847 = VECTOR('',#14848,1.);
#14848 = DIRECTION('',(0.,-1.));
#14849 = ( GEOMETRIC_REPRESENTATION_CONTEXT(2)
PARAMETRIC_REPRESENTATION_CONTEXT() REPRESENTATION_CONTEXT('2D SPACE',''
  ) );
#14850 = PCURVE('',#14851,#14856);
#14851 = PLANE('',#14852);
#14852 = AXIS2_PLACEMENT_3D('',#14853,#14854,#14855);
#14853 = CARTESIAN_POINT('',(-195.,-79.5,30.));
#14854 = DIRECTION('',(0.,0.,1.));
#14855 = DIRECTION('',(1.,0.,0.));
#14856 = DEFINITIONAL_REPRESENTATION('',(#14857),#14861);
#14857 = LINE('',#14858,#14859);
#14858 = CARTESIAN_POINT('',(0.,0.));
#14859 = VECTOR('',#14860,1.);
#14860 = DIRECTION('',(0.,1.));
#14861 = ( GEOMETRIC_REPRESENTATION_CONTEXT(2)
PARAMETRIC_REPRESENTATION_CONTEXT() REPRESENTATION_CONTEXT('2D SPACE',''
  ) );
#14862 = ORIENTED_EDGE('',*,*,#14863,.T.);
#14863 = EDGE_CURVE('',#14836,#14864,#14866,.T.);
#14864 = VERTEX_POINT('',#14865);
#14865 = CARTESIAN_POINT('',(-195.,-64.5,40.));
#14866 = SURFACE_CURVE('',#14867,(#14871,#14878),.PCURVE_S1.);
#14867 = LINE('',#14868,#14869);
#14868 = CARTESIAN_POINT('',(-195.,-64.5,30.));
#14869 = VECTOR('',#14870,1.);
#14870 = DIRECTION('',(0.,0.,1.));
#14871 = PCURVE('',#14811,#14872);
#14872 = DEFINITIONAL_REPRESENTATION('',(#14873),#14877);
#14873 = LINE('',#14874,#14875);
#14874 = CARTESIAN_POINT('',(0.,-15.));
#14875 = VECTOR('',#14876,1.);
#14876 = DIRECTION('',(1.,0.));
#14877 = ( GEOMETRIC_REPRESENTATION_CONTEXT(2)
PARAMETRIC_REPRESENTATION_CONTEXT() REPRESENTATION_CONTEXT('2D SPACE',''
  ) );
#14878 = PCURVE('',#14879,#14884);
#14879 = PLANE('',#14880);
#14880 = AXIS2_PLACEMENT_3D('',#14881,#14882,#14883);
#14881 = CARTESIAN_POINT('',(-195.,-64.5,30.));
#14882 = DIRECTION('',(0.,1.,0.));
#14883 = DIRECTION('',(0.,0.,1.));
#14884 = DEFINITIONAL_REPRESENTATION('',(#14885),#14889);
#14885 = LINE('',#14886,#14887);
#14886 = CARTESIAN_POINT('',(0.,0.));
#14887 = VECTOR('',#14888,1.);
#14888 = DIRECTION('',(1.,0.));
#14889 = ( GEOMETRIC_REPRESENTATION_CONTEXT(2)
PARAMETRIC_REPRESENTATION_CONTEXT() REPRESENTATION_CONTEXT('2D SPACE',''
  ) );
#14890 = ORIENTED_EDGE('',*,*,#14891,.F.);
#14891 = EDGE_CURVE('',#14803,#14864,#14892,.T.);
#14892 = SURFACE_CURVE('',#14893,(#14897,#14904),.PCURVE_S1.);
#14893 = LINE('',#14894,#14895);
#14894 = CARTESIAN_POINT('',(-195.,-79.5,40.));
#14895 = VECTOR('',#14896,1.);
#14896 = DIRECTION('',(0.,1.,0.));
#14897 = PCURVE('',#14811,#14898);
#14898 = DEFINITIONAL_REPRESENTATION('',(#14899),#14903);
#14899 = LINE('',#14900,#14901);
#14900 = CARTESIAN_POINT('',(10.,0.));
#14901 = VECTOR('',#14902,1.);
#14902 = DIRECTION('',(0.,-1.));
#14903 = ( GEOMETRIC_REPRESENTATION_CONTEXT(2)
PARAMETRIC_REPRESENTATION_CONTEXT() REPRESENTATION_CONTEXT('2D SPACE',''
  ) );
#14904 = PCURVE('',#14905,#14910);
#14905 = PLANE('',#14906);
#14906 = AXIS2_PLACEMENT_3D('',#14907,#14908,#14909);
#14907 = CARTESIAN_POINT('',(-195.,-79.5,40.));
#14908 = DIRECTION('',(0.,0.,1.));
#14909 = DIRECTION('',(1.,0.,0.));
#14910 = DEFINITIONAL_REPRESENTATION('',(#14911),#14915);
#14911 = LINE('',#14912,#14913);
#14912 = CARTESIAN_POINT('',(0.,0.));
#14913 = VECTOR('',#14914,1.);
#14914 = DIRECTION('',(0.,1.));
#14915 = ( GEOMETRIC_REPRESENTATION_CONTEXT(2)
PARAMETRIC_REPRESENTATION_CONTEXT() REPRESENTATION_CONTEXT('2D SPACE',''
  ) );
#14916 = ADVANCED_FACE('',(#14917),#14931,.T.);
#14917 = FACE_BOUND('',#14918,.T.);
#14918 = EDGE_LOOP('',(#14919,#14949,#14972,#14995));
#14919 = ORIENTED_EDGE('',*,*,#14920,.F.);
#14920 = EDGE_CURVE('',#14921,#14923,#14925,.T.);
#14921 = VERTEX_POINT('',#14922);
#14922 = CARTESIAN_POINT('',(-175.,-79.5,30.));
#14923 = VERTEX_POINT('',#14924);
#14924 = CARTESIAN_POINT('',(-175.,-79.5,40.));
#14925 = SURFACE_CURVE('',#14926,(#14930,#14942),.PCURVE_S1.);
#14926 = LINE('',#14927,#14928);
#14927 = CARTESIAN_POINT('',(-175.,-79.5,30.));
#14928 = VECTOR('',#14929,1.);
#14929 = DIRECTION('',(0.,0.,1.));
#14930 = PCURVE('',#14931,#14936);
#14931 = PLANE('',#14932);
#14932 = AXIS2_PLACEMENT_3D('',#14933,#14934,#14935);
#14933 = CARTESIAN_POINT('',(-175.,-79.5,30.));
#14934 = DIRECTION('',(1.,0.,0.));
#14935 = DIRECTION('',(0.,0.,1.));
#14936 = DEFINITIONAL_REPRESENTATION('',(#14937),#14941);
#14937 = LINE('',#14938,#14939);
#14938 = CARTESIAN_POINT('',(0.,0.));
#14939 = VECTOR('',#14940,1.);
#14940 = DIRECTION('',(1.,0.));
#14941 = ( GEOMETRIC_REPRESENTATION_CONTEXT(2)
PARAMETRIC_REPRESENTATION_CONTEXT() REPRESENTATION_CONTEXT('2D SPACE',''
  ) );
#14942 = PCURVE('',#14823,#14943);
#14943 = DEFINITIONAL_REPRESENTATION('',(#14944),#14948);
#14944 = LINE('',#14945,#14946);
#14945 = CARTESIAN_POINT('',(0.,20.));
#14946 = VECTOR('',#14947,1.);
#14947 = DIRECTION('',(1.,0.));
#14948 = ( GEOMETRIC_REPRESENTATION_CONTEXT(2)
PARAMETRIC_REPRESENTATION_CONTEXT() REPRESENTATION_CONTEXT('2D SPACE',''
  ) );
#14949 = ORIENTED_EDGE('',*,*,#14950,.T.);
#14950 = EDGE_CURVE('',#14921,#14951,#14953,.T.);
#14951 = VERTEX_POINT('',#14952);
#14952 = CARTESIAN_POINT('',(-175.,-64.5,30.));
#14953 = SURFACE_CURVE('',#14954,(#14958,#14965),.PCURVE_S1.);
#14954 = LINE('',#14955,#14956);
#14955 = CARTESIAN_POINT('',(-175.,-79.5,30.));
#14956 = VECTOR('',#14957,1.);
#14957 = DIRECTION('',(0.,1.,0.));
#14958 = PCURVE('',#14931,#14959);
#14959 = DEFINITIONAL_REPRESENTATION('',(#14960),#14964);
#14960 = LINE('',#14961,#14962);
#14961 = CARTESIAN_POINT('',(0.,0.));
#14962 = VECTOR('',#14963,1.);
#14963 = DIRECTION('',(0.,-1.));
#14964 = ( GEOMETRIC_REPRESENTATION_CONTEXT(2)
PARAMETRIC_REPRESENTATION_CONTEXT() REPRESENTATION_CONTEXT('2D SPACE',''
  ) );
#14965 = PCURVE('',#14851,#14966);
#14966 = DEFINITIONAL_REPRESENTATION('',(#14967),#14971);
#14967 = LINE('',#14968,#14969);
#14968 = CARTESIAN_POINT('',(20.,0.));
#14969 = VECTOR('',#14970,1.);
#14970 = DIRECTION('',(0.,1.));
#14971 = ( GEOMETRIC_REPRESENTATION_CONTEXT(2)
PARAMETRIC_REPRESENTATION_CONTEXT() REPRESENTATION_CONTEXT('2D SPACE',''
  ) );
#14972 = ORIENTED_EDGE('',*,*,#14973,.T.);
#14973 = EDGE_CURVE('',#14951,#14974,#14976,.T.);
#14974 = VERTEX_POINT('',#14975);
#14975 = CARTESIAN_POINT('',(-175.,-64.5,40.));
#14976 = SURFACE_CURVE('',#14977,(#14981,#14988),.PCURVE_S1.);
#14977 = LINE('',#14978,#14979);
#14978 = CARTESIAN_POINT('',(-175.,-64.5,30.));
#14979 = VECTOR('',#14980,1.);
#14980 = DIRECTION('',(0.,0.,1.));
#14981 = PCURVE('',#14931,#14982);
#14982 = DEFINITIONAL_REPRESENTATION('',(#14983),#14987);
#14983 = LINE('',#14984,#14985);
#14984 = CARTESIAN_POINT('',(0.,-15.));
#14985 = VECTOR('',#14986,1.);
#14986 = DIRECTION('',(1.,0.));
#14987 = ( GEOMETRIC_REPRESENTATION_CONTEXT(2)
PARAMETRIC_REPRESENTATION_CONTEXT() REPRESENTATION_CONTEXT('2D SPACE',''
  ) );
#14988 = PCURVE('',#14879,#14989);
#14989 = DEFINITIONAL_REPRESENTATION('',(#14990),#14994);
#14990 = LINE('',#14991,#14992);
#14991 = CARTESIAN_POINT('',(0.,20.));
#14992 = VECTOR('',#14993,1.);
#14993 = DIRECTION('',(1.,0.));
#14994 = ( GEOMETRIC_REPRESENTATION_CONTEXT(2)
PARAMETRIC_REPRESENTATION_CONTEXT() REPRESENTATION_CONTEXT('2D SPACE',''
  ) );
#14995 = ORIENTED_EDGE('',*,*,#14996,.F.);
#14996 = EDGE_CURVE('',#14923,#14974,#14997,.T.);
#14997 = SURFACE_CURVE('',#14998,(#15002,#15009),.PCURVE_S1.);
#14998 = LINE('',#14999,#15000);
#14999 = CARTESIAN_POINT('',(-175.,-79.5,40.));
#15000 = VECTOR('',#15001,1.);
#15001 = DIRECTION('',(0.,1.,0.));
#15002 = PCURVE('',#14931,#15003);
#15003 = DEFINITIONAL_REPRESENTATION('',(#15004),#15008);
#15004 = LINE('',#15005,#15006);
#15005 = CARTESIAN_POINT('',(10.,0.));
#15006 = VECTOR('',#15007,1.);
#15007 = DIRECTION('',(0.,-1.));
#15008 = ( GEOMETRIC_REPRESENTATION_CONTEXT(2)
PARAMETRIC_REPRESENTATION_CONTEXT() REPRESENTATION_CONTEXT('2D SPACE',''
  ) );
#15009 = PCURVE('',#14905,#15010);
#15010 = DEFINITIONAL_REPRESENTATION('',(#15011),#15015);
#15011 = LINE('',#15012,#15013);
#15012 = CARTESIAN_POINT('',(20.,0.));
#15013 = VECTOR('',#15014,1.);
#15014 = DIRECTION('',(0.,1.));
#15015 = ( GEOMETRIC_REPRESENTATION_CONTEXT(2)
PARAMETRIC_REPRESENTATION_CONTEXT() REPRESENTATION_CONTEXT('2D SPACE',''
  ) );
#15016 = ADVANCED_FACE('',(#15017),#14823,.F.);
#15017 = FACE_BOUND('',#15018,.F.);
#15018 = EDGE_LOOP('',(#15019,#15040,#15041,#15062));
#15019 = ORIENTED_EDGE('',*,*,#15020,.F.);
#15020 = EDGE_CURVE('',#14801,#14921,#15021,.T.);
#15021 = SURFACE_CURVE('',#15022,(#15026,#15033),.PCURVE_S1.);
#15022 = LINE('',#15023,#15024);
#15023 = CARTESIAN_POINT('',(-195.,-79.5,30.));
#15024 = VECTOR('',#15025,1.);
#15025 = DIRECTION('',(1.,0.,0.));
#15026 = PCURVE('',#14823,#15027);
#15027 = DEFINITIONAL_REPRESENTATION('',(#15028),#15032);
#15028 = LINE('',#15029,#15030);
#15029 = CARTESIAN_POINT('',(0.,0.));
#15030 = VECTOR('',#15031,1.);
#15031 = DIRECTION('',(0.,1.));
#15032 = ( GEOMETRIC_REPRESENTATION_CONTEXT(2)
PARAMETRIC_REPRESENTATION_CONTEXT() REPRESENTATION_CONTEXT('2D SPACE',''
  ) );
#15033 = PCURVE('',#14851,#15034);
#15034 = DEFINITIONAL_REPRESENTATION('',(#15035),#15039);
#15035 = LINE('',#15036,#15037);
#15036 = CARTESIAN_POINT('',(0.,0.));
#15037 = VECTOR('',#15038,1.);
#15038 = DIRECTION('',(1.,0.));
#15039 = ( GEOMETRIC_REPRESENTATION_CONTEXT(2)
PARAMETRIC_REPRESENTATION_CONTEXT() REPRESENTATION_CONTEXT('2D SPACE',''
  ) );
#15040 = ORIENTED_EDGE('',*,*,#14800,.T.);
#15041 = ORIENTED_EDGE('',*,*,#15042,.T.);
#15042 = EDGE_CURVE('',#14803,#14923,#15043,.T.);
#15043 = SURFACE_CURVE('',#15044,(#15048,#15055),.PCURVE_S1.);
#15044 = LINE('',#15045,#15046);
#15045 = CARTESIAN_POINT('',(-195.,-79.5,40.));
#15046 = VECTOR('',#15047,1.);
#15047 = DIRECTION('',(1.,0.,0.));
#15048 = PCURVE('',#14823,#15049);
#15049 = DEFINITIONAL_REPRESENTATION('',(#15050),#15054);
#15050 = LINE('',#15051,#15052);
#15051 = CARTESIAN_POINT('',(10.,0.));
#15052 = VECTOR('',#15053,1.);
#15053 = DIRECTION('',(0.,1.));
#15054 = ( GEOMETRIC_REPRESENTATION_CONTEXT(2)
PARAMETRIC_REPRESENTATION_CONTEXT() REPRESENTATION_CONTEXT('2D SPACE',''
  ) );
#15055 = PCURVE('',#14905,#15056);
#15056 = DEFINITIONAL_REPRESENTATION('',(#15057),#15061);
#15057 = LINE('',#15058,#15059);
#15058 = CARTESIAN_POINT('',(0.,0.));
#15059 = VECTOR('',#15060,1.);
#15060 = DIRECTION('',(1.,0.));
#15061 = ( GEOMETRIC_REPRESENTATION_CONTEXT(2)
PARAMETRIC_REPRESENTATION_CONTEXT() REPRESENTATION_CONTEXT('2D SPACE',''
  ) );
#15062 = ORIENTED_EDGE('',*,*,#14920,.F.);
#15063 = ADVANCED_FACE('',(#15064),#14879,.T.);
#15064 = FACE_BOUND('',#15065,.T.);
#15065 = EDGE_LOOP('',(#15066,#15087,#15088,#15109));
#15066 = ORIENTED_EDGE('',*,*,#15067,.F.);
#15067 = EDGE_CURVE('',#14836,#14951,#15068,.T.);
#15068 = SURFACE_CURVE('',#15069,(#15073,#15080),.PCURVE_S1.);
#15069 = LINE('',#15070,#15071);
#15070 = CARTESIAN_POINT('',(-195.,-64.5,30.));
#15071 = VECTOR('',#15072,1.);
#15072 = DIRECTION('',(1.,0.,0.));
#15073 = PCURVE('',#14879,#15074);
#15074 = DEFINITIONAL_REPRESENTATION('',(#15075),#15079);
#15075 = LINE('',#15076,#15077);
#15076 = CARTESIAN_POINT('',(0.,0.));
#15077 = VECTOR('',#15078,1.);
#15078 = DIRECTION('',(0.,1.));
#15079 = ( GEOMETRIC_REPRESENTATION_CONTEXT(2)
PARAMETRIC_REPRESENTATION_CONTEXT() REPRESENTATION_CONTEXT('2D SPACE',''
  ) );
#15080 = PCURVE('',#14851,#15081);
#15081 = DEFINITIONAL_REPRESENTATION('',(#15082),#15086);
#15082 = LINE('',#15083,#15084);
#15083 = CARTESIAN_POINT('',(0.,15.));
#15084 = VECTOR('',#15085,1.);
#15085 = DIRECTION('',(1.,0.));
#15086 = ( GEOMETRIC_REPRESENTATION_CONTEXT(2)
PARAMETRIC_REPRESENTATION_CONTEXT() REPRESENTATION_CONTEXT('2D SPACE',''
  ) );
#15087 = ORIENTED_EDGE('',*,*,#14863,.T.);
#15088 = ORIENTED_EDGE('',*,*,#15089,.T.);
#15089 = EDGE_CURVE('',#14864,#14974,#15090,.T.);
#15090 = SURFACE_CURVE('',#15091,(#15095,#15102),.PCURVE_S1.);
#15091 = LINE('',#15092,#15093);
#15092 = CARTESIAN_POINT('',(-195.,-64.5,40.));
#15093 = VECTOR('',#15094,1.);
#15094 = DIRECTION('',(1.,0.,0.));
#15095 = PCURVE('',#14879,#15096);
#15096 = DEFINITIONAL_REPRESENTATION('',(#15097),#15101);
#15097 = LINE('',#15098,#15099);
#15098 = CARTESIAN_POINT('',(10.,0.));
#15099 = VECTOR('',#15100,1.);
#15100 = DIRECTION('',(0.,1.));
#15101 = ( GEOMETRIC_REPRESENTATION_CONTEXT(2)
PARAMETRIC_REPRESENTATION_CONTEXT() REPRESENTATION_CONTEXT('2D SPACE',''
  ) );
#15102 = PCURVE('',#14905,#15103);
#15103 = DEFINITIONAL_REPRESENTATION('',(#15104),#15108);
#15104 = LINE('',#15105,#15106);
#15105 = CARTESIAN_POINT('',(0.,15.));
#15106 = VECTOR('',#15107,1.);
#15107 = DIRECTION('',(1.,0.));
#15108 = ( GEOMETRIC_REPRESENTATION_CONTEXT(2)
PARAMETRIC_REPRESENTATION_CONTEXT() REPRESENTATION_CONTEXT('2D SPACE',''
  ) );
#15109 = ORIENTED_EDGE('',*,*,#14973,.F.);
#15110 = ADVANCED_FACE('',(#15111),#14851,.F.);
#15111 = FACE_BOUND('',#15112,.F.);
#15112 = EDGE_LOOP('',(#15113,#15114,#15115,#15116));
#15113 = ORIENTED_EDGE('',*,*,#14835,.F.);
#15114 = ORIENTED_EDGE('',*,*,#15020,.T.);
#15115 = ORIENTED_EDGE('',*,*,#14950,.T.);
#15116 = ORIENTED_EDGE('',*,*,#15067,.F.);
#15117 = ADVANCED_FACE('',(#15118),#14905,.T.);
#15118 = FACE_BOUND('',#15119,.T.);
#15119 = EDGE_LOOP('',(#15120,#15121,#15122,#15123));
#15120 = ORIENTED_EDGE('',*,*,#14891,.F.);
#15121 = ORIENTED_EDGE('',*,*,#15042,.T.);
#15122 = ORIENTED_EDGE('',*,*,#14996,.T.);
#15123 = ORIENTED_EDGE('',*,*,#15089,.F.);
#15124 = ( GEOMETRIC_REPRESENTATION_CONTEXT(3)
GLOBAL_UNCERTAINTY_ASSIGNED_CONTEXT((#15128))
GLOBAL_UNIT_ASSIGNED_CONTEXT((#15125,#15126,#15127))
REPRESENTATION_CONTEXT('Context #1',
  '3D Context with UNIT and UNCERTAINTY') );
#15125 = ( LENGTH_UNIT() NAMED_UNIT(*) SI_UNIT(.MILLI.,.METRE.) );
#15126 = ( NAMED_UNIT(*) PLANE_ANGLE_UNIT() SI_UNIT($,.RADIAN.) );
#15127 = ( NAMED_UNIT(*) SI_UNIT($,.STERADIAN.) SOLID_ANGLE_UNIT() );
#15128 = UNCERTAINTY_MEASURE_WITH_UNIT(LENGTH_MEASURE(1.E-07),#15125,
  'distance_accuracy_value','confusion accuracy');
#15129 = CONTEXT_DEPENDENT_SHAPE_REPRESENTATION(#15130,#15132);
#15130 = ( REPRESENTATION_RELATIONSHIP('','',#14793,#10)
REPRESENTATION_RELATIONSHIP_WITH_TRANSFORMATION(#15131)
SHAPE_REPRESENTATION_RELATIONSHIP() );
#15131 = ITEM_DEFINED_TRANSFORMATION('','',#11,#131);
#15132 = PRODUCT_DEFINITION_SHAPE('Placement','Placement of an item',
  #15133);
#15133 = NEXT_ASSEMBLY_USAGE_OCCURRENCE('30','','',#5,#14788,$);
#15134 = PRODUCT_RELATED_PRODUCT_CATEGORY('part',$,(#14790));
#15135 = SHAPE_DEFINITION_REPRESENTATION(#15136,#15142);
#15136 = PRODUCT_DEFINITION_SHAPE('','',#15137);
#15137 = PRODUCT_DEFINITION('design','',#15138,#15141);
#15138 = PRODUCT_DEFINITION_FORMATION('','',#15139);
#15139 = PRODUCT('Open CASCADE STEP translator 7.8 20.31',
  'Open CASCADE STEP translator 7.8 20.31','',(#15140));
#15140 = PRODUCT_CONTEXT('',#2,'mechanical');
#15141 = PRODUCT_DEFINITION_CONTEXT('part definition',#2,'design');
#15142 = ADVANCED_BREP_SHAPE_REPRESENTATION('',(#11,#15143),#15473);
#15143 = MANIFOLD_SOLID_BREP('',#15144);
#15144 = CLOSED_SHELL('',(#15145,#15265,#15365,#15412,#15459,#15466));
#15145 = ADVANCED_FACE('',(#15146),#15160,.F.);
#15146 = FACE_BOUND('',#15147,.F.);
#15147 = EDGE_LOOP('',(#15148,#15183,#15211,#15239));
#15148 = ORIENTED_EDGE('',*,*,#15149,.F.);
#15149 = EDGE_CURVE('',#15150,#15152,#15154,.T.);
#15150 = VERTEX_POINT('',#15151);
#15151 = CARTESIAN_POINT('',(-182.,-82.,31.));
#15152 = VERTEX_POINT('',#15153);
#15153 = CARTESIAN_POINT('',(-182.,-82.,39.));
#15154 = SURFACE_CURVE('',#15155,(#15159,#15171),.PCURVE_S1.);
#15155 = LINE('',#15156,#15157);
#15156 = CARTESIAN_POINT('',(-182.,-82.,31.));
#15157 = VECTOR('',#15158,1.);
#15158 = DIRECTION('',(0.,0.,1.));
#15159 = PCURVE('',#15160,#15165);
#15160 = PLANE('',#15161);
#15161 = AXIS2_PLACEMENT_3D('',#15162,#15163,#15164);
#15162 = CARTESIAN_POINT('',(-182.,-82.,31.));
#15163 = DIRECTION('',(1.,0.,0.));
#15164 = DIRECTION('',(0.,0.,1.));
#15165 = DEFINITIONAL_REPRESENTATION('',(#15166),#15170);
#15166 = LINE('',#15167,#15168);
#15167 = CARTESIAN_POINT('',(0.,0.));
#15168 = VECTOR('',#15169,1.);
#15169 = DIRECTION('',(1.,0.));
#15170 = ( GEOMETRIC_REPRESENTATION_CONTEXT(2)
PARAMETRIC_REPRESENTATION_CONTEXT() REPRESENTATION_CONTEXT('2D SPACE',''
  ) );
#15171 = PCURVE('',#15172,#15177);
#15172 = PLANE('',#15173);
#15173 = AXIS2_PLACEMENT_3D('',#15174,#15175,#15176);
#15174 = CARTESIAN_POINT('',(-182.,-82.,31.));
#15175 = DIRECTION('',(0.,1.,0.));
#15176 = DIRECTION('',(0.,0.,1.));
#15177 = DEFINITIONAL_REPRESENTATION('',(#15178),#15182);
#15178 = LINE('',#15179,#15180);
#15179 = CARTESIAN_POINT('',(0.,0.));
#15180 = VECTOR('',#15181,1.);
#15181 = DIRECTION('',(1.,0.));
#15182 = ( GEOMETRIC_REPRESENTATION_CONTEXT(2)
PARAMETRIC_REPRESENTATION_CONTEXT() REPRESENTATION_CONTEXT('2D SPACE',''
  ) );
#15183 = ORIENTED_EDGE('',*,*,#15184,.T.);
#15184 = EDGE_CURVE('',#15150,#15185,#15187,.T.);
#15185 = VERTEX_POINT('',#15186);
#15186 = CARTESIAN_POINT('',(-182.,-62.,31.));
#15187 = SURFACE_CURVE('',#15188,(#15192,#15199),.PCURVE_S1.);
#15188 = LINE('',#15189,#15190);
#15189 = CARTESIAN_POINT('',(-182.,-82.,31.));
#15190 = VECTOR('',#15191,1.);
#15191 = DIRECTION('',(0.,1.,0.));
#15192 = PCURVE('',#15160,#15193);
#15193 = DEFINITIONAL_REPRESENTATION('',(#15194),#15198);
#15194 = LINE('',#15195,#15196);
#15195 = CARTESIAN_POINT('',(0.,0.));
#15196 = VECTOR('',#15197,1.);
#15197 = DIRECTION('',(0.,-1.));
#15198 = ( GEOMETRIC_REPRESENTATION_CONTEXT(2)
PARAMETRIC_REPRESENTATION_CONTEXT() REPRESENTATION_CONTEXT('2D SPACE',''
  ) );
#15199 = PCURVE('',#15200,#15205);
#15200 = PLANE('',#15201);
#15201 = AXIS2_PLACEMENT_3D('',#15202,#15203,#15204);
#15202 = CARTESIAN_POINT('',(-182.,-82.,31.));
#15203 = DIRECTION('',(0.,0.,1.));
#15204 = DIRECTION('',(1.,0.,0.));
#15205 = DEFINITIONAL_REPRESENTATION('',(#15206),#15210);
#15206 = LINE('',#15207,#15208);
#15207 = CARTESIAN_POINT('',(0.,0.));
#15208 = VECTOR('',#15209,1.);
#15209 = DIRECTION('',(0.,1.));
#15210 = ( GEOMETRIC_REPRESENTATION_CONTEXT(2)
PARAMETRIC_REPRESENTATION_CONTEXT() REPRESENTATION_CONTEXT('2D SPACE',''
  ) );
#15211 = ORIENTED_EDGE('',*,*,#15212,.T.);
#15212 = EDGE_CURVE('',#15185,#15213,#15215,.T.);
#15213 = VERTEX_POINT('',#15214);
#15214 = CARTESIAN_POINT('',(-182.,-62.,39.));
#15215 = SURFACE_CURVE('',#15216,(#15220,#15227),.PCURVE_S1.);
#15216 = LINE('',#15217,#15218);
#15217 = CARTESIAN_POINT('',(-182.,-62.,31.));
#15218 = VECTOR('',#15219,1.);
#15219 = DIRECTION('',(0.,0.,1.));
#15220 = PCURVE('',#15160,#15221);
#15221 = DEFINITIONAL_REPRESENTATION('',(#15222),#15226);
#15222 = LINE('',#15223,#15224);
#15223 = CARTESIAN_POINT('',(0.,-20.));
#15224 = VECTOR('',#15225,1.);
#15225 = DIRECTION('',(1.,0.));
#15226 = ( GEOMETRIC_REPRESENTATION_CONTEXT(2)
PARAMETRIC_REPRESENTATION_CONTEXT() REPRESENTATION_CONTEXT('2D SPACE',''
  ) );
#15227 = PCURVE('',#15228,#15233);
#15228 = PLANE('',#15229);
#15229 = AXIS2_PLACEMENT_3D('',#15230,#15231,#15232);
#15230 = CARTESIAN_POINT('',(-182.,-62.,31.));
#15231 = DIRECTION('',(0.,1.,0.));
#15232 = DIRECTION('',(0.,0.,1.));
#15233 = DEFINITIONAL_REPRESENTATION('',(#15234),#15238);
#15234 = LINE('',#15235,#15236);
#15235 = CARTESIAN_POINT('',(0.,0.));
#15236 = VECTOR('',#15237,1.);
#15237 = DIRECTION('',(1.,0.));
#15238 = ( GEOMETRIC_REPRESENTATION_CONTEXT(2)
PARAMETRIC_REPRESENTATION_CONTEXT() REPRESENTATION_CONTEXT('2D SPACE',''
  ) );
#15239 = ORIENTED_EDGE('',*,*,#15240,.F.);
#15240 = EDGE_CURVE('',#15152,#15213,#15241,.T.);
#15241 = SURFACE_CURVE('',#15242,(#15246,#15253),.PCURVE_S1.);
#15242 = LINE('',#15243,#15244);
#15243 = CARTESIAN_POINT('',(-182.,-82.,39.));
#15244 = VECTOR('',#15245,1.);
#15245 = DIRECTION('',(0.,1.,0.));
#15246 = PCURVE('',#15160,#15247);
#15247 = DEFINITIONAL_REPRESENTATION('',(#15248),#15252);
#15248 = LINE('',#15249,#15250);
#15249 = CARTESIAN_POINT('',(8.,0.));
#15250 = VECTOR('',#15251,1.);
#15251 = DIRECTION('',(0.,-1.));
#15252 = ( GEOMETRIC_REPRESENTATION_CONTEXT(2)
PARAMETRIC_REPRESENTATION_CONTEXT() REPRESENTATION_CONTEXT('2D SPACE',''
  ) );
#15253 = PCURVE('',#15254,#15259);
#15254 = PLANE('',#15255);
#15255 = AXIS2_PLACEMENT_3D('',#15256,#15257,#15258);
#15256 = CARTESIAN_POINT('',(-182.,-82.,39.));
#15257 = DIRECTION('',(0.,0.,1.));
#15258 = DIRECTION('',(1.,0.,0.));
#15259 = DEFINITIONAL_REPRESENTATION('',(#15260),#15264);
#15260 = LINE('',#15261,#15262);
#15261 = CARTESIAN_POINT('',(0.,0.));
#15262 = VECTOR('',#15263,1.);
#15263 = DIRECTION('',(0.,1.));
#15264 = ( GEOMETRIC_REPRESENTATION_CONTEXT(2)
PARAMETRIC_REPRESENTATION_CONTEXT() REPRESENTATION_CONTEXT('2D SPACE',''
  ) );
#15265 = ADVANCED_FACE('',(#15266),#15280,.T.);
#15266 = FACE_BOUND('',#15267,.T.);
#15267 = EDGE_LOOP('',(#15268,#15298,#15321,#15344));
#15268 = ORIENTED_EDGE('',*,*,#15269,.F.);
#15269 = EDGE_CURVE('',#15270,#15272,#15274,.T.);
#15270 = VERTEX_POINT('',#15271);
#15271 = CARTESIAN_POINT('',(-154.,-82.,31.));
#15272 = VERTEX_POINT('',#15273);
#15273 = CARTESIAN_POINT('',(-154.,-82.,39.));
#15274 = SURFACE_CURVE('',#15275,(#15279,#15291),.PCURVE_S1.);
#15275 = LINE('',#15276,#15277);
#15276 = CARTESIAN_POINT('',(-154.,-82.,31.));
#15277 = VECTOR('',#15278,1.);
#15278 = DIRECTION('',(0.,0.,1.));
#15279 = PCURVE('',#15280,#15285);
#15280 = PLANE('',#15281);
#15281 = AXIS2_PLACEMENT_3D('',#15282,#15283,#15284);
#15282 = CARTESIAN_POINT('',(-154.,-82.,31.));
#15283 = DIRECTION('',(1.,0.,0.));
#15284 = DIRECTION('',(0.,0.,1.));
#15285 = DEFINITIONAL_REPRESENTATION('',(#15286),#15290);
#15286 = LINE('',#15287,#15288);
#15287 = CARTESIAN_POINT('',(0.,0.));
#15288 = VECTOR('',#15289,1.);
#15289 = DIRECTION('',(1.,0.));
#15290 = ( GEOMETRIC_REPRESENTATION_CONTEXT(2)
PARAMETRIC_REPRESENTATION_CONTEXT() REPRESENTATION_CONTEXT('2D SPACE',''
  ) );
#15291 = PCURVE('',#15172,#15292);
#15292 = DEFINITIONAL_REPRESENTATION('',(#15293),#15297);
#15293 = LINE('',#15294,#15295);
#15294 = CARTESIAN_POINT('',(0.,28.));
#15295 = VECTOR('',#15296,1.);
#15296 = DIRECTION('',(1.,0.));
#15297 = ( GEOMETRIC_REPRESENTATION_CONTEXT(2)
PARAMETRIC_REPRESENTATION_CONTEXT() REPRESENTATION_CONTEXT('2D SPACE',''
  ) );
#15298 = ORIENTED_EDGE('',*,*,#15299,.T.);
#15299 = EDGE_CURVE('',#15270,#15300,#15302,.T.);
#15300 = VERTEX_POINT('',#15301);
#15301 = CARTESIAN_POINT('',(-154.,-62.,31.));
#15302 = SURFACE_CURVE('',#15303,(#15307,#15314),.PCURVE_S1.);
#15303 = LINE('',#15304,#15305);
#15304 = CARTESIAN_POINT('',(-154.,-82.,31.));
#15305 = VECTOR('',#15306,1.);
#15306 = DIRECTION('',(0.,1.,0.));
#15307 = PCURVE('',#15280,#15308);
#15308 = DEFINITIONAL_REPRESENTATION('',(#15309),#15313);
#15309 = LINE('',#15310,#15311);
#15310 = CARTESIAN_POINT('',(0.,0.));
#15311 = VECTOR('',#15312,1.);
#15312 = DIRECTION('',(0.,-1.));
#15313 = ( GEOMETRIC_REPRESENTATION_CONTEXT(2)
PARAMETRIC_REPRESENTATION_CONTEXT() REPRESENTATION_CONTEXT('2D SPACE',''
  ) );
#15314 = PCURVE('',#15200,#15315);
#15315 = DEFINITIONAL_REPRESENTATION('',(#15316),#15320);
#15316 = LINE('',#15317,#15318);
#15317 = CARTESIAN_POINT('',(28.,0.));
#15318 = VECTOR('',#15319,1.);
#15319 = DIRECTION('',(0.,1.));
#15320 = ( GEOMETRIC_REPRESENTATION_CONTEXT(2)
PARAMETRIC_REPRESENTATION_CONTEXT() REPRESENTATION_CONTEXT('2D SPACE',''
  ) );
#15321 = ORIENTED_EDGE('',*,*,#15322,.T.);
#15322 = EDGE_CURVE('',#15300,#15323,#15325,.T.);
#15323 = VERTEX_POINT('',#15324);
#15324 = CARTESIAN_POINT('',(-154.,-62.,39.));
#15325 = SURFACE_CURVE('',#15326,(#15330,#15337),.PCURVE_S1.);
#15326 = LINE('',#15327,#15328);
#15327 = CARTESIAN_POINT('',(-154.,-62.,31.));
#15328 = VECTOR('',#15329,1.);
#15329 = DIRECTION('',(0.,0.,1.));
#15330 = PCURVE('',#15280,#15331);
#15331 = DEFINITIONAL_REPRESENTATION('',(#15332),#15336);
#15332 = LINE('',#15333,#15334);
#15333 = CARTESIAN_POINT('',(0.,-20.));
#15334 = VECTOR('',#15335,1.);
#15335 = DIRECTION('',(1.,0.));
#15336 = ( GEOMETRIC_REPRESENTATION_CONTEXT(2)
PARAMETRIC_REPRESENTATION_CONTEXT() REPRESENTATION_CONTEXT('2D SPACE',''
  ) );
#15337 = PCURVE('',#15228,#15338);
#15338 = DEFINITIONAL_REPRESENTATION('',(#15339),#15343);
#15339 = LINE('',#15340,#15341);
#15340 = CARTESIAN_POINT('',(0.,28.));
#15341 = VECTOR('',#15342,1.);
#15342 = DIRECTION('',(1.,0.));
#15343 = ( GEOMETRIC_REPRESENTATION_CONTEXT(2)
PARAMETRIC_REPRESENTATION_CONTEXT() REPRESENTATION_CONTEXT('2D SPACE',''
  ) );
#15344 = ORIENTED_EDGE('',*,*,#15345,.F.);
#15345 = EDGE_CURVE('',#15272,#15323,#15346,.T.);
#15346 = SURFACE_CURVE('',#15347,(#15351,#15358),.PCURVE_S1.);
#15347 = LINE('',#15348,#15349);
#15348 = CARTESIAN_POINT('',(-154.,-82.,39.));
#15349 = VECTOR('',#15350,1.);
#15350 = DIRECTION('',(0.,1.,0.));
#15351 = PCURVE('',#15280,#15352);
#15352 = DEFINITIONAL_REPRESENTATION('',(#15353),#15357);
#15353 = LINE('',#15354,#15355);
#15354 = CARTESIAN_POINT('',(8.,0.));
#15355 = VECTOR('',#15356,1.);
#15356 = DIRECTION('',(0.,-1.));
#15357 = ( GEOMETRIC_REPRESENTATION_CONTEXT(2)
PARAMETRIC_REPRESENTATION_CONTEXT() REPRESENTATION_CONTEXT('2D SPACE',''
  ) );
#15358 = PCURVE('',#15254,#15359);
#15359 = DEFINITIONAL_REPRESENTATION('',(#15360),#15364);
#15360 = LINE('',#15361,#15362);
#15361 = CARTESIAN_POINT('',(28.,0.));
#15362 = VECTOR('',#15363,1.);
#15363 = DIRECTION('',(0.,1.));
#15364 = ( GEOMETRIC_REPRESENTATION_CONTEXT(2)
PARAMETRIC_REPRESENTATION_CONTEXT() REPRESENTATION_CONTEXT('2D SPACE',''
  ) );
#15365 = ADVANCED_FACE('',(#15366),#15172,.F.);
#15366 = FACE_BOUND('',#15367,.F.);
#15367 = EDGE_LOOP('',(#15368,#15389,#15390,#15411));
#15368 = ORIENTED_EDGE('',*,*,#15369,.F.);
#15369 = EDGE_CURVE('',#15150,#15270,#15370,.T.);
#15370 = SURFACE_CURVE('',#15371,(#15375,#15382),.PCURVE_S1.);
#15371 = LINE('',#15372,#15373);
#15372 = CARTESIAN_POINT('',(-182.,-82.,31.));
#15373 = VECTOR('',#15374,1.);
#15374 = DIRECTION('',(1.,0.,0.));
#15375 = PCURVE('',#15172,#15376);
#15376 = DEFINITIONAL_REPRESENTATION('',(#15377),#15381);
#15377 = LINE('',#15378,#15379);
#15378 = CARTESIAN_POINT('',(0.,0.));
#15379 = VECTOR('',#15380,1.);
#15380 = DIRECTION('',(0.,1.));
#15381 = ( GEOMETRIC_REPRESENTATION_CONTEXT(2)
PARAMETRIC_REPRESENTATION_CONTEXT() REPRESENTATION_CONTEXT('2D SPACE',''
  ) );
#15382 = PCURVE('',#15200,#15383);
#15383 = DEFINITIONAL_REPRESENTATION('',(#15384),#15388);
#15384 = LINE('',#15385,#15386);
#15385 = CARTESIAN_POINT('',(0.,0.));
#15386 = VECTOR('',#15387,1.);
#15387 = DIRECTION('',(1.,0.));
#15388 = ( GEOMETRIC_REPRESENTATION_CONTEXT(2)
PARAMETRIC_REPRESENTATION_CONTEXT() REPRESENTATION_CONTEXT('2D SPACE',''
  ) );
#15389 = ORIENTED_EDGE('',*,*,#15149,.T.);
#15390 = ORIENTED_EDGE('',*,*,#15391,.T.);
#15391 = EDGE_CURVE('',#15152,#15272,#15392,.T.);
#15392 = SURFACE_CURVE('',#15393,(#15397,#15404),.PCURVE_S1.);
#15393 = LINE('',#15394,#15395);
#15394 = CARTESIAN_POINT('',(-182.,-82.,39.));
#15395 = VECTOR('',#15396,1.);
#15396 = DIRECTION('',(1.,0.,0.));
#15397 = PCURVE('',#15172,#15398);
#15398 = DEFINITIONAL_REPRESENTATION('',(#15399),#15403);
#15399 = LINE('',#15400,#15401);
#15400 = CARTESIAN_POINT('',(8.,0.));
#15401 = VECTOR('',#15402,1.);
#15402 = DIRECTION('',(0.,1.));
#15403 = ( GEOMETRIC_REPRESENTATION_CONTEXT(2)
PARAMETRIC_REPRESENTATION_CONTEXT() REPRESENTATION_CONTEXT('2D SPACE',''
  ) );
#15404 = PCURVE('',#15254,#15405);
#15405 = DEFINITIONAL_REPRESENTATION('',(#15406),#15410);
#15406 = LINE('',#15407,#15408);
#15407 = CARTESIAN_POINT('',(0.,0.));
#15408 = VECTOR('',#15409,1.);
#15409 = DIRECTION('',(1.,0.));
#15410 = ( GEOMETRIC_REPRESENTATION_CONTEXT(2)
PARAMETRIC_REPRESENTATION_CONTEXT() REPRESENTATION_CONTEXT('2D SPACE',''
  ) );
#15411 = ORIENTED_EDGE('',*,*,#15269,.F.);
#15412 = ADVANCED_FACE('',(#15413),#15228,.T.);
#15413 = FACE_BOUND('',#15414,.T.);
#15414 = EDGE_LOOP('',(#15415,#15436,#15437,#15458));
#15415 = ORIENTED_EDGE('',*,*,#15416,.F.);
#15416 = EDGE_CURVE('',#15185,#15300,#15417,.T.);
#15417 = SURFACE_CURVE('',#15418,(#15422,#15429),.PCURVE_S1.);
#15418 = LINE('',#15419,#15420);
#15419 = CARTESIAN_POINT('',(-182.,-62.,31.));
#15420 = VECTOR('',#15421,1.);
#15421 = DIRECTION('',(1.,0.,0.));
#15422 = PCURVE('',#15228,#15423);
#15423 = DEFINITIONAL_REPRESENTATION('',(#15424),#15428);
#15424 = LINE('',#15425,#15426);
#15425 = CARTESIAN_POINT('',(0.,0.));
#15426 = VECTOR('',#15427,1.);
#15427 = DIRECTION('',(0.,1.));
#15428 = ( GEOMETRIC_REPRESENTATION_CONTEXT(2)
PARAMETRIC_REPRESENTATION_CONTEXT() REPRESENTATION_CONTEXT('2D SPACE',''
  ) );
#15429 = PCURVE('',#15200,#15430);
#15430 = DEFINITIONAL_REPRESENTATION('',(#15431),#15435);
#15431 = LINE('',#15432,#15433);
#15432 = CARTESIAN_POINT('',(0.,20.));
#15433 = VECTOR('',#15434,1.);
#15434 = DIRECTION('',(1.,0.));
#15435 = ( GEOMETRIC_REPRESENTATION_CONTEXT(2)
PARAMETRIC_REPRESENTATION_CONTEXT() REPRESENTATION_CONTEXT('2D SPACE',''
  ) );
#15436 = ORIENTED_EDGE('',*,*,#15212,.T.);
#15437 = ORIENTED_EDGE('',*,*,#15438,.T.);
#15438 = EDGE_CURVE('',#15213,#15323,#15439,.T.);
#15439 = SURFACE_CURVE('',#15440,(#15444,#15451),.PCURVE_S1.);
#15440 = LINE('',#15441,#15442);
#15441 = CARTESIAN_POINT('',(-182.,-62.,39.));
#15442 = VECTOR('',#15443,1.);
#15443 = DIRECTION('',(1.,0.,0.));
#15444 = PCURVE('',#15228,#15445);
#15445 = DEFINITIONAL_REPRESENTATION('',(#15446),#15450);
#15446 = LINE('',#15447,#15448);
#15447 = CARTESIAN_POINT('',(8.,0.));
#15448 = VECTOR('',#15449,1.);
#15449 = DIRECTION('',(0.,1.));
#15450 = ( GEOMETRIC_REPRESENTATION_CONTEXT(2)
PARAMETRIC_REPRESENTATION_CONTEXT() REPRESENTATION_CONTEXT('2D SPACE',''
  ) );
#15451 = PCURVE('',#15254,#15452);
#15452 = DEFINITIONAL_REPRESENTATION('',(#15453),#15457);
#15453 = LINE('',#15454,#15455);
#15454 = CARTESIAN_POINT('',(0.,20.));
#15455 = VECTOR('',#15456,1.);
#15456 = DIRECTION('',(1.,0.));
#15457 = ( GEOMETRIC_REPRESENTATION_CONTEXT(2)
PARAMETRIC_REPRESENTATION_CONTEXT() REPRESENTATION_CONTEXT('2D SPACE',''
  ) );
#15458 = ORIENTED_EDGE('',*,*,#15322,.F.);
#15459 = ADVANCED_FACE('',(#15460),#15200,.F.);
#15460 = FACE_BOUND('',#15461,.F.);
#15461 = EDGE_LOOP('',(#15462,#15463,#15464,#15465));
#15462 = ORIENTED_EDGE('',*,*,#15184,.F.);
#15463 = ORIENTED_EDGE('',*,*,#15369,.T.);
#15464 = ORIENTED_EDGE('',*,*,#15299,.T.);
#15465 = ORIENTED_EDGE('',*,*,#15416,.F.);
#15466 = ADVANCED_FACE('',(#15467),#15254,.T.);
#15467 = FACE_BOUND('',#15468,.T.);
#15468 = EDGE_LOOP('',(#15469,#15470,#15471,#15472));
#15469 = ORIENTED_EDGE('',*,*,#15240,.F.);
#15470 = ORIENTED_EDGE('',*,*,#15391,.T.);
#15471 = ORIENTED_EDGE('',*,*,#15345,.T.);
#15472 = ORIENTED_EDGE('',*,*,#15438,.F.);
#15473 = ( GEOMETRIC_REPRESENTATION_CONTEXT(3)
GLOBAL_UNCERTAINTY_ASSIGNED_CONTEXT((#15477))
GLOBAL_UNIT_ASSIGNED_CONTEXT((#15474,#15475,#15476))
REPRESENTATION_CONTEXT('Context #1',
  '3D Context with UNIT and UNCERTAINTY') );
#15474 = ( LENGTH_UNIT() NAMED_UNIT(*) SI_UNIT(.MILLI.,.METRE.) );
#15475 = ( NAMED_UNIT(*) PLANE_ANGLE_UNIT() SI_UNIT($,.RADIAN.) );
#15476 = ( NAMED_UNIT(*) SI_UNIT($,.STERADIAN.) SOLID_ANGLE_UNIT() );
#15477 = UNCERTAINTY_MEASURE_WITH_UNIT(LENGTH_MEASURE(1.E-07),#15474,
  'distance_accuracy_value','confusion accuracy');
#15478 = CONTEXT_DEPENDENT_SHAPE_REPRESENTATION(#15479,#15481);
#15479 = ( REPRESENTATION_RELATIONSHIP('','',#15142,#10)
REPRESENTATION_RELATIONSHIP_WITH_TRANSFORMATION(#15480)
SHAPE_REPRESENTATION_RELATIONSHIP() );
#15480 = ITEM_DEFINED_TRANSFORMATION('','',#11,#135);
#15481 = PRODUCT_DEFINITION_SHAPE('Placement','Placement of an item',
  #15482);
#15482 = NEXT_ASSEMBLY_USAGE_OCCURRENCE('31','','',#5,#15137,$);
#15483 = PRODUCT_RELATED_PRODUCT_CATEGORY('part',$,(#15139));
#15484 = SHAPE_DEFINITION_REPRESENTATION(#15485,#15491);
#15485 = PRODUCT_DEFINITION_SHAPE('','',#15486);
#15486 = PRODUCT_DEFINITION('design','',#15487,#15490);
#15487 = PRODUCT_DEFINITION_FORMATION('','',#15488);
#15488 = PRODUCT('Open CASCADE STEP translator 7.8 20.32',
  'Open CASCADE STEP translator 7.8 20.32','',(#15489));
#15489 = PRODUCT_CONTEXT('',#2,'mechanical');
#15490 = PRODUCT_DEFINITION_CONTEXT('part definition',#2,'design');
#15491 = ADVANCED_BREP_SHAPE_REPRESENTATION('',(#11,#15492),#15822);
#15492 = MANIFOLD_SOLID_BREP('',#15493);
#15493 = CLOSED_SHELL('',(#15494,#15614,#15714,#15761,#15808,#15815));
#15494 = ADVANCED_FACE('',(#15495),#15509,.F.);
#15495 = FACE_BOUND('',#15496,.F.);
#15496 = EDGE_LOOP('',(#15497,#15532,#15560,#15588));
#15497 = ORIENTED_EDGE('',*,*,#15498,.F.);
#15498 = EDGE_CURVE('',#15499,#15501,#15503,.T.);
#15499 = VERTEX_POINT('',#15500);
#15500 = CARTESIAN_POINT('',(-195.,44.5,30.));
#15501 = VERTEX_POINT('',#15502);
#15502 = CARTESIAN_POINT('',(-195.,44.5,40.));
#15503 = SURFACE_CURVE('',#15504,(#15508,#15520),.PCURVE_S1.);
#15504 = LINE('',#15505,#15506);
#15505 = CARTESIAN_POINT('',(-195.,44.5,30.));
#15506 = VECTOR('',#15507,1.);
#15507 = DIRECTION('',(0.,0.,1.));
#15508 = PCURVE('',#15509,#15514);
#15509 = PLANE('',#15510);
#15510 = AXIS2_PLACEMENT_3D('',#15511,#15512,#15513);
#15511 = CARTESIAN_POINT('',(-195.,44.5,30.));
#15512 = DIRECTION('',(1.,0.,0.));
#15513 = DIRECTION('',(0.,0.,1.));
#15514 = DEFINITIONAL_REPRESENTATION('',(#15515),#15519);
#15515 = LINE('',#15516,#15517);
#15516 = CARTESIAN_POINT('',(0.,0.));
#15517 = VECTOR('',#15518,1.);
#15518 = DIRECTION('',(1.,0.));
#15519 = ( GEOMETRIC_REPRESENTATION_CONTEXT(2)
PARAMETRIC_REPRESENTATION_CONTEXT() REPRESENTATION_CONTEXT('2D SPACE',''
  ) );
#15520 = PCURVE('',#15521,#15526);
#15521 = PLANE('',#15522);
#15522 = AXIS2_PLACEMENT_3D('',#15523,#15524,#15525);
#15523 = CARTESIAN_POINT('',(-195.,44.5,30.));
#15524 = DIRECTION('',(0.,1.,0.));
#15525 = DIRECTION('',(0.,0.,1.));
#15526 = DEFINITIONAL_REPRESENTATION('',(#15527),#15531);
#15527 = LINE('',#15528,#15529);
#15528 = CARTESIAN_POINT('',(0.,0.));
#15529 = VECTOR('',#15530,1.);
#15530 = DIRECTION('',(1.,0.));
#15531 = ( GEOMETRIC_REPRESENTATION_CONTEXT(2)
PARAMETRIC_REPRESENTATION_CONTEXT() REPRESENTATION_CONTEXT('2D SPACE',''
  ) );
#15532 = ORIENTED_EDGE('',*,*,#15533,.T.);
#15533 = EDGE_CURVE('',#15499,#15534,#15536,.T.);
#15534 = VERTEX_POINT('',#15535);
#15535 = CARTESIAN_POINT('',(-195.,59.5,30.));
#15536 = SURFACE_CURVE('',#15537,(#15541,#15548),.PCURVE_S1.);
#15537 = LINE('',#15538,#15539);
#15538 = CARTESIAN_POINT('',(-195.,44.5,30.));
#15539 = VECTOR('',#15540,1.);
#15540 = DIRECTION('',(0.,1.,0.));
#15541 = PCURVE('',#15509,#15542);
#15542 = DEFINITIONAL_REPRESENTATION('',(#15543),#15547);
#15543 = LINE('',#15544,#15545);
#15544 = CARTESIAN_POINT('',(0.,0.));
#15545 = VECTOR('',#15546,1.);
#15546 = DIRECTION('',(0.,-1.));
#15547 = ( GEOMETRIC_REPRESENTATION_CONTEXT(2)
PARAMETRIC_REPRESENTATION_CONTEXT() REPRESENTATION_CONTEXT('2D SPACE',''
  ) );
#15548 = PCURVE('',#15549,#15554);
#15549 = PLANE('',#15550);
#15550 = AXIS2_PLACEMENT_3D('',#15551,#15552,#15553);
#15551 = CARTESIAN_POINT('',(-195.,44.5,30.));
#15552 = DIRECTION('',(0.,0.,1.));
#15553 = DIRECTION('',(1.,0.,0.));
#15554 = DEFINITIONAL_REPRESENTATION('',(#15555),#15559);
#15555 = LINE('',#15556,#15557);
#15556 = CARTESIAN_POINT('',(0.,0.));
#15557 = VECTOR('',#15558,1.);
#15558 = DIRECTION('',(0.,1.));
#15559 = ( GEOMETRIC_REPRESENTATION_CONTEXT(2)
PARAMETRIC_REPRESENTATION_CONTEXT() REPRESENTATION_CONTEXT('2D SPACE',''
  ) );
#15560 = ORIENTED_EDGE('',*,*,#15561,.T.);
#15561 = EDGE_CURVE('',#15534,#15562,#15564,.T.);
#15562 = VERTEX_POINT('',#15563);
#15563 = CARTESIAN_POINT('',(-195.,59.5,40.));
#15564 = SURFACE_CURVE('',#15565,(#15569,#15576),.PCURVE_S1.);
#15565 = LINE('',#15566,#15567);
#15566 = CARTESIAN_POINT('',(-195.,59.5,30.));
#15567 = VECTOR('',#15568,1.);
#15568 = DIRECTION('',(0.,0.,1.));
#15569 = PCURVE('',#15509,#15570);
#15570 = DEFINITIONAL_REPRESENTATION('',(#15571),#15575);
#15571 = LINE('',#15572,#15573);
#15572 = CARTESIAN_POINT('',(0.,-15.));
#15573 = VECTOR('',#15574,1.);
#15574 = DIRECTION('',(1.,0.));
#15575 = ( GEOMETRIC_REPRESENTATION_CONTEXT(2)
PARAMETRIC_REPRESENTATION_CONTEXT() REPRESENTATION_CONTEXT('2D SPACE',''
  ) );
#15576 = PCURVE('',#15577,#15582);
#15577 = PLANE('',#15578);
#15578 = AXIS2_PLACEMENT_3D('',#15579,#15580,#15581);
#15579 = CARTESIAN_POINT('',(-195.,59.5,30.));
#15580 = DIRECTION('',(0.,1.,0.));
#15581 = DIRECTION('',(0.,0.,1.));
#15582 = DEFINITIONAL_REPRESENTATION('',(#15583),#15587);
#15583 = LINE('',#15584,#15585);
#15584 = CARTESIAN_POINT('',(0.,0.));
#15585 = VECTOR('',#15586,1.);
#15586 = DIRECTION('',(1.,0.));
#15587 = ( GEOMETRIC_REPRESENTATION_CONTEXT(2)
PARAMETRIC_REPRESENTATION_CONTEXT() REPRESENTATION_CONTEXT('2D SPACE',''
  ) );
#15588 = ORIENTED_EDGE('',*,*,#15589,.F.);
#15589 = EDGE_CURVE('',#15501,#15562,#15590,.T.);
#15590 = SURFACE_CURVE('',#15591,(#15595,#15602),.PCURVE_S1.);
#15591 = LINE('',#15592,#15593);
#15592 = CARTESIAN_POINT('',(-195.,44.5,40.));
#15593 = VECTOR('',#15594,1.);
#15594 = DIRECTION('',(0.,1.,0.));
#15595 = PCURVE('',#15509,#15596);
#15596 = DEFINITIONAL_REPRESENTATION('',(#15597),#15601);
#15597 = LINE('',#15598,#15599);
#15598 = CARTESIAN_POINT('',(10.,0.));
#15599 = VECTOR('',#15600,1.);
#15600 = DIRECTION('',(0.,-1.));
#15601 = ( GEOMETRIC_REPRESENTATION_CONTEXT(2)
PARAMETRIC_REPRESENTATION_CONTEXT() REPRESENTATION_CONTEXT('2D SPACE',''
  ) );
#15602 = PCURVE('',#15603,#15608);
#15603 = PLANE('',#15604);
#15604 = AXIS2_PLACEMENT_3D('',#15605,#15606,#15607);
#15605 = CARTESIAN_POINT('',(-195.,44.5,40.));
#15606 = DIRECTION('',(0.,0.,1.));
#15607 = DIRECTION('',(1.,0.,0.));
#15608 = DEFINITIONAL_REPRESENTATION('',(#15609),#15613);
#15609 = LINE('',#15610,#15611);
#15610 = CARTESIAN_POINT('',(0.,0.));
#15611 = VECTOR('',#15612,1.);
#15612 = DIRECTION('',(0.,1.));
#15613 = ( GEOMETRIC_REPRESENTATION_CONTEXT(2)
PARAMETRIC_REPRESENTATION_CONTEXT() REPRESENTATION_CONTEXT('2D SPACE',''
  ) );
#15614 = ADVANCED_FACE('',(#15615),#15629,.T.);
#15615 = FACE_BOUND('',#15616,.T.);
#15616 = EDGE_LOOP('',(#15617,#15647,#15670,#15693));
#15617 = ORIENTED_EDGE('',*,*,#15618,.F.);
#15618 = EDGE_CURVE('',#15619,#15621,#15623,.T.);
#15619 = VERTEX_POINT('',#15620);
#15620 = CARTESIAN_POINT('',(-175.,44.5,30.));
#15621 = VERTEX_POINT('',#15622);
#15622 = CARTESIAN_POINT('',(-175.,44.5,40.));
#15623 = SURFACE_CURVE('',#15624,(#15628,#15640),.PCURVE_S1.);
#15624 = LINE('',#15625,#15626);
#15625 = CARTESIAN_POINT('',(-175.,44.5,30.));
#15626 = VECTOR('',#15627,1.);
#15627 = DIRECTION('',(0.,0.,1.));
#15628 = PCURVE('',#15629,#15634);
#15629 = PLANE('',#15630);
#15630 = AXIS2_PLACEMENT_3D('',#15631,#15632,#15633);
#15631 = CARTESIAN_POINT('',(-175.,44.5,30.));
#15632 = DIRECTION('',(1.,0.,0.));
#15633 = DIRECTION('',(0.,0.,1.));
#15634 = DEFINITIONAL_REPRESENTATION('',(#15635),#15639);
#15635 = LINE('',#15636,#15637);
#15636 = CARTESIAN_POINT('',(0.,0.));
#15637 = VECTOR('',#15638,1.);
#15638 = DIRECTION('',(1.,0.));
#15639 = ( GEOMETRIC_REPRESENTATION_CONTEXT(2)
PARAMETRIC_REPRESENTATION_CONTEXT() REPRESENTATION_CONTEXT('2D SPACE',''
  ) );
#15640 = PCURVE('',#15521,#15641);
#15641 = DEFINITIONAL_REPRESENTATION('',(#15642),#15646);
#15642 = LINE('',#15643,#15644);
#15643 = CARTESIAN_POINT('',(0.,20.));
#15644 = VECTOR('',#15645,1.);
#15645 = DIRECTION('',(1.,0.));
#15646 = ( GEOMETRIC_REPRESENTATION_CONTEXT(2)
PARAMETRIC_REPRESENTATION_CONTEXT() REPRESENTATION_CONTEXT('2D SPACE',''
  ) );
#15647 = ORIENTED_EDGE('',*,*,#15648,.T.);
#15648 = EDGE_CURVE('',#15619,#15649,#15651,.T.);
#15649 = VERTEX_POINT('',#15650);
#15650 = CARTESIAN_POINT('',(-175.,59.5,30.));
#15651 = SURFACE_CURVE('',#15652,(#15656,#15663),.PCURVE_S1.);
#15652 = LINE('',#15653,#15654);
#15653 = CARTESIAN_POINT('',(-175.,44.5,30.));
#15654 = VECTOR('',#15655,1.);
#15655 = DIRECTION('',(0.,1.,0.));
#15656 = PCURVE('',#15629,#15657);
#15657 = DEFINITIONAL_REPRESENTATION('',(#15658),#15662);
#15658 = LINE('',#15659,#15660);
#15659 = CARTESIAN_POINT('',(0.,0.));
#15660 = VECTOR('',#15661,1.);
#15661 = DIRECTION('',(0.,-1.));
#15662 = ( GEOMETRIC_REPRESENTATION_CONTEXT(2)
PARAMETRIC_REPRESENTATION_CONTEXT() REPRESENTATION_CONTEXT('2D SPACE',''
  ) );
#15663 = PCURVE('',#15549,#15664);
#15664 = DEFINITIONAL_REPRESENTATION('',(#15665),#15669);
#15665 = LINE('',#15666,#15667);
#15666 = CARTESIAN_POINT('',(20.,0.));
#15667 = VECTOR('',#15668,1.);
#15668 = DIRECTION('',(0.,1.));
#15669 = ( GEOMETRIC_REPRESENTATION_CONTEXT(2)
PARAMETRIC_REPRESENTATION_CONTEXT() REPRESENTATION_CONTEXT('2D SPACE',''
  ) );
#15670 = ORIENTED_EDGE('',*,*,#15671,.T.);
#15671 = EDGE_CURVE('',#15649,#15672,#15674,.T.);
#15672 = VERTEX_POINT('',#15673);
#15673 = CARTESIAN_POINT('',(-175.,59.5,40.));
#15674 = SURFACE_CURVE('',#15675,(#15679,#15686),.PCURVE_S1.);
#15675 = LINE('',#15676,#15677);
#15676 = CARTESIAN_POINT('',(-175.,59.5,30.));
#15677 = VECTOR('',#15678,1.);
#15678 = DIRECTION('',(0.,0.,1.));
#15679 = PCURVE('',#15629,#15680);
#15680 = DEFINITIONAL_REPRESENTATION('',(#15681),#15685);
#15681 = LINE('',#15682,#15683);
#15682 = CARTESIAN_POINT('',(0.,-15.));
#15683 = VECTOR('',#15684,1.);
#15684 = DIRECTION('',(1.,0.));
#15685 = ( GEOMETRIC_REPRESENTATION_CONTEXT(2)
PARAMETRIC_REPRESENTATION_CONTEXT() REPRESENTATION_CONTEXT('2D SPACE',''
  ) );
#15686 = PCURVE('',#15577,#15687);
#15687 = DEFINITIONAL_REPRESENTATION('',(#15688),#15692);
#15688 = LINE('',#15689,#15690);
#15689 = CARTESIAN_POINT('',(0.,20.));
#15690 = VECTOR('',#15691,1.);
#15691 = DIRECTION('',(1.,0.));
#15692 = ( GEOMETRIC_REPRESENTATION_CONTEXT(2)
PARAMETRIC_REPRESENTATION_CONTEXT() REPRESENTATION_CONTEXT('2D SPACE',''
  ) );
#15693 = ORIENTED_EDGE('',*,*,#15694,.F.);
#15694 = EDGE_CURVE('',#15621,#15672,#15695,.T.);
#15695 = SURFACE_CURVE('',#15696,(#15700,#15707),.PCURVE_S1.);
#15696 = LINE('',#15697,#15698);
#15697 = CARTESIAN_POINT('',(-175.,44.5,40.));
#15698 = VECTOR('',#15699,1.);
#15699 = DIRECTION('',(0.,1.,0.));
#15700 = PCURVE('',#15629,#15701);
#15701 = DEFINITIONAL_REPRESENTATION('',(#15702),#15706);
#15702 = LINE('',#15703,#15704);
#15703 = CARTESIAN_POINT('',(10.,0.));
#15704 = VECTOR('',#15705,1.);
#15705 = DIRECTION('',(0.,-1.));
#15706 = ( GEOMETRIC_REPRESENTATION_CONTEXT(2)
PARAMETRIC_REPRESENTATION_CONTEXT() REPRESENTATION_CONTEXT('2D SPACE',''
  ) );
#15707 = PCURVE('',#15603,#15708);
#15708 = DEFINITIONAL_REPRESENTATION('',(#15709),#15713);
#15709 = LINE('',#15710,#15711);
#15710 = CARTESIAN_POINT('',(20.,0.));
#15711 = VECTOR('',#15712,1.);
#15712 = DIRECTION('',(0.,1.));
#15713 = ( GEOMETRIC_REPRESENTATION_CONTEXT(2)
PARAMETRIC_REPRESENTATION_CONTEXT() REPRESENTATION_CONTEXT('2D SPACE',''
  ) );
#15714 = ADVANCED_FACE('',(#15715),#15521,.F.);
#15715 = FACE_BOUND('',#15716,.F.);
#15716 = EDGE_LOOP('',(#15717,#15738,#15739,#15760));
#15717 = ORIENTED_EDGE('',*,*,#15718,.F.);
#15718 = EDGE_CURVE('',#15499,#15619,#15719,.T.);
#15719 = SURFACE_CURVE('',#15720,(#15724,#15731),.PCURVE_S1.);
#15720 = LINE('',#15721,#15722);
#15721 = CARTESIAN_POINT('',(-195.,44.5,30.));
#15722 = VECTOR('',#15723,1.);
#15723 = DIRECTION('',(1.,0.,0.));
#15724 = PCURVE('',#15521,#15725);
#15725 = DEFINITIONAL_REPRESENTATION('',(#15726),#15730);
#15726 = LINE('',#15727,#15728);
#15727 = CARTESIAN_POINT('',(0.,0.));
#15728 = VECTOR('',#15729,1.);
#15729 = DIRECTION('',(0.,1.));
#15730 = ( GEOMETRIC_REPRESENTATION_CONTEXT(2)
PARAMETRIC_REPRESENTATION_CONTEXT() REPRESENTATION_CONTEXT('2D SPACE',''
  ) );
#15731 = PCURVE('',#15549,#15732);
#15732 = DEFINITIONAL_REPRESENTATION('',(#15733),#15737);
#15733 = LINE('',#15734,#15735);
#15734 = CARTESIAN_POINT('',(0.,0.));
#15735 = VECTOR('',#15736,1.);
#15736 = DIRECTION('',(1.,0.));
#15737 = ( GEOMETRIC_REPRESENTATION_CONTEXT(2)
PARAMETRIC_REPRESENTATION_CONTEXT() REPRESENTATION_CONTEXT('2D SPACE',''
  ) );
#15738 = ORIENTED_EDGE('',*,*,#15498,.T.);
#15739 = ORIENTED_EDGE('',*,*,#15740,.T.);
#15740 = EDGE_CURVE('',#15501,#15621,#15741,.T.);
#15741 = SURFACE_CURVE('',#15742,(#15746,#15753),.PCURVE_S1.);
#15742 = LINE('',#15743,#15744);
#15743 = CARTESIAN_POINT('',(-195.,44.5,40.));
#15744 = VECTOR('',#15745,1.);
#15745 = DIRECTION('',(1.,0.,0.));
#15746 = PCURVE('',#15521,#15747);
#15747 = DEFINITIONAL_REPRESENTATION('',(#15748),#15752);
#15748 = LINE('',#15749,#15750);
#15749 = CARTESIAN_POINT('',(10.,0.));
#15750 = VECTOR('',#15751,1.);
#15751 = DIRECTION('',(0.,1.));
#15752 = ( GEOMETRIC_REPRESENTATION_CONTEXT(2)
PARAMETRIC_REPRESENTATION_CONTEXT() REPRESENTATION_CONTEXT('2D SPACE',''
  ) );
#15753 = PCURVE('',#15603,#15754);
#15754 = DEFINITIONAL_REPRESENTATION('',(#15755),#15759);
#15755 = LINE('',#15756,#15757);
#15756 = CARTESIAN_POINT('',(0.,0.));
#15757 = VECTOR('',#15758,1.);
#15758 = DIRECTION('',(1.,0.));
#15759 = ( GEOMETRIC_REPRESENTATION_CONTEXT(2)
PARAMETRIC_REPRESENTATION_CONTEXT() REPRESENTATION_CONTEXT('2D SPACE',''
  ) );
#15760 = ORIENTED_EDGE('',*,*,#15618,.F.);
#15761 = ADVANCED_FACE('',(#15762),#15577,.T.);
#15762 = FACE_BOUND('',#15763,.T.);
#15763 = EDGE_LOOP('',(#15764,#15785,#15786,#15807));
#15764 = ORIENTED_EDGE('',*,*,#15765,.F.);
#15765 = EDGE_CURVE('',#15534,#15649,#15766,.T.);
#15766 = SURFACE_CURVE('',#15767,(#15771,#15778),.PCURVE_S1.);
#15767 = LINE('',#15768,#15769);
#15768 = CARTESIAN_POINT('',(-195.,59.5,30.));
#15769 = VECTOR('',#15770,1.);
#15770 = DIRECTION('',(1.,0.,0.));
#15771 = PCURVE('',#15577,#15772);
#15772 = DEFINITIONAL_REPRESENTATION('',(#15773),#15777);
#15773 = LINE('',#15774,#15775);
#15774 = CARTESIAN_POINT('',(0.,0.));
#15775 = VECTOR('',#15776,1.);
#15776 = DIRECTION('',(0.,1.));
#15777 = ( GEOMETRIC_REPRESENTATION_CONTEXT(2)
PARAMETRIC_REPRESENTATION_CONTEXT() REPRESENTATION_CONTEXT('2D SPACE',''
  ) );
#15778 = PCURVE('',#15549,#15779);
#15779 = DEFINITIONAL_REPRESENTATION('',(#15780),#15784);
#15780 = LINE('',#15781,#15782);
#15781 = CARTESIAN_POINT('',(0.,15.));
#15782 = VECTOR('',#15783,1.);
#15783 = DIRECTION('',(1.,0.));
#15784 = ( GEOMETRIC_REPRESENTATION_CONTEXT(2)
PARAMETRIC_REPRESENTATION_CONTEXT() REPRESENTATION_CONTEXT('2D SPACE',''
  ) );
#15785 = ORIENTED_EDGE('',*,*,#15561,.T.);
#15786 = ORIENTED_EDGE('',*,*,#15787,.T.);
#15787 = EDGE_CURVE('',#15562,#15672,#15788,.T.);
#15788 = SURFACE_CURVE('',#15789,(#15793,#15800),.PCURVE_S1.);
#15789 = LINE('',#15790,#15791);
#15790 = CARTESIAN_POINT('',(-195.,59.5,40.));
#15791 = VECTOR('',#15792,1.);
#15792 = DIRECTION('',(1.,0.,0.));
#15793 = PCURVE('',#15577,#15794);
#15794 = DEFINITIONAL_REPRESENTATION('',(#15795),#15799);
#15795 = LINE('',#15796,#15797);
#15796 = CARTESIAN_POINT('',(10.,0.));
#15797 = VECTOR('',#15798,1.);
#15798 = DIRECTION('',(0.,1.));
#15799 = ( GEOMETRIC_REPRESENTATION_CONTEXT(2)
PARAMETRIC_REPRESENTATION_CONTEXT() REPRESENTATION_CONTEXT('2D SPACE',''
  ) );
#15800 = PCURVE('',#15603,#15801);
#15801 = DEFINITIONAL_REPRESENTATION('',(#15802),#15806);
#15802 = LINE('',#15803,#15804);
#15803 = CARTESIAN_POINT('',(0.,15.));
#15804 = VECTOR('',#15805,1.);
#15805 = DIRECTION('',(1.,0.));
#15806 = ( GEOMETRIC_REPRESENTATION_CONTEXT(2)
PARAMETRIC_REPRESENTATION_CONTEXT() REPRESENTATION_CONTEXT('2D SPACE',''
  ) );
#15807 = ORIENTED_EDGE('',*,*,#15671,.F.);
#15808 = ADVANCED_FACE('',(#15809),#15549,.F.);
#15809 = FACE_BOUND('',#15810,.F.);
#15810 = EDGE_LOOP('',(#15811,#15812,#15813,#15814));
#15811 = ORIENTED_EDGE('',*,*,#15533,.F.);
#15812 = ORIENTED_EDGE('',*,*,#15718,.T.);
#15813 = ORIENTED_EDGE('',*,*,#15648,.T.);
#15814 = ORIENTED_EDGE('',*,*,#15765,.F.);
#15815 = ADVANCED_FACE('',(#15816),#15603,.T.);
#15816 = FACE_BOUND('',#15817,.T.);
#15817 = EDGE_LOOP('',(#15818,#15819,#15820,#15821));
#15818 = ORIENTED_EDGE('',*,*,#15589,.F.);
#15819 = ORIENTED_EDGE('',*,*,#15740,.T.);
#15820 = ORIENTED_EDGE('',*,*,#15694,.T.);
#15821 = ORIENTED_EDGE('',*,*,#15787,.F.);
#15822 = ( GEOMETRIC_REPRESENTATION_CONTEXT(3)
GLOBAL_UNCERTAINTY_ASSIGNED_CONTEXT((#15826))
GLOBAL_UNIT_ASSIGNED_CONTEXT((#15823,#15824,#15825))
REPRESENTATION_CONTEXT('Context #1',
  '3D Context with UNIT and UNCERTAINTY') );
#15823 = ( LENGTH_UNIT() NAMED_UNIT(*) SI_UNIT(.MILLI.,.METRE.) );
#15824 = ( NAMED_UNIT(*) PLANE_ANGLE_UNIT() SI_UNIT($,.RADIAN.) );
#15825 = ( NAMED_UNIT(*) SI_UNIT($,.STERADIAN.) SOLID_ANGLE_UNIT() );
#15826 = UNCERTAINTY_MEASURE_WITH_UNIT(LENGTH_MEASURE(1.E-07),#15823,
  'distance_accuracy_value','confusion accuracy');
#15827 = CONTEXT_DEPENDENT_SHAPE_REPRESENTATION(#15828,#15830);
#15828 = ( REPRESENTATION_RELATIONSHIP('','',#15491,#10)
REPRESENTATION_RELATIONSHIP_WITH_TRANSFORMATION(#15829)
SHAPE_REPRESENTATION_RELATIONSHIP() );
#15829 = ITEM_DEFINED_TRANSFORMATION('','',#11,#139);
#15830 = PRODUCT_DEFINITION_SHAPE('Placement','Placement of an item',
  #15831);
#15831 = NEXT_ASSEMBLY_USAGE_OCCURRENCE('32','','',#5,#15486,$);
#15832 = PRODUCT_RELATED_PRODUCT_CATEGORY('part',$,(#15488));
#15833 = SHAPE_DEFINITION_REPRESENTATION(#15834,#15840);
#15834 = PRODUCT_DEFINITION_SHAPE('','',#15835);
#15835 = PRODUCT_DEFINITION('design','',#15836,#15839);
#15836 = PRODUCT_DEFINITION_FORMATION('','',#15837);
#15837 = PRODUCT('Open CASCADE STEP translator 7.8 20.33',
  'Open CASCADE STEP translator 7.8 20.33','',(#15838));
#15838 = PRODUCT_CONTEXT('',#2,'mechanical');
#15839 = PRODUCT_DEFINITION_CONTEXT('part definition',#2,'design');
#15840 = ADVANCED_BREP_SHAPE_REPRESENTATION('',(#11,#15841),#16171);
#15841 = MANIFOLD_SOLID_BREP('',#15842);
#15842 = CLOSED_SHELL('',(#15843,#15963,#16063,#16110,#16157,#16164));
#15843 = ADVANCED_FACE('',(#15844),#15858,.F.);
#15844 = FACE_BOUND('',#15845,.F.);
#15845 = EDGE_LOOP('',(#15846,#15881,#15909,#15937));
#15846 = ORIENTED_EDGE('',*,*,#15847,.F.);
#15847 = EDGE_CURVE('',#15848,#15850,#15852,.T.);
#15848 = VERTEX_POINT('',#15849);
#15849 = CARTESIAN_POINT('',(-182.,42.,31.));
#15850 = VERTEX_POINT('',#15851);
#15851 = CARTESIAN_POINT('',(-182.,42.,39.));
#15852 = SURFACE_CURVE('',#15853,(#15857,#15869),.PCURVE_S1.);
#15853 = LINE('',#15854,#15855);
#15854 = CARTESIAN_POINT('',(-182.,42.,31.));
#15855 = VECTOR('',#15856,1.);
#15856 = DIRECTION('',(0.,0.,1.));
#15857 = PCURVE('',#15858,#15863);
#15858 = PLANE('',#15859);
#15859 = AXIS2_PLACEMENT_3D('',#15860,#15861,#15862);
#15860 = CARTESIAN_POINT('',(-182.,42.,31.));
#15861 = DIRECTION('',(1.,0.,0.));
#15862 = DIRECTION('',(0.,0.,1.));
#15863 = DEFINITIONAL_REPRESENTATION('',(#15864),#15868);
#15864 = LINE('',#15865,#15866);
#15865 = CARTESIAN_POINT('',(0.,0.));
#15866 = VECTOR('',#15867,1.);
#15867 = DIRECTION('',(1.,0.));
#15868 = ( GEOMETRIC_REPRESENTATION_CONTEXT(2)
PARAMETRIC_REPRESENTATION_CONTEXT() REPRESENTATION_CONTEXT('2D SPACE',''
  ) );
#15869 = PCURVE('',#15870,#15875);
#15870 = PLANE('',#15871);
#15871 = AXIS2_PLACEMENT_3D('',#15872,#15873,#15874);
#15872 = CARTESIAN_POINT('',(-182.,42.,31.));
#15873 = DIRECTION('',(0.,1.,0.));
#15874 = DIRECTION('',(0.,0.,1.));
#15875 = DEFINITIONAL_REPRESENTATION('',(#15876),#15880);
#15876 = LINE('',#15877,#15878);
#15877 = CARTESIAN_POINT('',(0.,0.));
#15878 = VECTOR('',#15879,1.);
#15879 = DIRECTION('',(1.,0.));
#15880 = ( GEOMETRIC_REPRESENTATION_CONTEXT(2)
PARAMETRIC_REPRESENTATION_CONTEXT() REPRESENTATION_CONTEXT('2D SPACE',''
  ) );
#15881 = ORIENTED_EDGE('',*,*,#15882,.T.);
#15882 = EDGE_CURVE('',#15848,#15883,#15885,.T.);
#15883 = VERTEX_POINT('',#15884);
#15884 = CARTESIAN_POINT('',(-182.,62.,31.));
#15885 = SURFACE_CURVE('',#15886,(#15890,#15897),.PCURVE_S1.);
#15886 = LINE('',#15887,#15888);
#15887 = CARTESIAN_POINT('',(-182.,42.,31.));
#15888 = VECTOR('',#15889,1.);
#15889 = DIRECTION('',(0.,1.,0.));
#15890 = PCURVE('',#15858,#15891);
#15891 = DEFINITIONAL_REPRESENTATION('',(#15892),#15896);
#15892 = LINE('',#15893,#15894);
#15893 = CARTESIAN_POINT('',(0.,0.));
#15894 = VECTOR('',#15895,1.);
#15895 = DIRECTION('',(0.,-1.));
#15896 = ( GEOMETRIC_REPRESENTATION_CONTEXT(2)
PARAMETRIC_REPRESENTATION_CONTEXT() REPRESENTATION_CONTEXT('2D SPACE',''
  ) );
#15897 = PCURVE('',#15898,#15903);
#15898 = PLANE('',#15899);
#15899 = AXIS2_PLACEMENT_3D('',#15900,#15901,#15902);
#15900 = CARTESIAN_POINT('',(-182.,42.,31.));
#15901 = DIRECTION('',(0.,0.,1.));
#15902 = DIRECTION('',(1.,0.,0.));
#15903 = DEFINITIONAL_REPRESENTATION('',(#15904),#15908);
#15904 = LINE('',#15905,#15906);
#15905 = CARTESIAN_POINT('',(0.,0.));
#15906 = VECTOR('',#15907,1.);
#15907 = DIRECTION('',(0.,1.));
#15908 = ( GEOMETRIC_REPRESENTATION_CONTEXT(2)
PARAMETRIC_REPRESENTATION_CONTEXT() REPRESENTATION_CONTEXT('2D SPACE',''
  ) );
#15909 = ORIENTED_EDGE('',*,*,#15910,.T.);
#15910 = EDGE_CURVE('',#15883,#15911,#15913,.T.);
#15911 = VERTEX_POINT('',#15912);
#15912 = CARTESIAN_POINT('',(-182.,62.,39.));
#15913 = SURFACE_CURVE('',#15914,(#15918,#15925),.PCURVE_S1.);
#15914 = LINE('',#15915,#15916);
#15915 = CARTESIAN_POINT('',(-182.,62.,31.));
#15916 = VECTOR('',#15917,1.);
#15917 = DIRECTION('',(0.,0.,1.));
#15918 = PCURVE('',#15858,#15919);
#15919 = DEFINITIONAL_REPRESENTATION('',(#15920),#15924);
#15920 = LINE('',#15921,#15922);
#15921 = CARTESIAN_POINT('',(0.,-20.));
#15922 = VECTOR('',#15923,1.);
#15923 = DIRECTION('',(1.,0.));
#15924 = ( GEOMETRIC_REPRESENTATION_CONTEXT(2)
PARAMETRIC_REPRESENTATION_CONTEXT() REPRESENTATION_CONTEXT('2D SPACE',''
  ) );
#15925 = PCURVE('',#15926,#15931);
#15926 = PLANE('',#15927);
#15927 = AXIS2_PLACEMENT_3D('',#15928,#15929,#15930);
#15928 = CARTESIAN_POINT('',(-182.,62.,31.));
#15929 = DIRECTION('',(0.,1.,0.));
#15930 = DIRECTION('',(0.,0.,1.));
#15931 = DEFINITIONAL_REPRESENTATION('',(#15932),#15936);
#15932 = LINE('',#15933,#15934);
#15933 = CARTESIAN_POINT('',(0.,0.));
#15934 = VECTOR('',#15935,1.);
#15935 = DIRECTION('',(1.,0.));
#15936 = ( GEOMETRIC_REPRESENTATION_CONTEXT(2)
PARAMETRIC_REPRESENTATION_CONTEXT() REPRESENTATION_CONTEXT('2D SPACE',''
  ) );
#15937 = ORIENTED_EDGE('',*,*,#15938,.F.);
#15938 = EDGE_CURVE('',#15850,#15911,#15939,.T.);
#15939 = SURFACE_CURVE('',#15940,(#15944,#15951),.PCURVE_S1.);
#15940 = LINE('',#15941,#15942);
#15941 = CARTESIAN_POINT('',(-182.,42.,39.));
#15942 = VECTOR('',#15943,1.);
#15943 = DIRECTION('',(0.,1.,0.));
#15944 = PCURVE('',#15858,#15945);
#15945 = DEFINITIONAL_REPRESENTATION('',(#15946),#15950);
#15946 = LINE('',#15947,#15948);
#15947 = CARTESIAN_POINT('',(8.,0.));
#15948 = VECTOR('',#15949,1.);
#15949 = DIRECTION('',(0.,-1.));
#15950 = ( GEOMETRIC_REPRESENTATION_CONTEXT(2)
PARAMETRIC_REPRESENTATION_CONTEXT() REPRESENTATION_CONTEXT('2D SPACE',''
  ) );
#15951 = PCURVE('',#15952,#15957);
#15952 = PLANE('',#15953);
#15953 = AXIS2_PLACEMENT_3D('',#15954,#15955,#15956);
#15954 = CARTESIAN_POINT('',(-182.,42.,39.));
#15955 = DIRECTION('',(0.,0.,1.));
#15956 = DIRECTION('',(1.,0.,0.));
#15957 = DEFINITIONAL_REPRESENTATION('',(#15958),#15962);
#15958 = LINE('',#15959,#15960);
#15959 = CARTESIAN_POINT('',(0.,0.));
#15960 = VECTOR('',#15961,1.);
#15961 = DIRECTION('',(0.,1.));
#15962 = ( GEOMETRIC_REPRESENTATION_CONTEXT(2)
PARAMETRIC_REPRESENTATION_CONTEXT() REPRESENTATION_CONTEXT('2D SPACE',''
  ) );
#15963 = ADVANCED_FACE('',(#15964),#15978,.T.);
#15964 = FACE_BOUND('',#15965,.T.);
#15965 = EDGE_LOOP('',(#15966,#15996,#16019,#16042));
#15966 = ORIENTED_EDGE('',*,*,#15967,.F.);
#15967 = EDGE_CURVE('',#15968,#15970,#15972,.T.);
#15968 = VERTEX_POINT('',#15969);
#15969 = CARTESIAN_POINT('',(-154.,42.,31.));
#15970 = VERTEX_POINT('',#15971);
#15971 = CARTESIAN_POINT('',(-154.,42.,39.));
#15972 = SURFACE_CURVE('',#15973,(#15977,#15989),.PCURVE_S1.);
#15973 = LINE('',#15974,#15975);
#15974 = CARTESIAN_POINT('',(-154.,42.,31.));
#15975 = VECTOR('',#15976,1.);
#15976 = DIRECTION('',(0.,0.,1.));
#15977 = PCURVE('',#15978,#15983);
#15978 = PLANE('',#15979);
#15979 = AXIS2_PLACEMENT_3D('',#15980,#15981,#15982);
#15980 = CARTESIAN_POINT('',(-154.,42.,31.));
#15981 = DIRECTION('',(1.,0.,0.));
#15982 = DIRECTION('',(0.,0.,1.));
#15983 = DEFINITIONAL_REPRESENTATION('',(#15984),#15988);
#15984 = LINE('',#15985,#15986);
#15985 = CARTESIAN_POINT('',(0.,0.));
#15986 = VECTOR('',#15987,1.);
#15987 = DIRECTION('',(1.,0.));
#15988 = ( GEOMETRIC_REPRESENTATION_CONTEXT(2)
PARAMETRIC_REPRESENTATION_CONTEXT() REPRESENTATION_CONTEXT('2D SPACE',''
  ) );
#15989 = PCURVE('',#15870,#15990);
#15990 = DEFINITIONAL_REPRESENTATION('',(#15991),#15995);
#15991 = LINE('',#15992,#15993);
#15992 = CARTESIAN_POINT('',(0.,28.));
#15993 = VECTOR('',#15994,1.);
#15994 = DIRECTION('',(1.,0.));
#15995 = ( GEOMETRIC_REPRESENTATION_CONTEXT(2)
PARAMETRIC_REPRESENTATION_CONTEXT() REPRESENTATION_CONTEXT('2D SPACE',''
  ) );
#15996 = ORIENTED_EDGE('',*,*,#15997,.T.);
#15997 = EDGE_CURVE('',#15968,#15998,#16000,.T.);
#15998 = VERTEX_POINT('',#15999);
#15999 = CARTESIAN_POINT('',(-154.,62.,31.));
#16000 = SURFACE_CURVE('',#16001,(#16005,#16012),.PCURVE_S1.);
#16001 = LINE('',#16002,#16003);
#16002 = CARTESIAN_POINT('',(-154.,42.,31.));
#16003 = VECTOR('',#16004,1.);
#16004 = DIRECTION('',(0.,1.,0.));
#16005 = PCURVE('',#15978,#16006);
#16006 = DEFINITIONAL_REPRESENTATION('',(#16007),#16011);
#16007 = LINE('',#16008,#16009);
#16008 = CARTESIAN_POINT('',(0.,0.));
#16009 = VECTOR('',#16010,1.);
#16010 = DIRECTION('',(0.,-1.));
#16011 = ( GEOMETRIC_REPRESENTATION_CONTEXT(2)
PARAMETRIC_REPRESENTATION_CONTEXT() REPRESENTATION_CONTEXT('2D SPACE',''
  ) );
#16012 = PCURVE('',#15898,#16013);
#16013 = DEFINITIONAL_REPRESENTATION('',(#16014),#16018);
#16014 = LINE('',#16015,#16016);
#16015 = CARTESIAN_POINT('',(28.,0.));
#16016 = VECTOR('',#16017,1.);
#16017 = DIRECTION('',(0.,1.));
#16018 = ( GEOMETRIC_REPRESENTATION_CONTEXT(2)
PARAMETRIC_REPRESENTATION_CONTEXT() REPRESENTATION_CONTEXT('2D SPACE',''
  ) );
#16019 = ORIENTED_EDGE('',*,*,#16020,.T.);
#16020 = EDGE_CURVE('',#15998,#16021,#16023,.T.);
#16021 = VERTEX_POINT('',#16022);
#16022 = CARTESIAN_POINT('',(-154.,62.,39.));
#16023 = SURFACE_CURVE('',#16024,(#16028,#16035),.PCURVE_S1.);
#16024 = LINE('',#16025,#16026);
#16025 = CARTESIAN_POINT('',(-154.,62.,31.));
#16026 = VECTOR('',#16027,1.);
#16027 = DIRECTION('',(0.,0.,1.));
#16028 = PCURVE('',#15978,#16029);
#16029 = DEFINITIONAL_REPRESENTATION('',(#16030),#16034);
#16030 = LINE('',#16031,#16032);
#16031 = CARTESIAN_POINT('',(0.,-20.));
#16032 = VECTOR('',#16033,1.);
#16033 = DIRECTION('',(1.,0.));
#16034 = ( GEOMETRIC_REPRESENTATION_CONTEXT(2)
PARAMETRIC_REPRESENTATION_CONTEXT() REPRESENTATION_CONTEXT('2D SPACE',''
  ) );
#16035 = PCURVE('',#15926,#16036);
#16036 = DEFINITIONAL_REPRESENTATION('',(#16037),#16041);
#16037 = LINE('',#16038,#16039);
#16038 = CARTESIAN_POINT('',(0.,28.));
#16039 = VECTOR('',#16040,1.);
#16040 = DIRECTION('',(1.,0.));
#16041 = ( GEOMETRIC_REPRESENTATION_CONTEXT(2)
PARAMETRIC_REPRESENTATION_CONTEXT() REPRESENTATION_CONTEXT('2D SPACE',''
  ) );
#16042 = ORIENTED_EDGE('',*,*,#16043,.F.);
#16043 = EDGE_CURVE('',#15970,#16021,#16044,.T.);
#16044 = SURFACE_CURVE('',#16045,(#16049,#16056),.PCURVE_S1.);
#16045 = LINE('',#16046,#16047);
#16046 = CARTESIAN_POINT('',(-154.,42.,39.));
#16047 = VECTOR('',#16048,1.);
#16048 = DIRECTION('',(0.,1.,0.));
#16049 = PCURVE('',#15978,#16050);
#16050 = DEFINITIONAL_REPRESENTATION('',(#16051),#16055);
#16051 = LINE('',#16052,#16053);
#16052 = CARTESIAN_POINT('',(8.,0.));
#16053 = VECTOR('',#16054,1.);
#16054 = DIRECTION('',(0.,-1.));
#16055 = ( GEOMETRIC_REPRESENTATION_CONTEXT(2)
PARAMETRIC_REPRESENTATION_CONTEXT() REPRESENTATION_CONTEXT('2D SPACE',''
  ) );
#16056 = PCURVE('',#15952,#16057);
#16057 = DEFINITIONAL_REPRESENTATION('',(#16058),#16062);
#16058 = LINE('',#16059,#16060);
#16059 = CARTESIAN_POINT('',(28.,0.));
#16060 = VECTOR('',#16061,1.);
#16061 = DIRECTION('',(0.,1.));
#16062 = ( GEOMETRIC_REPRESENTATION_CONTEXT(2)
PARAMETRIC_REPRESENTATION_CONTEXT() REPRESENTATION_CONTEXT('2D SPACE',''
  ) );
#16063 = ADVANCED_FACE('',(#16064),#15870,.F.);
#16064 = FACE_BOUND('',#16065,.F.);
#16065 = EDGE_LOOP('',(#16066,#16087,#16088,#16109));
#16066 = ORIENTED_EDGE('',*,*,#16067,.F.);
#16067 = EDGE_CURVE('',#15848,#15968,#16068,.T.);
#16068 = SURFACE_CURVE('',#16069,(#16073,#16080),.PCURVE_S1.);
#16069 = LINE('',#16070,#16071);
#16070 = CARTESIAN_POINT('',(-182.,42.,31.));
#16071 = VECTOR('',#16072,1.);
#16072 = DIRECTION('',(1.,0.,0.));
#16073 = PCURVE('',#15870,#16074);
#16074 = DEFINITIONAL_REPRESENTATION('',(#16075),#16079);
#16075 = LINE('',#16076,#16077);
#16076 = CARTESIAN_POINT('',(0.,0.));
#16077 = VECTOR('',#16078,1.);
#16078 = DIRECTION('',(0.,1.));
#16079 = ( GEOMETRIC_REPRESENTATION_CONTEXT(2)
PARAMETRIC_REPRESENTATION_CONTEXT() REPRESENTATION_CONTEXT('2D SPACE',''
  ) );
#16080 = PCURVE('',#15898,#16081);
#16081 = DEFINITIONAL_REPRESENTATION('',(#16082),#16086);
#16082 = LINE('',#16083,#16084);
#16083 = CARTESIAN_POINT('',(0.,0.));
#16084 = VECTOR('',#16085,1.);
#16085 = DIRECTION('',(1.,0.));
#16086 = ( GEOMETRIC_REPRESENTATION_CONTEXT(2)
PARAMETRIC_REPRESENTATION_CONTEXT() REPRESENTATION_CONTEXT('2D SPACE',''
  ) );
#16087 = ORIENTED_EDGE('',*,*,#15847,.T.);
#16088 = ORIENTED_EDGE('',*,*,#16089,.T.);
#16089 = EDGE_CURVE('',#15850,#15970,#16090,.T.);
#16090 = SURFACE_CURVE('',#16091,(#16095,#16102),.PCURVE_S1.);
#16091 = LINE('',#16092,#16093);
#16092 = CARTESIAN_POINT('',(-182.,42.,39.));
#16093 = VECTOR('',#16094,1.);
#16094 = DIRECTION('',(1.,0.,0.));
#16095 = PCURVE('',#15870,#16096);
#16096 = DEFINITIONAL_REPRESENTATION('',(#16097),#16101);
#16097 = LINE('',#16098,#16099);
#16098 = CARTESIAN_POINT('',(8.,0.));
#16099 = VECTOR('',#16100,1.);
#16100 = DIRECTION('',(0.,1.));
#16101 = ( GEOMETRIC_REPRESENTATION_CONTEXT(2)
PARAMETRIC_REPRESENTATION_CONTEXT() REPRESENTATION_CONTEXT('2D SPACE',''
  ) );
#16102 = PCURVE('',#15952,#16103);
#16103 = DEFINITIONAL_REPRESENTATION('',(#16104),#16108);
#16104 = LINE('',#16105,#16106);
#16105 = CARTESIAN_POINT('',(0.,0.));
#16106 = VECTOR('',#16107,1.);
#16107 = DIRECTION('',(1.,0.));
#16108 = ( GEOMETRIC_REPRESENTATION_CONTEXT(2)
PARAMETRIC_REPRESENTATION_CONTEXT() REPRESENTATION_CONTEXT('2D SPACE',''
  ) );
#16109 = ORIENTED_EDGE('',*,*,#15967,.F.);
#16110 = ADVANCED_FACE('',(#16111),#15926,.T.);
#16111 = FACE_BOUND('',#16112,.T.);
#16112 = EDGE_LOOP('',(#16113,#16134,#16135,#16156));
#16113 = ORIENTED_EDGE('',*,*,#16114,.F.);
#16114 = EDGE_CURVE('',#15883,#15998,#16115,.T.);
#16115 = SURFACE_CURVE('',#16116,(#16120,#16127),.PCURVE_S1.);
#16116 = LINE('',#16117,#16118);
#16117 = CARTESIAN_POINT('',(-182.,62.,31.));
#16118 = VECTOR('',#16119,1.);
#16119 = DIRECTION('',(1.,0.,0.));
#16120 = PCURVE('',#15926,#16121);
#16121 = DEFINITIONAL_REPRESENTATION('',(#16122),#16126);
#16122 = LINE('',#16123,#16124);
#16123 = CARTESIAN_POINT('',(0.,0.));
#16124 = VECTOR('',#16125,1.);
#16125 = DIRECTION('',(0.,1.));
#16126 = ( GEOMETRIC_REPRESENTATION_CONTEXT(2)
PARAMETRIC_REPRESENTATION_CONTEXT() REPRESENTATION_CONTEXT('2D SPACE',''
  ) );
#16127 = PCURVE('',#15898,#16128);
#16128 = DEFINITIONAL_REPRESENTATION('',(#16129),#16133);
#16129 = LINE('',#16130,#16131);
#16130 = CARTESIAN_POINT('',(0.,20.));
#16131 = VECTOR('',#16132,1.);
#16132 = DIRECTION('',(1.,0.));
#16133 = ( GEOMETRIC_REPRESENTATION_CONTEXT(2)
PARAMETRIC_REPRESENTATION_CONTEXT() REPRESENTATION_CONTEXT('2D SPACE',''
  ) );
#16134 = ORIENTED_EDGE('',*,*,#15910,.T.);
#16135 = ORIENTED_EDGE('',*,*,#16136,.T.);
#16136 = EDGE_CURVE('',#15911,#16021,#16137,.T.);
#16137 = SURFACE_CURVE('',#16138,(#16142,#16149),.PCURVE_S1.);
#16138 = LINE('',#16139,#16140);
#16139 = CARTESIAN_POINT('',(-182.,62.,39.));
#16140 = VECTOR('',#16141,1.);
#16141 = DIRECTION('',(1.,0.,0.));
#16142 = PCURVE('',#15926,#16143);
#16143 = DEFINITIONAL_REPRESENTATION('',(#16144),#16148);
#16144 = LINE('',#16145,#16146);
#16145 = CARTESIAN_POINT('',(8.,0.));
#16146 = VECTOR('',#16147,1.);
#16147 = DIRECTION('',(0.,1.));
#16148 = ( GEOMETRIC_REPRESENTATION_CONTEXT(2)
PARAMETRIC_REPRESENTATION_CONTEXT() REPRESENTATION_CONTEXT('2D SPACE',''
  ) );
#16149 = PCURVE('',#15952,#16150);
#16150 = DEFINITIONAL_REPRESENTATION('',(#16151),#16155);
#16151 = LINE('',#16152,#16153);
#16152 = CARTESIAN_POINT('',(0.,20.));
#16153 = VECTOR('',#16154,1.);
#16154 = DIRECTION('',(1.,0.));
#16155 = ( GEOMETRIC_REPRESENTATION_CONTEXT(2)
PARAMETRIC_REPRESENTATION_CONTEXT() REPRESENTATION_CONTEXT('2D SPACE',''
  ) );
#16156 = ORIENTED_EDGE('',*,*,#16020,.F.);
#16157 = ADVANCED_FACE('',(#16158),#15898,.F.);
#16158 = FACE_BOUND('',#16159,.F.);
#16159 = EDGE_LOOP('',(#16160,#16161,#16162,#16163));
#16160 = ORIENTED_EDGE('',*,*,#15882,.F.);
#16161 = ORIENTED_EDGE('',*,*,#16067,.T.);
#16162 = ORIENTED_EDGE('',*,*,#15997,.T.);
#16163 = ORIENTED_EDGE('',*,*,#16114,.F.);
#16164 = ADVANCED_FACE('',(#16165),#15952,.T.);
#16165 = FACE_BOUND('',#16166,.T.);
#16166 = EDGE_LOOP('',(#16167,#16168,#16169,#16170));
#16167 = ORIENTED_EDGE('',*,*,#15938,.F.);
#16168 = ORIENTED_EDGE('',*,*,#16089,.T.);
#16169 = ORIENTED_EDGE('',*,*,#16043,.T.);
#16170 = ORIENTED_EDGE('',*,*,#16136,.F.);
#16171 = ( GEOMETRIC_REPRESENTATION_CONTEXT(3)
GLOBAL_UNCERTAINTY_ASSIGNED_CONTEXT((#16175))
GLOBAL_UNIT_ASSIGNED_CONTEXT((#16172,#16173,#16174))
REPRESENTATION_CONTEXT('Context #1',
  '3D Context with UNIT and UNCERTAINTY') );
#16172 = ( LENGTH_UNIT() NAMED_UNIT(*) SI_UNIT(.MILLI.,.METRE.) );
#16173 = ( NAMED_UNIT(*) PLANE_ANGLE_UNIT() SI_UNIT($,.RADIAN.) );
#16174 = ( NAMED_UNIT(*) SI_UNIT($,.STERADIAN.) SOLID_ANGLE_UNIT() );
#16175 = UNCERTAINTY_MEASURE_WITH_UNIT(LENGTH_MEASURE(1.E-07),#16172,
  'distance_accuracy_value','confusion accuracy');
#16176 = CONTEXT_DEPENDENT_SHAPE_REPRESENTATION(#16177,#16179);
#16177 = ( REPRESENTATION_RELATIONSHIP('','',#15840,#10)
REPRESENTATION_RELATIONSHIP_WITH_TRANSFORMATION(#16178)
SHAPE_REPRESENTATION_RELATIONSHIP() );
#16178 = ITEM_DEFINED_TRANSFORMATION('','',#11,#143);
#16179 = PRODUCT_DEFINITION_SHAPE('Placement','Placement of an item',
  #16180);
#16180 = NEXT_ASSEMBLY_USAGE_OCCURRENCE('33','','',#5,#15835,$);
#16181 = PRODUCT_RELATED_PRODUCT_CATEGORY('part',$,(#15837));
#16182 = SHAPE_DEFINITION_REPRESENTATION(#16183,#16189);
#16183 = PRODUCT_DEFINITION_SHAPE('','',#16184);
#16184 = PRODUCT_DEFINITION('design','',#16185,#16188);
#16185 = PRODUCT_DEFINITION_FORMATION('','',#16186);
#16186 = PRODUCT('Open CASCADE STEP translator 7.8 20.34',
  'Open CASCADE STEP translator 7.8 20.34','',(#16187));
#16187 = PRODUCT_CONTEXT('',#2,'mechanical');
#16188 = PRODUCT_DEFINITION_CONTEXT('part definition',#2,'design');
#16189 = ADVANCED_BREP_SHAPE_REPRESENTATION('',(#11,#16190),#16343);
#16190 = MANIFOLD_SOLID_BREP('',#16191);
#16191 = CLOSED_SHELL('',(#16192,#16280,#16335,#16339));
#16192 = ADVANCED_FACE('',(#16193),#16207,.T.);
#16193 = FACE_BOUND('',#16194,.F.);
#16194 = EDGE_LOOP('',(#16195,#16225,#16252,#16253));
#16195 = ORIENTED_EDGE('',*,*,#16196,.T.);
#16196 = EDGE_CURVE('',#16197,#16199,#16201,.T.);
#16197 = VERTEX_POINT('',#16198);
#16198 = CARTESIAN_POINT('',(-177.,40.,35.));
#16199 = VERTEX_POINT('',#16200);
#16200 = CARTESIAN_POINT('',(-177.,17.5,35.));
#16201 = SEAM_CURVE('',#16202,(#16206,#16218),.PCURVE_S1.);
#16202 = LINE('',#16203,#16204);
#16203 = CARTESIAN_POINT('',(-177.,40.,35.));
#16204 = VECTOR('',#16205,1.);
#16205 = DIRECTION('',(0.,-1.,0.));
#16206 = PCURVE('',#16207,#16212);
#16207 = CYLINDRICAL_SURFACE('',#16208,8.);
#16208 = AXIS2_PLACEMENT_3D('',#16209,#16210,#16211);
#16209 = CARTESIAN_POINT('',(-185.,40.,35.));
#16210 = DIRECTION('',(-0.,1.,-0.));
#16211 = DIRECTION('',(1.,0.,0.));
#16212 = DEFINITIONAL_REPRESENTATION('',(#16213),#16217);
#16213 = LINE('',#16214,#16215);
#16214 = CARTESIAN_POINT('',(-0.,0.));
#16215 = VECTOR('',#16216,1.);
#16216 = DIRECTION('',(-0.,-1.));
#16217 = ( GEOMETRIC_REPRESENTATION_CONTEXT(2)
PARAMETRIC_REPRESENTATION_CONTEXT() REPRESENTATION_CONTEXT('2D SPACE',''
  ) );
#16218 = PCURVE('',#16207,#16219);
#16219 = DEFINITIONAL_REPRESENTATION('',(#16220),#16224);
#16220 = LINE('',#16221,#16222);
#16221 = CARTESIAN_POINT('',(-6.28318530718,0.));
#16222 = VECTOR('',#16223,1.);
#16223 = DIRECTION('',(-0.,-1.));
#16224 = ( GEOMETRIC_REPRESENTATION_CONTEXT(2)
PARAMETRIC_REPRESENTATION_CONTEXT() REPRESENTATION_CONTEXT('2D SPACE',''
  ) );
#16225 = ORIENTED_EDGE('',*,*,#16226,.T.);
#16226 = EDGE_CURVE('',#16199,#16199,#16227,.T.);
#16227 = SURFACE_CURVE('',#16228,(#16233,#16240),.PCURVE_S1.);
#16228 = CIRCLE('',#16229,8.);
#16229 = AXIS2_PLACEMENT_3D('',#16230,#16231,#16232);
#16230 = CARTESIAN_POINT('',(-185.,17.5,35.));
#16231 = DIRECTION('',(0.,-1.,0.));
#16232 = DIRECTION('',(1.,0.,0.));
#16233 = PCURVE('',#16207,#16234);
#16234 = DEFINITIONAL_REPRESENTATION('',(#16235),#16239);
#16235 = LINE('',#16236,#16237);
#16236 = CARTESIAN_POINT('',(-0.,-22.5));
#16237 = VECTOR('',#16238,1.);
#16238 = DIRECTION('',(-1.,0.));
#16239 = ( GEOMETRIC_REPRESENTATION_CONTEXT(2)
PARAMETRIC_REPRESENTATION_CONTEXT() REPRESENTATION_CONTEXT('2D SPACE',''
  ) );
#16240 = PCURVE('',#16241,#16246);
#16241 = PLANE('',#16242);
#16242 = AXIS2_PLACEMENT_3D('',#16243,#16244,#16245);
#16243 = CARTESIAN_POINT('',(-185.,17.5,35.));
#16244 = DIRECTION('',(-0.,-1.,-0.));
#16245 = DIRECTION('',(0.,0.,-1.));
#16246 = DEFINITIONAL_REPRESENTATION('',(#16247),#16251);
#16247 = CIRCLE('',#16248,8.);
#16248 = AXIS2_PLACEMENT_2D('',#16249,#16250);
#16249 = CARTESIAN_POINT('',(0.,0.));
#16250 = DIRECTION('',(0.,1.));
#16251 = ( GEOMETRIC_REPRESENTATION_CONTEXT(2)
PARAMETRIC_REPRESENTATION_CONTEXT() REPRESENTATION_CONTEXT('2D SPACE',''
  ) );
#16252 = ORIENTED_EDGE('',*,*,#16196,.F.);
#16253 = ORIENTED_EDGE('',*,*,#16254,.F.);
#16254 = EDGE_CURVE('',#16197,#16197,#16255,.T.);
#16255 = SURFACE_CURVE('',#16256,(#16261,#16268),.PCURVE_S1.);
#16256 = CIRCLE('',#16257,8.);
#16257 = AXIS2_PLACEMENT_3D('',#16258,#16259,#16260);
#16258 = CARTESIAN_POINT('',(-185.,40.,35.));
#16259 = DIRECTION('',(0.,-1.,0.));
#16260 = DIRECTION('',(1.,0.,0.));
#16261 = PCURVE('',#16207,#16262);
#16262 = DEFINITIONAL_REPRESENTATION('',(#16263),#16267);
#16263 = LINE('',#16264,#16265);
#16264 = CARTESIAN_POINT('',(-0.,0.));
#16265 = VECTOR('',#16266,1.);
#16266 = DIRECTION('',(-1.,0.));
#16267 = ( GEOMETRIC_REPRESENTATION_CONTEXT(2)
PARAMETRIC_REPRESENTATION_CONTEXT() REPRESENTATION_CONTEXT('2D SPACE',''
  ) );
#16268 = PCURVE('',#16269,#16274);
#16269 = CYLINDRICAL_SURFACE('',#16270,8.);
#16270 = AXIS2_PLACEMENT_3D('',#16271,#16272,#16273);
#16271 = CARTESIAN_POINT('',(-185.,40.,35.));
#16272 = DIRECTION('',(0.,-1.,0.));
#16273 = DIRECTION('',(1.,0.,0.));
#16274 = DEFINITIONAL_REPRESENTATION('',(#16275),#16279);
#16275 = LINE('',#16276,#16277);
#16276 = CARTESIAN_POINT('',(0.,0.));
#16277 = VECTOR('',#16278,1.);
#16278 = DIRECTION('',(1.,0.));
#16279 = ( GEOMETRIC_REPRESENTATION_CONTEXT(2)
PARAMETRIC_REPRESENTATION_CONTEXT() REPRESENTATION_CONTEXT('2D SPACE',''
  ) );
#16280 = ADVANCED_FACE('',(#16281),#16269,.T.);
#16281 = FACE_BOUND('',#16282,.T.);
#16282 = EDGE_LOOP('',(#16283,#16306,#16333,#16334));
#16283 = ORIENTED_EDGE('',*,*,#16284,.T.);
#16284 = EDGE_CURVE('',#16197,#16285,#16287,.T.);
#16285 = VERTEX_POINT('',#16286);
#16286 = CARTESIAN_POINT('',(-177.,62.5,35.));
#16287 = SEAM_CURVE('',#16288,(#16292,#16299),.PCURVE_S1.);
#16288 = LINE('',#16289,#16290);
#16289 = CARTESIAN_POINT('',(-177.,40.,35.));
#16290 = VECTOR('',#16291,1.);
#16291 = DIRECTION('',(-0.,1.,-0.));
#16292 = PCURVE('',#16269,#16293);
#16293 = DEFINITIONAL_REPRESENTATION('',(#16294),#16298);
#16294 = LINE('',#16295,#16296);
#16295 = CARTESIAN_POINT('',(0.,0.));
#16296 = VECTOR('',#16297,1.);
#16297 = DIRECTION('',(0.,-1.));
#16298 = ( GEOMETRIC_REPRESENTATION_CONTEXT(2)
PARAMETRIC_REPRESENTATION_CONTEXT() REPRESENTATION_CONTEXT('2D SPACE',''
  ) );
#16299 = PCURVE('',#16269,#16300);
#16300 = DEFINITIONAL_REPRESENTATION('',(#16301),#16305);
#16301 = LINE('',#16302,#16303);
#16302 = CARTESIAN_POINT('',(6.28318530718,0.));
#16303 = VECTOR('',#16304,1.);
#16304 = DIRECTION('',(0.,-1.));
#16305 = ( GEOMETRIC_REPRESENTATION_CONTEXT(2)
PARAMETRIC_REPRESENTATION_CONTEXT() REPRESENTATION_CONTEXT('2D SPACE',''
  ) );
#16306 = ORIENTED_EDGE('',*,*,#16307,.T.);
#16307 = EDGE_CURVE('',#16285,#16285,#16308,.T.);
#16308 = SURFACE_CURVE('',#16309,(#16314,#16321),.PCURVE_S1.);
#16309 = CIRCLE('',#16310,8.);
#16310 = AXIS2_PLACEMENT_3D('',#16311,#16312,#16313);
#16311 = CARTESIAN_POINT('',(-185.,62.5,35.));
#16312 = DIRECTION('',(0.,-1.,0.));
#16313 = DIRECTION('',(1.,0.,0.));
#16314 = PCURVE('',#16269,#16315);
#16315 = DEFINITIONAL_REPRESENTATION('',(#16316),#16320);
#16316 = LINE('',#16317,#16318);
#16317 = CARTESIAN_POINT('',(0.,-22.5));
#16318 = VECTOR('',#16319,1.);
#16319 = DIRECTION('',(1.,0.));
#16320 = ( GEOMETRIC_REPRESENTATION_CONTEXT(2)
PARAMETRIC_REPRESENTATION_CONTEXT() REPRESENTATION_CONTEXT('2D SPACE',''
  ) );
#16321 = PCURVE('',#16322,#16327);
#16322 = PLANE('',#16323);
#16323 = AXIS2_PLACEMENT_3D('',#16324,#16325,#16326);
#16324 = CARTESIAN_POINT('',(-185.,62.5,35.));
#16325 = DIRECTION('',(-0.,-1.,-0.));
#16326 = DIRECTION('',(0.,0.,-1.));
#16327 = DEFINITIONAL_REPRESENTATION('',(#16328),#16332);
#16328 = CIRCLE('',#16329,8.);
#16329 = AXIS2_PLACEMENT_2D('',#16330,#16331);
#16330 = CARTESIAN_POINT('',(0.,0.));
#16331 = DIRECTION('',(0.,1.));
#16332 = ( GEOMETRIC_REPRESENTATION_CONTEXT(2)
PARAMETRIC_REPRESENTATION_CONTEXT() REPRESENTATION_CONTEXT('2D SPACE',''
  ) );
#16333 = ORIENTED_EDGE('',*,*,#16284,.F.);
#16334 = ORIENTED_EDGE('',*,*,#16254,.F.);
#16335 = ADVANCED_FACE('',(#16336),#16241,.T.);
#16336 = FACE_BOUND('',#16337,.T.);
#16337 = EDGE_LOOP('',(#16338));
#16338 = ORIENTED_EDGE('',*,*,#16226,.T.);
#16339 = ADVANCED_FACE('',(#16340),#16322,.F.);
#16340 = FACE_BOUND('',#16341,.F.);
#16341 = EDGE_LOOP('',(#16342));
#16342 = ORIENTED_EDGE('',*,*,#16307,.T.);
#16343 = ( GEOMETRIC_REPRESENTATION_CONTEXT(3)
GLOBAL_UNCERTAINTY_ASSIGNED_CONTEXT((#16347))
GLOBAL_UNIT_ASSIGNED_CONTEXT((#16344,#16345,#16346))
REPRESENTATION_CONTEXT('Context #1',
  '3D Context with UNIT and UNCERTAINTY') );
#16344 = ( LENGTH_UNIT() NAMED_UNIT(*) SI_UNIT(.MILLI.,.METRE.) );
#16345 = ( NAMED_UNIT(*) PLANE_ANGLE_UNIT() SI_UNIT($,.RADIAN.) );
#16346 = ( NAMED_UNIT(*) SI_UNIT($,.STERADIAN.) SOLID_ANGLE_UNIT() );
#16347 = UNCERTAINTY_MEASURE_WITH_UNIT(LENGTH_MEASURE(1.E-07),#16344,
  'distance_accuracy_value','confusion accuracy');
#16348 = CONTEXT_DEPENDENT_SHAPE_REPRESENTATION(#16349,#16351);
#16349 = ( REPRESENTATION_RELATIONSHIP('','',#16189,#10)
REPRESENTATION_RELATIONSHIP_WITH_TRANSFORMATION(#16350)
SHAPE_REPRESENTATION_RELATIONSHIP() );
#16350 = ITEM_DEFINED_TRANSFORMATION('','',#11,#147);
#16351 = PRODUCT_DEFINITION_SHAPE('Placement','Placement of an item',
  #16352);
#16352 = NEXT_ASSEMBLY_USAGE_OCCURRENCE('34','','',#5,#16184,$);
#16353 = PRODUCT_RELATED_PRODUCT_CATEGORY('part',$,(#16186));
#16354 = SHAPE_DEFINITION_REPRESENTATION(#16355,#16361);
#16355 = PRODUCT_DEFINITION_SHAPE('','',#16356);
#16356 = PRODUCT_DEFINITION('design','',#16357,#16360);
#16357 = PRODUCT_DEFINITION_FORMATION('','',#16358);
#16358 = PRODUCT('Open CASCADE STEP translator 7.8 20.35',
  'Open CASCADE STEP translator 7.8 20.35','',(#16359));
#16359 = PRODUCT_CONTEXT('',#2,'mechanical');
#16360 = PRODUCT_DEFINITION_CONTEXT('part definition',#2,'design');
#16361 = ADVANCED_BREP_SHAPE_REPRESENTATION('',(#11,#16362),#16460);
#16362 = MANIFOLD_SOLID_BREP('',#16363);
#16363 = CLOSED_SHELL('',(#16364,#16452,#16456));
#16364 = ADVANCED_FACE('',(#16365),#16379,.T.);
#16365 = FACE_BOUND('',#16366,.F.);
#16366 = EDGE_LOOP('',(#16367,#16397,#16424,#16425));
#16367 = ORIENTED_EDGE('',*,*,#16368,.T.);
#16368 = EDGE_CURVE('',#16369,#16371,#16373,.T.);
#16369 = VERTEX_POINT('',#16370);
#16370 = CARTESIAN_POINT('',(-185.,-13.,70.));
#16371 = VERTEX_POINT('',#16372);
#16372 = CARTESIAN_POINT('',(-245.,-13.,70.));
#16373 = SEAM_CURVE('',#16374,(#16378,#16390),.PCURVE_S1.);
#16374 = LINE('',#16375,#16376);
#16375 = CARTESIAN_POINT('',(-185.,-13.,70.));
#16376 = VECTOR('',#16377,1.);
#16377 = DIRECTION('',(-1.,1.224646799147E-16,0.));
#16378 = PCURVE('',#16379,#16384);
#16379 = CYLINDRICAL_SURFACE('',#16380,3.);
#16380 = AXIS2_PLACEMENT_3D('',#16381,#16382,#16383);
#16381 = CARTESIAN_POINT('',(-185.,-10.,70.));
#16382 = DIRECTION('',(1.,-1.224646799147E-16,-0.));
#16383 = DIRECTION('',(-1.224646799147E-16,-1.,0.));
#16384 = DEFINITIONAL_REPRESENTATION('',(#16385),#16389);
#16385 = LINE('',#16386,#16387);
#16386 = CARTESIAN_POINT('',(-0.,0.));
#16387 = VECTOR('',#16388,1.);
#16388 = DIRECTION('',(-0.,-1.));
#16389 = ( GEOMETRIC_REPRESENTATION_CONTEXT(2)
PARAMETRIC_REPRESENTATION_CONTEXT() REPRESENTATION_CONTEXT('2D SPACE',''
  ) );
#16390 = PCURVE('',#16379,#16391);
#16391 = DEFINITIONAL_REPRESENTATION('',(#16392),#16396);
#16392 = LINE('',#16393,#16394);
#16393 = CARTESIAN_POINT('',(-6.28318530718,0.));
#16394 = VECTOR('',#16395,1.);
#16395 = DIRECTION('',(-0.,-1.));
#16396 = ( GEOMETRIC_REPRESENTATION_CONTEXT(2)
PARAMETRIC_REPRESENTATION_CONTEXT() REPRESENTATION_CONTEXT('2D SPACE',''
  ) );
#16397 = ORIENTED_EDGE('',*,*,#16398,.T.);
#16398 = EDGE_CURVE('',#16371,#16371,#16399,.T.);
#16399 = SURFACE_CURVE('',#16400,(#16405,#16412),.PCURVE_S1.);
#16400 = CIRCLE('',#16401,3.);
#16401 = AXIS2_PLACEMENT_3D('',#16402,#16403,#16404);
#16402 = CARTESIAN_POINT('',(-245.,-10.,70.));
#16403 = DIRECTION('',(-1.,1.224646799147E-16,0.));
#16404 = DIRECTION('',(-1.224646799147E-16,-1.,0.));
#16405 = PCURVE('',#16379,#16406);
#16406 = DEFINITIONAL_REPRESENTATION('',(#16407),#16411);
#16407 = LINE('',#16408,#16409);
#16408 = CARTESIAN_POINT('',(-0.,-60.));
#16409 = VECTOR('',#16410,1.);
#16410 = DIRECTION('',(-1.,0.));
#16411 = ( GEOMETRIC_REPRESENTATION_CONTEXT(2)
PARAMETRIC_REPRESENTATION_CONTEXT() REPRESENTATION_CONTEXT('2D SPACE',''
  ) );
#16412 = PCURVE('',#16413,#16418);
#16413 = PLANE('',#16414);
#16414 = AXIS2_PLACEMENT_3D('',#16415,#16416,#16417);
#16415 = CARTESIAN_POINT('',(-245.,-10.,70.));
#16416 = DIRECTION('',(-1.,1.224646799147E-16,0.));
#16417 = DIRECTION('',(0.,0.,1.));
#16418 = DEFINITIONAL_REPRESENTATION('',(#16419),#16423);
#16419 = CIRCLE('',#16420,3.);
#16420 = AXIS2_PLACEMENT_2D('',#16421,#16422);
#16421 = CARTESIAN_POINT('',(0.,0.));
#16422 = DIRECTION('',(0.,-1.));
#16423 = ( GEOMETRIC_REPRESENTATION_CONTEXT(2)
PARAMETRIC_REPRESENTATION_CONTEXT() REPRESENTATION_CONTEXT('2D SPACE',''
  ) );
#16424 = ORIENTED_EDGE('',*,*,#16368,.F.);
#16425 = ORIENTED_EDGE('',*,*,#16426,.F.);
#16426 = EDGE_CURVE('',#16369,#16369,#16427,.T.);
#16427 = SURFACE_CURVE('',#16428,(#16433,#16440),.PCURVE_S1.);
#16428 = CIRCLE('',#16429,3.);
#16429 = AXIS2_PLACEMENT_3D('',#16430,#16431,#16432);
#16430 = CARTESIAN_POINT('',(-185.,-10.,70.));
#16431 = DIRECTION('',(-1.,1.224646799147E-16,0.));
#16432 = DIRECTION('',(-1.224646799147E-16,-1.,0.));
#16433 = PCURVE('',#16379,#16434);
#16434 = DEFINITIONAL_REPRESENTATION('',(#16435),#16439);
#16435 = LINE('',#16436,#16437);
#16436 = CARTESIAN_POINT('',(-0.,0.));
#16437 = VECTOR('',#16438,1.);
#16438 = DIRECTION('',(-1.,0.));
#16439 = ( GEOMETRIC_REPRESENTATION_CONTEXT(2)
PARAMETRIC_REPRESENTATION_CONTEXT() REPRESENTATION_CONTEXT('2D SPACE',''
  ) );
#16440 = PCURVE('',#16441,#16446);
#16441 = PLANE('',#16442);
#16442 = AXIS2_PLACEMENT_3D('',#16443,#16444,#16445);
#16443 = CARTESIAN_POINT('',(-185.,-10.,70.));
#16444 = DIRECTION('',(-1.,1.224646799147E-16,0.));
#16445 = DIRECTION('',(0.,0.,1.));
#16446 = DEFINITIONAL_REPRESENTATION('',(#16447),#16451);
#16447 = CIRCLE('',#16448,3.);
#16448 = AXIS2_PLACEMENT_2D('',#16449,#16450);
#16449 = CARTESIAN_POINT('',(0.,0.));
#16450 = DIRECTION('',(0.,-1.));
#16451 = ( GEOMETRIC_REPRESENTATION_CONTEXT(2)
PARAMETRIC_REPRESENTATION_CONTEXT() REPRESENTATION_CONTEXT('2D SPACE',''
  ) );
#16452 = ADVANCED_FACE('',(#16453),#16441,.F.);
#16453 = FACE_BOUND('',#16454,.F.);
#16454 = EDGE_LOOP('',(#16455));
#16455 = ORIENTED_EDGE('',*,*,#16426,.T.);
#16456 = ADVANCED_FACE('',(#16457),#16413,.T.);
#16457 = FACE_BOUND('',#16458,.T.);
#16458 = EDGE_LOOP('',(#16459));
#16459 = ORIENTED_EDGE('',*,*,#16398,.T.);
#16460 = ( GEOMETRIC_REPRESENTATION_CONTEXT(3)
GLOBAL_UNCERTAINTY_ASSIGNED_CONTEXT((#16464))
GLOBAL_UNIT_ASSIGNED_CONTEXT((#16461,#16462,#16463))
REPRESENTATION_CONTEXT('Context #1',
  '3D Context with UNIT and UNCERTAINTY') );
#16461 = ( LENGTH_UNIT() NAMED_UNIT(*) SI_UNIT(.MILLI.,.METRE.) );
#16462 = ( NAMED_UNIT(*) PLANE_ANGLE_UNIT() SI_UNIT($,.RADIAN.) );
#16463 = ( NAMED_UNIT(*) SI_UNIT($,.STERADIAN.) SOLID_ANGLE_UNIT() );
#16464 = UNCERTAINTY_MEASURE_WITH_UNIT(LENGTH_MEASURE(1.E-07),#16461,
  'distance_accuracy_value','confusion accuracy');
#16465 = CONTEXT_DEPENDENT_SHAPE_REPRESENTATION(#16466,#16468);
#16466 = ( REPRESENTATION_RELATIONSHIP('','',#16361,#10)
REPRESENTATION_RELATIONSHIP_WITH_TRANSFORMATION(#16467)
SHAPE_REPRESENTATION_RELATIONSHIP() );
#16467 = ITEM_DEFINED_TRANSFORMATION('','',#11,#151);
#16468 = PRODUCT_DEFINITION_SHAPE('Placement','Placement of an item',
  #16469);
#16469 = NEXT_ASSEMBLY_USAGE_OCCURRENCE('35','','',#5,#16356,$);
#16470 = PRODUCT_RELATED_PRODUCT_CATEGORY('part',$,(#16358));
ENDSEC;
END-ISO-10303-21;
